amco,amco_year,year,houses,households,male_heads,female_heads,male_singles,female_singles,dec,pop_31_12,households_imputed,households_int,households_prd,municipality
10007,10007_1849,1849,481,662,,,,,1850,,FALSE,662,,Vaals
10007,10007_1850,1850,,,,,,,1850,,TRUE,662,,Vaals
10007,10007_1851,1851,,665,,,,,1850,3274,TRUE,663,665,Vaals
10007,10007_1852,1852,,662,,,,,1850,3258,TRUE,664,662,Vaals
10007,10007_1853,1853,,664,,,,,1850,3268,TRUE,665,664,Vaals
10007,10007_1854,1854,,664,,,,,1850,3268,TRUE,666,664,Vaals
10007,10007_1855,1855,,660,,,,,1860,3249,TRUE,666,660,Vaals
10007,10007_1856,1856,,656,,,,,1860,3232,TRUE,667,656,Vaals
10007,10007_1857,1857,,647,,,,,1860,3188,TRUE,668,647,Vaals
10007,10007_1858,1858,,654,,,,,1860,3223,TRUE,669,654,Vaals
10007,10007_1859,1859,474,670,,,,,1860,3595,FALSE,670,731,Vaals
10007,10007_1860,1860,,738,,,,,1860,3626,TRUE,673,738,Vaals
10007,10007_1861,1861,,741,,,,,1860,3640,TRUE,677,741,Vaals
10007,10007_1862,1862,,748,,,,,1860,3673,TRUE,680,748,Vaals
10007,10007_1863,1863,,747,,,,,1860,3670,TRUE,684,747,Vaals
10007,10007_1864,1864,,749,,,,,1860,3681,TRUE,687,749,Vaals
10007,10007_1865,1865,,752,,,,,1860,3693,TRUE,691,752,Vaals
10007,10007_1866,1866,,756,,,,,1870,3712,TRUE,694,756,Vaals
10007,10007_1867,1867,,761,,,,,1870,3739,TRUE,698,761,Vaals
10007,10007_1868,1868,,774,,,,,1870,3801,TRUE,701,774,Vaals
10007,10007_1869,1869,512,705,,,,,1870,3844,FALSE,705,783,Vaals
10007,10007_1870,1870,,788,,,,,1870,3867,TRUE,715,788,Vaals
10007,10007_1871,1871,,798,,,,,1870,3916,TRUE,726,798,Vaals
10007,10007_1872,1872,,820,,,,,1870,4021,TRUE,736,820,Vaals
10007,10007_1873,1873,,836,,,,,1870,4098,TRUE,747,836,Vaals
10007,10007_1874,1874,,848,,,,,1870,4157,TRUE,758,848,Vaals
10007,10007_1875,1875,,874,,,,,1880,4283,TRUE,768,874,Vaals
10007,10007_1876,1876,,891,,,,,1880,4365,TRUE,779,891,Vaals
10007,10007_1877,1877,,917,,,,,1880,4489,TRUE,789,917,Vaals
10007,10007_1878,1878,,923,,,,,1880,4519,TRUE,800,923,Vaals
10007,10007_1879,1879,582,811,719,92,42,46,1880,4365,FALSE,811,891,Vaals
10007,10007_1880,1880,,905,,,,,1880,4434,TRUE,829,905,Vaals
10007,10007_1881,1881,,917,,,,,1880,4491,TRUE,847,917,Vaals
10007,10007_1882,1882,,926,,,,,1880,4536,TRUE,866,926,Vaals
10007,10007_1883,1883,,935,,,,,1880,4578,TRUE,884,935,Vaals
10007,10007_1884,1884,,951,,,,,1880,4656,TRUE,902,951,Vaals
10007,10007_1885,1885,,966,,,,,1880,4726,TRUE,921,966,Vaals
10007,10007_1886,1886,,981,,,,,1890,4799,TRUE,939,981,Vaals
10007,10007_1887,1887,,993,,,,,1890,4860,TRUE,957,993,Vaals
10007,10007_1888,1888,,996,,,,,1890,4872,TRUE,976,996,Vaals
10007,10007_1889,1889,,990,,,,,1890,4845,TRUE,994,990,Vaals
10007,10007_1890,1890,,1009,,,,,1890,4937,TRUE,1012,1009,Vaals
10007,10007_1891,1891,,1037,,,,,1890,5072,TRUE,1031,1037,Vaals
10007,10007_1892,1892,,1048,,,,,1890,5124,TRUE,1049,1048,Vaals
10007,10007_1893,1893,,1081,,,,,1890,5282,TRUE,1067,1081,Vaals
10007,10007_1894,1894,,1109,,,,,1890,5416,TRUE,1086,1109,Vaals
10007,10007_1895,1895,,1141,,,,,1900,5574,TRUE,1104,1141,Vaals
10007,10007_1896,1896,,1183,,,,,1900,5776,TRUE,1122,1183,Vaals
10007,10007_1897,1897,,1220,,,,,1900,5953,TRUE,1141,1220,Vaals
10007,10007_1898,1898,,1257,,,,,1900,6134,TRUE,1159,1257,Vaals
10007,10007_1899,1899,733,1178,1030,148,99,133,1900,6358,FALSE,1178,1304,Vaals
10007,10007_1900,1900,,1343,,,,,1900,6547,TRUE,,1343,Vaals
10007,10007_1901,1901,,1376,,,,,1900,6705,TRUE,,1376,Vaals
10007,10007_1902,1902,,1421,,,,,1900,6925,TRUE,,1421,Vaals
10007,10007_1903,1903,,1498,,,,,1900,7298,TRUE,,1498,Vaals
10007,10007_1904,1904,,1524,,,,,1900,7419,TRUE,,1524,Vaals
10007,10007_1905,1905,,1536,,,,,1900,7477,TRUE,,1536,Vaals
10007,10007_1906,1906,,1566,,,,,1910,7624,TRUE,,1566,Vaals
10007,10007_1907,1907,,1616,,,,,1910,7863,TRUE,,1616,Vaals
10007,10007_1908,1908,,1640,,,,,1910,7983,TRUE,,1640,Vaals
10007,10007_1909,1909,894,1543,,,,,1910,7514,TRUE,,1543,Vaals
10007,10007_1910,1910,,1591,,,,,1910,7746,TRUE,,1591,Vaals
10007,10007_1911,1911,,1583,,,,,1910,7706,TRUE,,1583,Vaals
10007,10007_1912,1912,,1628,,,,,1910,7925,TRUE,,1628,Vaals
10007,10007_1913,1913,,1658,,,,,1910,8069,TRUE,,1658,Vaals
10007,10007_1914,1914,,1706,,,,,1910,8299,TRUE,,1706,Vaals
10007,10007_1915,1915,,1754,,,,,1920,8530,TRUE,,1754,Vaals
10007,10007_1916,1916,,1797,,,,,1920,8741,TRUE,,1797,Vaals
10007,10007_1917,1917,,1846,,,,,1920,8977,TRUE,,1846,Vaals
10007,10007_1918,1918,,1849,,,,,1920,8989,TRUE,,1849,Vaals
10007,10007_1919,1919,,1777,,,,,1920,8641,TRUE,,1777,Vaals
10007,10007_1920,1920,852,1609,,,,,1920,7831,TRUE,,1609,Vaals
10007,10007_1921,1921,,1589,,,,,1920,7736,TRUE,,1589,Vaals
10030,10030_1849,1849,220,321,,,,,1850,,FALSE,321,,Brouwershaven
10030,10030_1850,1850,,,,,,,1850,,TRUE,322,,Brouwershaven
10030,10030_1851,1851,,298,,,,,1850,1505,TRUE,324,298,Brouwershaven
10030,10030_1852,1852,,305,,,,,1850,1538,TRUE,325,305,Brouwershaven
10030,10030_1853,1853,,303,,,,,1850,1527,TRUE,327,303,Brouwershaven
10030,10030_1854,1854,,304,,,,,1850,1532,TRUE,328,304,Brouwershaven
10030,10030_1855,1855,,302,,,,,1860,1523,TRUE,330,302,Brouwershaven
10030,10030_1856,1856,,298,,,,,1860,1501,TRUE,331,298,Brouwershaven
10030,10030_1857,1857,,299,,,,,1860,1509,TRUE,333,299,Brouwershaven
10030,10030_1858,1858,,304,,,,,1860,1530,TRUE,334,304,Brouwershaven
10030,10030_1859,1859,271,336,,,,,1860,1568,FALSE,336,311,Brouwershaven
10030,10030_1860,1860,,323,,,,,1860,1623,TRUE,335,323,Brouwershaven
10030,10030_1861,1861,,332,,,,,1860,1668,TRUE,334,332,Brouwershaven
10030,10030_1862,1862,,333,,,,,1860,1672,TRUE,333,333,Brouwershaven
10030,10030_1863,1863,,347,,,,,1860,1742,TRUE,332,347,Brouwershaven
10030,10030_1864,1864,,347,,,,,1860,1740,TRUE,331,347,Brouwershaven
10030,10030_1865,1865,,350,,,,,1860,1753,TRUE,330,350,Brouwershaven
10030,10030_1866,1866,,348,,,,,1870,1743,TRUE,329,348,Brouwershaven
10030,10030_1867,1867,,350,,,,,1870,1752,TRUE,328,350,Brouwershaven
10030,10030_1868,1868,,351,,,,,1870,1760,TRUE,327,351,Brouwershaven
10030,10030_1869,1869,602,327,,,,,1870,1743,FALSE,327,348,Brouwershaven
10030,10030_1870,1870,,360,,,,,1870,1803,TRUE,328,360,Brouwershaven
10030,10030_1871,1871,,364,,,,,1870,1822,TRUE,330,364,Brouwershaven
10030,10030_1872,1872,,369,,,,,1870,1847,TRUE,332,369,Brouwershaven
10030,10030_1873,1873,,384,,,,,1870,1918,TRUE,333,384,Brouwershaven
10030,10030_1874,1874,,387,,,,,1870,1933,TRUE,335,387,Brouwershaven
10030,10030_1875,1875,,385,,,,,1880,1921,TRUE,337,385,Brouwershaven
10030,10030_1876,1876,,381,,,,,1880,1905,TRUE,338,381,Brouwershaven
10030,10030_1877,1877,,378,,,,,1880,1890,TRUE,340,378,Brouwershaven
10030,10030_1878,1878,,373,,,,,1880,1866,TRUE,342,373,Brouwershaven
10030,10030_1879,1879,336,344,321,23,4,15,1880,1778,FALSE,344,355,Brouwershaven
10030,10030_1880,1880,,362,,,,,1880,1814,TRUE,338,362,Brouwershaven
10030,10030_1881,1881,,366,,,,,1880,1832,TRUE,332,366,Brouwershaven
10030,10030_1882,1882,,373,,,,,1880,1863,TRUE,326,373,Brouwershaven
10030,10030_1883,1883,,367,,,,,1880,1838,TRUE,320,367,Brouwershaven
10030,10030_1884,1884,,364,,,,,1880,1821,TRUE,314,364,Brouwershaven
10030,10030_1885,1885,,350,,,,,1880,1754,TRUE,308,350,Brouwershaven
10030,10030_1886,1886,,332,,,,,1890,1665,TRUE,302,332,Brouwershaven
10030,10030_1887,1887,,316,,,,,1890,1591,TRUE,296,316,Brouwershaven
10030,10030_1888,1888,,304,,,,,1890,1531,TRUE,290,304,Brouwershaven
10030,10030_1889,1889,,284,253,31,12,14,1890,1453,FALSE,284,288,Brouwershaven
10030,10030_1890,1890,,296,,,,,1890,1492,TRUE,283,296,Brouwershaven
10030,10030_1891,1891,,290,,,,,1890,1465,TRUE,283,290,Brouwershaven
10030,10030_1892,1892,,288,,,,,1890,1453,TRUE,282,288,Brouwershaven
10030,10030_1893,1893,,282,,,,,1890,1426,TRUE,282,282,Brouwershaven
10030,10030_1894,1894,,275,,,,,1890,1393,TRUE,281,275,Brouwershaven
10030,10030_1895,1895,,267,,,,,1900,1352,TRUE,281,267,Brouwershaven
10030,10030_1896,1896,,266,,,,,1900,1347,TRUE,280,266,Brouwershaven
10030,10030_1897,1897,,264,,,,,1900,1340,TRUE,280,264,Brouwershaven
10030,10030_1898,1898,,257,,,,,1900,1305,TRUE,279,257,Brouwershaven
10030,10030_1899,1899,294,279,246,33,9,14,1900,1313,FALSE,279,259,Brouwershaven
10030,10030_1900,1900,,263,,,,,1900,1332,TRUE,,263,Brouwershaven
10030,10030_1901,1901,,266,,,,,1900,1350,TRUE,,266,Brouwershaven
10030,10030_1902,1902,,270,,,,,1900,1368,TRUE,,270,Brouwershaven
10030,10030_1903,1903,,278,,,,,1900,1405,TRUE,,278,Brouwershaven
10030,10030_1904,1904,,274,,,,,1900,1389,TRUE,,274,Brouwershaven
10030,10030_1905,1905,,275,,,,,1900,1390,TRUE,,275,Brouwershaven
10030,10030_1906,1906,,271,,,,,1910,1374,TRUE,,271,Brouwershaven
10030,10030_1907,1907,,261,,,,,1910,1326,TRUE,,261,Brouwershaven
10030,10030_1908,1908,,261,,,,,1910,1324,TRUE,,261,Brouwershaven
10030,10030_1909,1909,308,262,,,,,1910,1328,TRUE,,262,Brouwershaven
10030,10030_1910,1910,,269,,,,,1910,1364,TRUE,,269,Brouwershaven
10030,10030_1911,1911,,262,,,,,1910,1330,TRUE,,262,Brouwershaven
10030,10030_1912,1912,,258,,,,,1910,1311,TRUE,,258,Brouwershaven
10030,10030_1913,1913,,261,,,,,1910,1323,TRUE,,261,Brouwershaven
10030,10030_1914,1914,,260,,,,,1910,1318,TRUE,,260,Brouwershaven
10030,10030_1915,1915,,263,,,,,1920,1336,TRUE,,263,Brouwershaven
10030,10030_1916,1916,,261,,,,,1920,1323,TRUE,,261,Brouwershaven
10030,10030_1917,1917,,261,,,,,1920,1324,TRUE,,261,Brouwershaven
10030,10030_1918,1918,,261,,,,,1920,1325,TRUE,,261,Brouwershaven
10030,10030_1919,1919,,260,,,,,1920,1321,TRUE,,260,Brouwershaven
10030,10030_1920,1920,336,259,,,,,1920,1315,TRUE,,259,Brouwershaven
10030,10030_1921,1921,,254,,,,,1920,1290,TRUE,,254,Brouwershaven
10085,10085_1849,1849,459,554,,,,,1850,,FALSE,554,,Gorssel
10085,10085_1850,1850,,,,,,,1850,,TRUE,561,,Gorssel
10085,10085_1851,1851,,682,,,,,1850,3355,TRUE,568,682,Gorssel
10085,10085_1852,1852,,692,,,,,1850,3404,TRUE,576,692,Gorssel
10085,10085_1853,1853,,696,,,,,1850,3422,TRUE,583,696,Gorssel
10085,10085_1854,1854,,701,,,,,1850,3450,TRUE,591,701,Gorssel
10085,10085_1855,1855,,709,,,,,1860,3485,TRUE,598,709,Gorssel
10085,10085_1856,1856,,719,,,,,1860,3533,TRUE,605,719,Gorssel
10085,10085_1857,1857,,719,,,,,1860,3537,TRUE,613,719,Gorssel
10085,10085_1858,1858,,724,,,,,1860,3561,TRUE,620,724,Gorssel
10085,10085_1859,1859,623,628,,,,,1860,3872,FALSE,628,789,Gorssel
10085,10085_1860,1860,,793,,,,,1860,3894,TRUE,638,793,Gorssel
10085,10085_1861,1861,,795,,,,,1860,3903,TRUE,648,795,Gorssel
10085,10085_1862,1862,,810,,,,,1860,3974,TRUE,658,810,Gorssel
10085,10085_1863,1863,,830,,,,,1860,4071,TRUE,668,830,Gorssel
10085,10085_1864,1864,,845,,,,,1860,4144,TRUE,679,845,Gorssel
10085,10085_1865,1865,,860,,,,,1860,4214,TRUE,689,860,Gorssel
10085,10085_1866,1866,,844,,,,,1870,4137,TRUE,699,844,Gorssel
10085,10085_1867,1867,,833,,,,,1870,4087,TRUE,709,833,Gorssel
10085,10085_1868,1868,,852,,,,,1870,4177,TRUE,719,852,Gorssel
10085,10085_1869,1869,728,730,,,,,1870,4160,FALSE,730,848,Gorssel
10085,10085_1870,1870,,854,,,,,1870,4189,TRUE,735,854,Gorssel
10085,10085_1871,1871,,865,,,,,1870,4239,TRUE,740,865,Gorssel
10085,10085_1872,1872,,869,,,,,1870,4260,TRUE,745,869,Gorssel
10085,10085_1873,1873,,865,,,,,1870,4240,TRUE,750,865,Gorssel
10085,10085_1874,1874,,863,,,,,1870,4229,TRUE,755,863,Gorssel
10085,10085_1875,1875,,855,,,,,1880,4194,TRUE,760,855,Gorssel
10085,10085_1876,1876,,852,,,,,1880,4176,TRUE,765,852,Gorssel
10085,10085_1877,1877,,859,,,,,1880,4213,TRUE,770,859,Gorssel
10085,10085_1878,1878,,871,,,,,1880,4271,TRUE,775,871,Gorssel
10085,10085_1879,1879,796,781,728,53,9,6,1880,4247,FALSE,781,866,Gorssel
10085,10085_1880,1880,,870,,,,,1880,4265,TRUE,788,870,Gorssel
10085,10085_1881,1881,,881,,,,,1880,4318,TRUE,796,881,Gorssel
10085,10085_1882,1882,,881,,,,,1880,4319,TRUE,803,881,Gorssel
10085,10085_1883,1883,,887,,,,,1880,4346,TRUE,811,887,Gorssel
10085,10085_1884,1884,,890,,,,,1880,4360,TRUE,818,890,Gorssel
10085,10085_1885,1885,,907,,,,,1880,4445,TRUE,826,907,Gorssel
10085,10085_1886,1886,,917,,,,,1890,4490,TRUE,833,917,Gorssel
10085,10085_1887,1887,,924,,,,,1890,4527,TRUE,841,924,Gorssel
10085,10085_1888,1888,,925,,,,,1890,4531,TRUE,848,925,Gorssel
10085,10085_1889,1889,875,856,757,99,16,8,1890,4565,FALSE,856,932,Gorssel
10085,10085_1890,1890,,941,,,,,1890,4609,TRUE,864,941,Gorssel
10085,10085_1891,1891,,936,,,,,1890,4584,TRUE,872,936,Gorssel
10085,10085_1892,1892,,936,,,,,1890,4584,TRUE,880,936,Gorssel
10085,10085_1893,1893,,951,,,,,1890,4657,TRUE,888,951,Gorssel
10085,10085_1894,1894,,961,,,,,1890,4705,TRUE,896,961,Gorssel
10085,10085_1895,1895,,974,,,,,1900,4764,TRUE,904,974,Gorssel
10085,10085_1896,1896,,979,,,,,1900,4791,TRUE,912,979,Gorssel
10085,10085_1897,1897,,986,,,,,1900,4822,TRUE,920,986,Gorssel
10085,10085_1898,1898,,1002,,,,,1900,4900,TRUE,928,1002,Gorssel
10085,10085_1899,1899,957,937,864,73,14,31,1900,4928,FALSE,937,1007,Gorssel
10085,10085_1900,1900,,1016,,,,,1900,4970,TRUE,,1016,Gorssel
10085,10085_1901,1901,,1020,,,,,1900,4989,TRUE,,1020,Gorssel
10085,10085_1902,1902,,1033,,,,,1900,5053,TRUE,,1033,Gorssel
10085,10085_1903,1903,,1047,,,,,1900,5120,TRUE,,1047,Gorssel
10085,10085_1904,1904,,1066,,,,,1900,5209,TRUE,,1066,Gorssel
10085,10085_1905,1905,,1081,,,,,1900,5284,TRUE,,1081,Gorssel
10085,10085_1906,1906,,1083,,,,,1910,5291,TRUE,,1083,Gorssel
10085,10085_1907,1907,,1104,,,,,1910,5396,TRUE,,1104,Gorssel
10085,10085_1908,1908,,1140,,,,,1910,5570,TRUE,,1140,Gorssel
10085,10085_1909,1909,1021,1169,,,,,1910,5709,TRUE,,1169,Gorssel
10085,10085_1910,1910,,1190,,,,,1910,5811,TRUE,,1190,Gorssel
10085,10085_1911,1911,,1212,,,,,1910,5915,TRUE,,1212,Gorssel
10085,10085_1912,1912,,1231,,,,,1910,6005,TRUE,,1231,Gorssel
10085,10085_1913,1913,,1236,,,,,1910,6031,TRUE,,1236,Gorssel
10085,10085_1914,1914,,1259,,,,,1910,6144,TRUE,,1259,Gorssel
10085,10085_1915,1915,,1288,,,,,1920,6280,TRUE,,1288,Gorssel
10085,10085_1916,1916,,1299,,,,,1920,6333,TRUE,,1299,Gorssel
10085,10085_1917,1917,,1317,,,,,1920,6421,TRUE,,1317,Gorssel
10085,10085_1918,1918,,1344,,,,,1920,6554,TRUE,,1344,Gorssel
10085,10085_1919,1919,,1356,,,,,1920,6608,TRUE,,1356,Gorssel
10085,10085_1920,1920,1319,1392,,,,,1920,6782,TRUE,,1392,Gorssel
10085,10085_1921,1921,,1441,,,,,1920,7022,TRUE,,1441,Gorssel
10086,10086_1849,1849,534,546,,,,,1850,,FALSE,546,,Doniawerstal
10086,10086_1850,1850,,,,,,,1850,,TRUE,552,,Doniawerstal
10086,10086_1851,1851,,577,,,,,1850,2852,TRUE,558,577,Doniawerstal
10086,10086_1852,1852,,592,,,,,1850,2923,TRUE,564,592,Doniawerstal
10086,10086_1853,1853,,593,,,,,1850,2927,TRUE,571,593,Doniawerstal
10086,10086_1854,1854,,605,,,,,1850,2983,TRUE,577,605,Doniawerstal
10086,10086_1855,1855,,618,,,,,1860,3046,TRUE,583,618,Doniawerstal
10086,10086_1856,1856,,628,,,,,1860,3094,TRUE,590,628,Doniawerstal
10086,10086_1857,1857,,638,,,,,1860,3144,TRUE,596,638,Doniawerstal
10086,10086_1858,1858,,634,,,,,1860,3127,TRUE,602,634,Doniawerstal
10086,10086_1859,1859,633,609,,,,,1860,3146,FALSE,609,638,Doniawerstal
10086,10086_1860,1860,,631,,,,,1860,3113,TRUE,614,631,Doniawerstal
10086,10086_1861,1861,,640,,,,,1860,3153,TRUE,620,640,Doniawerstal
10086,10086_1862,1862,,653,,,,,1860,3217,TRUE,626,653,Doniawerstal
10086,10086_1863,1863,,668,,,,,1860,3290,TRUE,631,668,Doniawerstal
10086,10086_1864,1864,,683,,,,,1860,3361,TRUE,637,683,Doniawerstal
10086,10086_1865,1865,,685,,,,,1860,3370,TRUE,643,685,Doniawerstal
10086,10086_1866,1866,,688,,,,,1870,3384,TRUE,648,688,Doniawerstal
10086,10086_1867,1867,,693,,,,,1870,3411,TRUE,654,693,Doniawerstal
10086,10086_1868,1868,,703,,,,,1870,3456,TRUE,660,703,Doniawerstal
10086,10086_1869,1869,1186,666,,,,,1870,3403,FALSE,666,692,Doniawerstal
10086,10086_1870,1870,,701,,,,,1870,3450,TRUE,682,701,Doniawerstal
10086,10086_1871,1871,,702,,,,,1870,3455,TRUE,698,702,Doniawerstal
10086,10086_1872,1872,,716,,,,,1870,3522,TRUE,714,716,Doniawerstal
10086,10086_1873,1873,,729,,,,,1870,3584,TRUE,730,729,Doniawerstal
10086,10086_1874,1874,,742,,,,,1870,3648,TRUE,746,742,Doniawerstal
10086,10086_1875,1875,,751,,,,,1880,3692,TRUE,762,751,Doniawerstal
10086,10086_1876,1876,,773,,,,,1880,3796,TRUE,778,773,Doniawerstal
10086,10086_1877,1877,,792,,,,,1880,3886,TRUE,794,792,Doniawerstal
10086,10086_1878,1878,,809,,,,,1880,3971,TRUE,810,809,Doniawerstal
10086,10086_1879,1879,849,827,749,78,17,24,1880,4034,FALSE,827,822,Doniawerstal
10086,10086_1880,1880,,843,,,,,1880,4135,TRUE,837,843,Doniawerstal
10086,10086_1881,1881,,860,,,,,1880,4215,TRUE,847,860,Doniawerstal
10086,10086_1882,1882,,862,,,,,1880,4225,TRUE,857,862,Doniawerstal
10086,10086_1883,1883,,871,,,,,1880,4267,TRUE,868,871,Doniawerstal
10086,10086_1884,1884,,873,,,,,1880,4279,TRUE,878,873,Doniawerstal
10086,10086_1885,1885,,919,,,,,1880,4503,TRUE,888,919,Doniawerstal
10086,10086_1886,1886,,949,,,,,1890,4647,TRUE,899,949,Doniawerstal
10086,10086_1887,1887,,968,,,,,1890,4736,TRUE,909,968,Doniawerstal
10086,10086_1888,1888,,972,,,,,1890,4756,TRUE,919,972,Doniawerstal
10086,10086_1889,1889,,930,847,83,19,35,1890,4699,FALSE,930,960,Doniawerstal
10086,10086_1890,1890,,965,,,,,1890,4723,TRUE,933,965,Doniawerstal
10086,10086_1891,1891,,962,,,,,1890,4706,TRUE,937,962,Doniawerstal
10086,10086_1892,1892,,987,,,,,1890,4831,TRUE,941,987,Doniawerstal
10086,10086_1893,1893,,974,,,,,1890,4766,TRUE,945,974,Doniawerstal
10086,10086_1894,1894,,976,,,,,1890,4776,TRUE,949,976,Doniawerstal
10086,10086_1895,1895,,977,,,,,1900,4779,TRUE,953,977,Doniawerstal
10086,10086_1896,1896,,972,,,,,1900,4755,TRUE,957,972,Doniawerstal
10086,10086_1897,1897,,965,,,,,1900,4722,TRUE,961,965,Doniawerstal
10086,10086_1898,1898,,970,,,,,1900,4749,TRUE,965,970,Doniawerstal
10086,10086_1899,1899,995,969,878,91,28,39,1900,4684,FALSE,969,957,Doniawerstal
10086,10086_1900,1900,,965,,,,,1900,4725,TRUE,,965,Doniawerstal
10086,10086_1901,1901,,974,,,,,1900,4767,TRUE,,974,Doniawerstal
10086,10086_1902,1902,,982,,,,,1900,4805,TRUE,,982,Doniawerstal
10086,10086_1903,1903,,983,,,,,1900,4811,TRUE,,983,Doniawerstal
10086,10086_1904,1904,,985,,,,,1900,4819,TRUE,,985,Doniawerstal
10086,10086_1905,1905,,998,,,,,1900,4881,TRUE,,998,Doniawerstal
10086,10086_1906,1906,,999,,,,,1910,4886,TRUE,,999,Doniawerstal
10086,10086_1907,1907,,1002,,,,,1910,4903,TRUE,,1002,Doniawerstal
10086,10086_1908,1908,,1022,,,,,1910,5000,TRUE,,1022,Doniawerstal
10086,10086_1909,1909,1107,1047,,,,,1910,5119,TRUE,,1047,Doniawerstal
10086,10086_1910,1910,,1054,,,,,1910,5152,TRUE,,1054,Doniawerstal
10086,10086_1911,1911,,1077,,,,,1910,5262,TRUE,,1077,Doniawerstal
10086,10086_1912,1912,,1088,,,,,1910,5316,TRUE,,1088,Doniawerstal
10086,10086_1913,1913,,1095,,,,,1910,5349,TRUE,,1095,Doniawerstal
10086,10086_1914,1914,,1109,,,,,1910,5417,TRUE,,1109,Doniawerstal
10086,10086_1915,1915,,1130,,,,,1920,5520,TRUE,,1130,Doniawerstal
10086,10086_1916,1916,,1160,,,,,1920,5664,TRUE,,1160,Doniawerstal
10086,10086_1917,1917,,1165,,,,,1920,5690,TRUE,,1165,Doniawerstal
10086,10086_1918,1918,,1150,,,,,1920,5616,TRUE,,1150,Doniawerstal
10086,10086_1919,1919,,1136,,,,,1920,5550,TRUE,,1136,Doniawerstal
10086,10086_1920,1920,1243,1108,,,,,1920,5411,TRUE,,1108,Doniawerstal
10086,10086_1921,1921,,1117,,,,,1920,5459,TRUE,,1117,Doniawerstal
10091,10091_1849,1849,124,152,,,,,1850,,FALSE,152,,Nibbixwoud
10091,10091_1850,1850,,,,,,,1850,,TRUE,155,,Nibbixwoud
10091,10091_1851,1851,,133,,,,,1850,707,TRUE,159,133,Nibbixwoud
10091,10091_1852,1852,,133,,,,,1850,707,TRUE,162,133,Nibbixwoud
10091,10091_1853,1853,,136,,,,,1850,723,TRUE,166,136,Nibbixwoud
10091,10091_1854,1854,,142,,,,,1850,748,TRUE,169,142,Nibbixwoud
10091,10091_1855,1855,,162,,,,,1860,847,TRUE,173,162,Nibbixwoud
10091,10091_1856,1856,,164,,,,,1860,855,TRUE,176,164,Nibbixwoud
10091,10091_1857,1857,,165,,,,,1860,861,TRUE,180,165,Nibbixwoud
10091,10091_1858,1858,,164,,,,,1860,856,TRUE,183,164,Nibbixwoud
10091,10091_1859,1859,167,187,,,,,1860,857,FALSE,187,164,Nibbixwoud
10091,10091_1860,1860,,167,,,,,1860,870,TRUE,190,167,Nibbixwoud
10091,10091_1861,1861,,169,,,,,1860,880,TRUE,194,169,Nibbixwoud
10091,10091_1862,1862,,174,,,,,1860,905,TRUE,198,174,Nibbixwoud
10091,10091_1863,1863,,178,,,,,1860,923,TRUE,202,178,Nibbixwoud
10091,10091_1864,1864,,182,,,,,1860,941,TRUE,206,182,Nibbixwoud
10091,10091_1865,1865,,187,,,,,1860,968,TRUE,209,187,Nibbixwoud
10091,10091_1866,1866,,192,,,,,1870,992,TRUE,213,192,Nibbixwoud
10091,10091_1867,1867,,200,,,,,1870,1029,TRUE,217,200,Nibbixwoud
10091,10091_1868,1868,,206,,,,,1870,1060,TRUE,221,206,Nibbixwoud
10091,10091_1869,1869,208,225,,,,,1870,1064,FALSE,225,207,Nibbixwoud
10091,10091_1870,1870,,202,,,,,1870,1041,TRUE,227,202,Nibbixwoud
10091,10091_1871,1871,,207,,,,,1870,1066,TRUE,229,207,Nibbixwoud
10091,10091_1872,1872,,211,,,,,1870,1081,TRUE,231,211,Nibbixwoud
10091,10091_1873,1873,,212,,,,,1870,1088,TRUE,233,212,Nibbixwoud
10091,10091_1874,1874,,212,,,,,1870,1090,TRUE,235,212,Nibbixwoud
10091,10091_1875,1875,,221,,,,,1880,1133,TRUE,237,221,Nibbixwoud
10091,10091_1876,1876,,224,,,,,1880,1148,TRUE,239,224,Nibbixwoud
10091,10091_1877,1877,,230,,,,,1880,1176,TRUE,241,230,Nibbixwoud
10091,10091_1878,1878,,240,,,,,1880,1221,TRUE,243,240,Nibbixwoud
10091,10091_1879,1879,228,246,220,26,1,6,1880,1164,FALSE,246,228,Nibbixwoud
10091,10091_1880,1880,,235,,,,,1880,1199,TRUE,246,235,Nibbixwoud
10091,10091_1881,1881,,239,,,,,1880,1219,TRUE,246,239,Nibbixwoud
10091,10091_1882,1882,,247,,,,,1880,1258,TRUE,246,247,Nibbixwoud
10091,10091_1883,1883,,238,,,,,1880,1213,TRUE,246,238,Nibbixwoud
10091,10091_1884,1884,,245,,,,,1880,1247,TRUE,246,245,Nibbixwoud
10091,10091_1885,1885,,247,,,,,1880,1256,TRUE,246,247,Nibbixwoud
10091,10091_1886,1886,,256,,,,,1890,1301,TRUE,246,256,Nibbixwoud
10091,10091_1887,1887,,247,,,,,1890,1259,TRUE,246,247,Nibbixwoud
10091,10091_1888,1888,,248,,,,,1890,1264,TRUE,246,248,Nibbixwoud
10091,10091_1889,1889,231,246,212,34,6,,1890,1081,FALSE,246,211,Nibbixwoud
10091,10091_1890,1890,,214,,,,,1890,1100,TRUE,244,214,Nibbixwoud
10091,10091_1891,1891,,218,,,,,1890,1118,TRUE,243,218,Nibbixwoud
10091,10091_1892,1892,,222,,,,,1890,1135,TRUE,241,222,Nibbixwoud
10091,10091_1893,1893,,224,,,,,1890,1145,TRUE,240,224,Nibbixwoud
10091,10091_1894,1894,,220,,,,,1890,1128,TRUE,238,220,Nibbixwoud
10091,10091_1895,1895,,219,,,,,1900,1123,TRUE,237,219,Nibbixwoud
10091,10091_1896,1896,,220,,,,,1900,1125,TRUE,235,220,Nibbixwoud
10091,10091_1897,1897,,218,,,,,1900,1115,TRUE,234,218,Nibbixwoud
10091,10091_1898,1898,,207,,,,,1900,1063,TRUE,232,207,Nibbixwoud
10091,10091_1899,1899,234,231,214,17,9,14,1900,1001,FALSE,231,194,Nibbixwoud
10091,10091_1900,1900,,200,,,,,1900,1032,TRUE,,200,Nibbixwoud
10091,10091_1901,1901,,205,,,,,1900,1055,TRUE,,205,Nibbixwoud
10091,10091_1902,1902,,204,,,,,1900,1050,TRUE,,204,Nibbixwoud
10091,10091_1903,1903,,209,,,,,1900,1073,TRUE,,209,Nibbixwoud
10091,10091_1904,1904,,215,,,,,1900,1102,TRUE,,215,Nibbixwoud
10091,10091_1905,1905,,225,,,,,1900,1151,TRUE,,225,Nibbixwoud
10091,10091_1906,1906,,225,,,,,1910,1149,TRUE,,225,Nibbixwoud
10091,10091_1907,1907,,235,,,,,1910,1197,TRUE,,235,Nibbixwoud
10091,10091_1908,1908,,239,,,,,1910,1220,TRUE,,239,Nibbixwoud
10091,10091_1909,1909,276,213,,,,,1910,1091,TRUE,,213,Nibbixwoud
10091,10091_1910,1910,,218,,,,,1910,1117,TRUE,,218,Nibbixwoud
10091,10091_1911,1911,,224,,,,,1910,1146,TRUE,,224,Nibbixwoud
10091,10091_1912,1912,,233,,,,,1910,1191,TRUE,,233,Nibbixwoud
10091,10091_1913,1913,,236,,,,,1910,1205,TRUE,,236,Nibbixwoud
10091,10091_1914,1914,,241,,,,,1910,1227,TRUE,,241,Nibbixwoud
10091,10091_1915,1915,,244,,,,,1920,1243,TRUE,,244,Nibbixwoud
10091,10091_1916,1916,,256,,,,,1920,1300,TRUE,,256,Nibbixwoud
10091,10091_1917,1917,,253,,,,,1920,1288,TRUE,,253,Nibbixwoud
10091,10091_1918,1918,,248,,,,,1920,1262,TRUE,,248,Nibbixwoud
10091,10091_1919,1919,,253,,,,,1920,1285,TRUE,,253,Nibbixwoud
10091,10091_1920,1920,315,257,,,,,1920,1303,TRUE,,257,Nibbixwoud
10091,10091_1921,1921,,253,,,,,1920,1288,TRUE,,253,Nibbixwoud
10128,10128_1849,1849,916,1479,,,,,1850,,FALSE,1479,,het Bildt
10128,10128_1850,1850,,,,,,,1850,,TRUE,1493,,het Bildt
10128,10128_1851,1851,,1480,,,,,1850,7208,TRUE,1508,1480,het Bildt
10128,10128_1852,1852,,1525,,,,,1850,7424,TRUE,1523,1525,het Bildt
10128,10128_1853,1853,,1554,,,,,1850,7565,TRUE,1538,1554,het Bildt
10128,10128_1854,1854,,1586,,,,,1850,7722,TRUE,1553,1586,het Bildt
10128,10128_1855,1855,,1613,,,,,1860,7851,TRUE,1567,1613,het Bildt
10128,10128_1856,1856,,1625,,,,,1860,7911,TRUE,1582,1625,het Bildt
10128,10128_1857,1857,,1634,,,,,1860,7950,TRUE,1597,1634,het Bildt
10128,10128_1858,1858,,1625,,,,,1860,7909,TRUE,1612,1625,het Bildt
10128,10128_1859,1859,991,1627,,,,,1860,7808,FALSE,1627,1604,het Bildt
10128,10128_1860,1860,,1605,,,,,1860,7812,TRUE,1646,1605,het Bildt
10128,10128_1861,1861,,1613,,,,,1860,7853,TRUE,1666,1613,het Bildt
10128,10128_1862,1862,,1613,,,,,1860,7852,TRUE,1685,1613,het Bildt
10128,10128_1863,1863,,1636,,,,,1860,7964,TRUE,1705,1636,het Bildt
10128,10128_1864,1864,,1652,,,,,1860,8040,TRUE,1725,1652,het Bildt
10128,10128_1865,1865,,1673,,,,,1860,8140,TRUE,1744,1673,het Bildt
10128,10128_1866,1866,,1700,,,,,1870,8271,TRUE,1764,1700,het Bildt
10128,10128_1867,1867,,1719,,,,,1870,8362,TRUE,1783,1719,het Bildt
10128,10128_1868,1868,,1747,,,,,1870,8500,TRUE,1803,1747,het Bildt
10128,10128_1869,1869,,1746,,,,,1870,8492,TRUE,1823,1746,het Bildt
10128,10128_1870,1870,,1775,,,,,1870,8633,TRUE,1842,1775,het Bildt
10128,10128_1871,1871,,1798,,,,,1870,8746,TRUE,1862,1798,het Bildt
10128,10128_1872,1872,,1826,,,,,1870,8878,TRUE,1881,1826,het Bildt
10128,10128_1873,1873,,1856,,,,,1870,9025,TRUE,1901,1856,het Bildt
10128,10128_1874,1874,,1901,,,,,1870,9241,TRUE,1921,1901,het Bildt
10128,10128_1875,1875,,1916,,,,,1880,9313,TRUE,1940,1916,het Bildt
10128,10128_1876,1876,,1921,,,,,1880,9340,TRUE,1960,1921,het Bildt
10128,10128_1877,1877,,1930,,,,,1880,9381,TRUE,1979,1930,het Bildt
10128,10128_1878,1878,,1932,,,,,1880,9393,TRUE,1999,1932,het Bildt
10128,10128_1879,1879,2055,2019,1818,201,12,60,1880,9408,FALSE,2019,1936,het Bildt
10128,10128_1880,1880,,1927,,,,,1880,9365,TRUE,2019,1927,het Bildt
10128,10128_1881,1881,,1832,,,,,1880,8910,TRUE,2019,1832,het Bildt
10128,10128_1882,1882,,1827,,,,,1880,8885,TRUE,2019,1827,het Bildt
10128,10128_1883,1883,,1795,,,,,1880,8729,TRUE,2020,1795,het Bildt
10128,10128_1884,1884,,1803,,,,,1880,8770,TRUE,2020,1803,het Bildt
10128,10128_1885,1885,,1825,,,,,1880,8874,TRUE,2020,1825,het Bildt
10128,10128_1886,1886,,1847,,,,,1890,8981,TRUE,2020,1847,het Bildt
10128,10128_1887,1887,,1850,,,,,1890,8993,TRUE,2021,1850,het Bildt
10128,10128_1888,1888,,1849,,,,,1890,8988,TRUE,2021,1849,het Bildt
10128,10128_1889,1889,,1815,,,,,1890,8827,TRUE,2021,1815,het Bildt
10128,10128_1890,1890,,1805,,,,,1890,8780,TRUE,2021,1805,het Bildt
10128,10128_1891,1891,,1814,,,,,1890,8819,TRUE,2022,1814,het Bildt
10128,10128_1892,1892,,1794,,,,,1890,8725,TRUE,2022,1794,het Bildt
10128,10128_1893,1893,,1769,,,,,1890,8603,TRUE,2022,1769,het Bildt
10128,10128_1894,1894,,1782,,,,,1890,8666,TRUE,2022,1782,het Bildt
10128,10128_1895,1895,,1786,,,,,1900,8687,TRUE,2023,1786,het Bildt
10128,10128_1896,1896,,1782,,,,,1900,8668,TRUE,2023,1782,het Bildt
10128,10128_1897,1897,,1786,,,,,1900,8685,TRUE,2023,1786,het Bildt
10128,10128_1898,1898,,1767,,,,,1900,8595,TRUE,2023,1767,het Bildt
10128,10128_1899,1899,2040,2024,1806,218,21,58,1900,8545,FALSE,2024,1757,het Bildt
10128,10128_1900,1900,,1748,,,,,1900,8504,TRUE,,1748,het Bildt
10128,10128_1901,1901,,1752,,,,,1900,8522,TRUE,,1752,het Bildt
10128,10128_1902,1902,,1752,,,,,1900,8522,TRUE,,1752,het Bildt
10128,10128_1903,1903,,1764,,,,,1900,8578,TRUE,,1764,het Bildt
10128,10128_1904,1904,,1778,,,,,1900,8646,TRUE,,1778,het Bildt
10128,10128_1905,1905,,1778,,,,,1900,8648,TRUE,,1778,het Bildt
10128,10128_1906,1906,,1776,,,,,1910,8640,TRUE,,1776,het Bildt
10128,10128_1907,1907,,1769,,,,,1910,8602,TRUE,,1769,het Bildt
10128,10128_1908,1908,,1780,,,,,1910,8659,TRUE,,1780,het Bildt
10128,10128_1909,1909,2107,1730,,,,,1910,8416,TRUE,,1730,het Bildt
10128,10128_1910,1910,,1737,,,,,1910,8448,TRUE,,1737,het Bildt
10128,10128_1911,1911,,1740,,,,,1910,8464,TRUE,,1740,het Bildt
10128,10128_1912,1912,,1744,,,,,1910,8483,TRUE,,1744,het Bildt
10128,10128_1913,1913,,1737,,,,,1910,8451,TRUE,,1737,het Bildt
10128,10128_1914,1914,,1757,,,,,1910,8548,TRUE,,1757,het Bildt
10128,10128_1915,1915,,1760,,,,,1920,8560,TRUE,,1760,het Bildt
10128,10128_1916,1916,,1766,,,,,1920,8589,TRUE,,1766,het Bildt
10128,10128_1917,1917,,1787,,,,,1920,8690,TRUE,,1787,het Bildt
10128,10128_1918,1918,,1820,,,,,1920,8852,TRUE,,1820,het Bildt
10128,10128_1919,1919,,1801,,,,,1920,8759,TRUE,,1801,het Bildt
10128,10128_1920,1920,2224,1738,,,,,1920,8455,TRUE,,1738,het Bildt
10128,10128_1921,1921,,1740,,,,,1920,8463,TRUE,,1740,het Bildt
10132,10132_1849,1849,416,427,,,,,1850,,FALSE,427,,Schinnen
10132,10132_1850,1850,,,,,,,1850,,TRUE,424,,Schinnen
10132,10132_1851,1851,,395,,,,,1850,1972,TRUE,421,395,Schinnen
10132,10132_1852,1852,,392,,,,,1850,1959,TRUE,418,392,Schinnen
10132,10132_1853,1853,,393,,,,,1850,1964,TRUE,415,393,Schinnen
10132,10132_1854,1854,,398,,,,,1850,1987,TRUE,412,398,Schinnen
10132,10132_1855,1855,,398,,,,,1860,1986,TRUE,409,398,Schinnen
10132,10132_1856,1856,,403,,,,,1860,2010,TRUE,406,403,Schinnen
10132,10132_1857,1857,,401,,,,,1860,1998,TRUE,403,401,Schinnen
10132,10132_1858,1858,,401,,,,,1860,2002,TRUE,400,401,Schinnen
10132,10132_1859,1859,414,398,,,,,1860,1958,FALSE,398,392,Schinnen
10132,10132_1860,1860,,395,,,,,1860,1969,TRUE,399,395,Schinnen
10132,10132_1861,1861,,398,,,,,1860,1985,TRUE,400,398,Schinnen
10132,10132_1862,1862,,398,,,,,1860,1987,TRUE,401,398,Schinnen
10132,10132_1863,1863,,397,,,,,1860,1983,TRUE,403,397,Schinnen
10132,10132_1864,1864,,405,,,,,1860,2021,TRUE,404,405,Schinnen
10132,10132_1865,1865,,409,,,,,1860,2037,TRUE,405,409,Schinnen
10132,10132_1866,1866,,408,,,,,1870,2035,TRUE,407,408,Schinnen
10132,10132_1867,1867,,413,,,,,1870,2058,TRUE,408,413,Schinnen
10132,10132_1868,1868,,413,,,,,1870,2057,TRUE,409,413,Schinnen
10132,10132_1869,1869,419,411,,,,,1870,2103,FALSE,411,422,Schinnen
10132,10132_1870,1870,,425,,,,,1870,2118,TRUE,410,425,Schinnen
10132,10132_1871,1871,,427,,,,,1870,2126,TRUE,410,427,Schinnen
10132,10132_1872,1872,,424,,,,,1870,2110,TRUE,409,424,Schinnen
10132,10132_1873,1873,,419,,,,,1870,2086,TRUE,409,419,Schinnen
10132,10132_1874,1874,,416,,,,,1870,2071,TRUE,409,416,Schinnen
10132,10132_1875,1875,,414,,,,,1880,2063,TRUE,408,414,Schinnen
10132,10132_1876,1876,,415,,,,,1880,2068,TRUE,408,415,Schinnen
10132,10132_1877,1877,,417,,,,,1880,2078,TRUE,407,417,Schinnen
10132,10132_1878,1878,,401,,,,,1880,2002,TRUE,407,401,Schinnen
10132,10132_1879,1879,427,407,337,70,10,11,1880,2104,FALSE,407,422,Schinnen
10132,10132_1880,1880,,436,,,,,1880,2168,TRUE,405,436,Schinnen
10132,10132_1881,1881,,435,,,,,1880,2165,TRUE,404,435,Schinnen
10132,10132_1882,1882,,427,,,,,1880,2125,TRUE,403,427,Schinnen
10132,10132_1883,1883,,415,,,,,1880,2067,TRUE,402,415,Schinnen
10132,10132_1884,1884,,409,,,,,1880,2038,TRUE,401,409,Schinnen
10132,10132_1885,1885,,410,,,,,1880,2046,TRUE,400,410,Schinnen
10132,10132_1886,1886,,410,,,,,1890,2044,TRUE,399,410,Schinnen
10132,10132_1887,1887,,415,,,,,1890,2070,TRUE,398,415,Schinnen
10132,10132_1888,1888,,419,,,,,1890,2086,TRUE,397,419,Schinnen
10132,10132_1889,1889,,406,,,,,1890,2026,TRUE,396,406,Schinnen
10132,10132_1890,1890,,398,,,,,1890,1986,TRUE,395,398,Schinnen
10132,10132_1891,1891,,397,,,,,1890,1979,TRUE,394,397,Schinnen
10132,10132_1892,1892,,401,,,,,1890,1998,TRUE,393,401,Schinnen
10132,10132_1893,1893,,405,,,,,1890,2019,TRUE,392,405,Schinnen
10132,10132_1894,1894,,413,,,,,1890,2060,TRUE,391,413,Schinnen
10132,10132_1895,1895,,417,,,,,1900,2079,TRUE,390,417,Schinnen
10132,10132_1896,1896,,417,,,,,1900,2079,TRUE,389,417,Schinnen
10132,10132_1897,1897,,424,,,,,1900,2113,TRUE,388,424,Schinnen
10132,10132_1898,1898,,429,,,,,1900,2136,TRUE,387,429,Schinnen
10132,10132_1899,1899,404,386,321,65,6,13,1900,2060,FALSE,386,413,Schinnen
10132,10132_1900,1900,,419,,,,,1900,2085,TRUE,,419,Schinnen
10132,10132_1901,1901,,427,,,,,1900,2126,TRUE,,427,Schinnen
10132,10132_1902,1902,,430,,,,,1900,2140,TRUE,,430,Schinnen
10132,10132_1903,1903,,435,,,,,1900,2165,TRUE,,435,Schinnen
10132,10132_1904,1904,,437,,,,,1900,2173,TRUE,,437,Schinnen
10132,10132_1905,1905,,442,,,,,1900,2198,TRUE,,442,Schinnen
10132,10132_1906,1906,,451,,,,,1910,2240,TRUE,,451,Schinnen
10132,10132_1907,1907,,459,,,,,1910,2280,TRUE,,459,Schinnen
10132,10132_1908,1908,,466,,,,,1910,2315,TRUE,,466,Schinnen
10132,10132_1909,1909,434,444,,,,,1910,2209,TRUE,,444,Schinnen
10132,10132_1910,1910,,446,,,,,1910,2216,TRUE,,446,Schinnen
10132,10132_1911,1911,,455,,,,,1910,2262,TRUE,,455,Schinnen
10132,10132_1912,1912,,465,,,,,1910,2309,TRUE,,465,Schinnen
10132,10132_1913,1913,,485,,,,,1910,2408,TRUE,,485,Schinnen
10132,10132_1914,1914,,515,,,,,1910,2553,TRUE,,515,Schinnen
10132,10132_1915,1915,,524,,,,,1920,2594,TRUE,,524,Schinnen
10132,10132_1916,1916,,558,,,,,1920,2760,TRUE,,558,Schinnen
10132,10132_1917,1917,,571,,,,,1920,2819,TRUE,,571,Schinnen
10132,10132_1918,1918,,579,,,,,1920,2858,TRUE,,579,Schinnen
10132,10132_1919,1919,,583,,,,,1920,2880,TRUE,,583,Schinnen
10132,10132_1920,1920,502,580,,,,,1920,2864,TRUE,,580,Schinnen
10132,10132_1921,1921,,597,,,,,1920,2948,TRUE,,597,Schinnen
10159,10159_1849,1849,,,,,,,1850,,TRUE,,,Zuid-Scharwoude
10159,10159_1850,1850,,,,,,,1850,,TRUE,,,Zuid-Scharwoude
10159,10159_1851,1851,,155,,,,,1850,812,TRUE,,155,Zuid-Scharwoude
10159,10159_1852,1852,,158,,,,,1850,827,TRUE,,158,Zuid-Scharwoude
10159,10159_1853,1853,,159,,,,,1850,832,TRUE,,159,Zuid-Scharwoude
10159,10159_1854,1854,,163,,,,,1850,850,TRUE,,163,Zuid-Scharwoude
10159,10159_1855,1855,,162,,,,,1860,848,TRUE,,162,Zuid-Scharwoude
10159,10159_1856,1856,,166,,,,,1860,864,TRUE,,166,Zuid-Scharwoude
10159,10159_1857,1857,,171,,,,,1860,891,TRUE,,171,Zuid-Scharwoude
10159,10159_1858,1858,,172,,,,,1860,897,TRUE,,172,Zuid-Scharwoude
10159,10159_1859,1859,149,171,,,,,1860,891,TRUE,,171,Zuid-Scharwoude
10159,10159_1860,1860,,163,,,,,1860,850,TRUE,,163,Zuid-Scharwoude
10159,10159_1861,1861,,166,,,,,1860,865,TRUE,,166,Zuid-Scharwoude
10159,10159_1862,1862,,167,,,,,1860,870,TRUE,,167,Zuid-Scharwoude
10159,10159_1863,1863,,169,,,,,1860,879,TRUE,,169,Zuid-Scharwoude
10159,10159_1864,1864,,172,,,,,1860,895,TRUE,,172,Zuid-Scharwoude
10159,10159_1865,1865,,173,,,,,1860,902,TRUE,,173,Zuid-Scharwoude
10159,10159_1866,1866,,174,,,,,1870,904,TRUE,,174,Zuid-Scharwoude
10159,10159_1867,1867,,178,,,,,1870,926,TRUE,,178,Zuid-Scharwoude
10159,10159_1868,1868,,179,,,,,1870,930,TRUE,,179,Zuid-Scharwoude
10159,10159_1869,1869,167,205,,,,,1870,938,FALSE,205,181,Zuid-Scharwoude
10159,10159_1870,1870,,182,,,,,1870,944,TRUE,210,182,Zuid-Scharwoude
10159,10159_1871,1871,,184,,,,,1870,953,TRUE,215,184,Zuid-Scharwoude
10159,10159_1872,1872,,189,,,,,1870,975,TRUE,221,189,Zuid-Scharwoude
10159,10159_1873,1873,,190,,,,,1870,982,TRUE,226,190,Zuid-Scharwoude
10159,10159_1874,1874,,193,,,,,1870,995,TRUE,232,193,Zuid-Scharwoude
10159,10159_1875,1875,,200,,,,,1880,1028,TRUE,237,200,Zuid-Scharwoude
10159,10159_1876,1876,,206,,,,,1880,1061,TRUE,242,206,Zuid-Scharwoude
10159,10159_1877,1877,,214,,,,,1880,1098,TRUE,248,214,Zuid-Scharwoude
10159,10159_1878,1878,,210,,,,,1880,1080,TRUE,253,210,Zuid-Scharwoude
10159,10159_1879,1879,258,259,232,27,3,3,1880,1095,FALSE,259,213,Zuid-Scharwoude
10159,10159_1880,1880,,223,,,,,1880,1141,TRUE,263,223,Zuid-Scharwoude
10159,10159_1881,1881,,226,,,,,1880,1156,TRUE,268,226,Zuid-Scharwoude
10159,10159_1882,1882,,229,,,,,1880,1170,TRUE,273,229,Zuid-Scharwoude
10159,10159_1883,1883,,235,,,,,1880,1201,TRUE,278,235,Zuid-Scharwoude
10159,10159_1884,1884,,239,,,,,1880,1216,TRUE,283,239,Zuid-Scharwoude
10159,10159_1885,1885,,240,,,,,1880,1224,TRUE,287,240,Zuid-Scharwoude
10159,10159_1886,1886,,241,,,,,1890,1229,TRUE,292,241,Zuid-Scharwoude
10159,10159_1887,1887,,253,,,,,1890,1285,TRUE,297,253,Zuid-Scharwoude
10159,10159_1888,1888,,263,,,,,1890,1332,TRUE,302,263,Zuid-Scharwoude
10159,10159_1889,1889,317,307,278,29,3,7,1890,1365,FALSE,307,269,Zuid-Scharwoude
10159,10159_1890,1890,,276,,,,,1890,1395,TRUE,310,276,Zuid-Scharwoude
10159,10159_1891,1891,,274,,,,,1890,1387,TRUE,314,274,Zuid-Scharwoude
10159,10159_1892,1892,,283,,,,,1890,1430,TRUE,318,283,Zuid-Scharwoude
10159,10159_1893,1893,,291,,,,,1890,1470,TRUE,322,291,Zuid-Scharwoude
10159,10159_1894,1894,,291,,,,,1890,1469,TRUE,326,291,Zuid-Scharwoude
10159,10159_1895,1895,,294,,,,,1900,1486,TRUE,330,294,Zuid-Scharwoude
10159,10159_1896,1896,,294,,,,,1900,1483,TRUE,334,294,Zuid-Scharwoude
10159,10159_1897,1897,,301,,,,,1900,1519,TRUE,338,301,Zuid-Scharwoude
10159,10159_1898,1898,,299,,,,,1900,1507,TRUE,342,299,Zuid-Scharwoude
10159,10159_1899,1899,366,346,316,30,4,17,1900,1598,FALSE,346,318,Zuid-Scharwoude
10159,10159_1900,1900,,317,,,,,1900,1594,TRUE,,317,Zuid-Scharwoude
10159,10159_1901,1901,,321,,,,,1900,1616,TRUE,,321,Zuid-Scharwoude
10159,10159_1902,1902,,323,,,,,1900,1624,TRUE,,323,Zuid-Scharwoude
10159,10159_1903,1903,,325,,,,,1900,1632,TRUE,,325,Zuid-Scharwoude
10159,10159_1904,1904,,318,,,,,1900,1598,TRUE,,318,Zuid-Scharwoude
10159,10159_1905,1905,,328,,,,,1900,1648,TRUE,,328,Zuid-Scharwoude
10159,10159_1906,1906,,323,,,,,1910,1623,TRUE,,323,Zuid-Scharwoude
10159,10159_1907,1907,,326,,,,,1910,1637,TRUE,,326,Zuid-Scharwoude
10159,10159_1908,1908,,324,,,,,1910,1628,TRUE,,324,Zuid-Scharwoude
10159,10159_1909,1909,420,330,,,,,1910,1658,TRUE,,330,Zuid-Scharwoude
10159,10159_1910,1910,,330,,,,,1910,1658,TRUE,,330,Zuid-Scharwoude
10159,10159_1911,1911,,330,,,,,1910,1659,TRUE,,330,Zuid-Scharwoude
10159,10159_1912,1912,,340,,,,,1910,1704,TRUE,,340,Zuid-Scharwoude
10159,10159_1913,1913,,343,,,,,1910,1719,TRUE,,343,Zuid-Scharwoude
10159,10159_1914,1914,,339,,,,,1910,1701,TRUE,,339,Zuid-Scharwoude
10159,10159_1915,1915,,346,,,,,1920,1735,TRUE,,346,Zuid-Scharwoude
10159,10159_1916,1916,,350,,,,,1920,1755,TRUE,,350,Zuid-Scharwoude
10159,10159_1917,1917,,356,,,,,1920,1784,TRUE,,356,Zuid-Scharwoude
10159,10159_1918,1918,,360,,,,,1920,1803,TRUE,,360,Zuid-Scharwoude
10159,10159_1919,1919,,355,,,,,1920,1777,TRUE,,355,Zuid-Scharwoude
10159,10159_1920,1920,359,345,,,,,1920,1732,TRUE,,345,Zuid-Scharwoude
10159,10159_1921,1921,,345,,,,,1920,1729,TRUE,,345,Zuid-Scharwoude
10211,10211_1849,1849,111,116,,,,,1850,,FALSE,116,,Vlieland
10211,10211_1850,1850,,,,,,,1850,,TRUE,118,,Vlieland
10211,10211_1851,1851,,120,,,,,1850,644,TRUE,121,120,Vlieland
10211,10211_1852,1852,,122,,,,,1850,654,TRUE,124,122,Vlieland
10211,10211_1853,1853,,119,,,,,1850,640,TRUE,127,119,Vlieland
10211,10211_1854,1854,,117,,,,,1850,629,TRUE,130,117,Vlieland
10211,10211_1855,1855,,120,,,,,1860,645,TRUE,132,120,Vlieland
10211,10211_1856,1856,,124,,,,,1860,665,TRUE,135,124,Vlieland
10211,10211_1857,1857,,115,,,,,1860,619,TRUE,138,115,Vlieland
10211,10211_1858,1858,,114,,,,,1860,615,TRUE,141,114,Vlieland
10211,10211_1859,1859,116,109,,,,,1860,592,TRUE,144,109,Vlieland
10211,10211_1860,1860,,105,,,,,1860,570,TRUE,146,105,Vlieland
10211,10211_1861,1861,,115,,,,,1860,619,TRUE,149,115,Vlieland
10211,10211_1862,1862,,122,,,,,1860,653,TRUE,152,122,Vlieland
10211,10211_1863,1863,,120,,,,,1860,642,TRUE,155,120,Vlieland
10211,10211_1864,1864,,120,,,,,1860,646,TRUE,158,120,Vlieland
10211,10211_1865,1865,,125,,,,,1860,670,TRUE,160,125,Vlieland
10211,10211_1866,1866,,128,,,,,1870,684,TRUE,163,128,Vlieland
10211,10211_1867,1867,,130,,,,,1870,694,TRUE,166,130,Vlieland
10211,10211_1868,1868,,135,,,,,1870,715,TRUE,169,135,Vlieland
10211,10211_1869,1869,268,172,,,,,1870,732,FALSE,172,138,Vlieland
10211,10211_1870,1870,,141,,,,,1870,747,TRUE,170,141,Vlieland
10211,10211_1871,1871,,137,,,,,1870,724,TRUE,169,137,Vlieland
10211,10211_1872,1872,,136,,,,,1870,722,TRUE,167,136,Vlieland
10211,10211_1873,1873,,136,,,,,1870,721,TRUE,166,136,Vlieland
10211,10211_1874,1874,,133,,,,,1870,709,TRUE,165,133,Vlieland
10211,10211_1875,1875,,133,,,,,1880,705,TRUE,163,133,Vlieland
10211,10211_1876,1876,,131,,,,,1880,698,TRUE,162,131,Vlieland
10211,10211_1877,1877,,131,,,,,1880,699,TRUE,160,131,Vlieland
10211,10211_1878,1878,,135,,,,,1880,717,TRUE,159,135,Vlieland
10211,10211_1879,1879,168,158,133,25,3,8,1880,744,FALSE,158,141,Vlieland
10211,10211_1880,1880,,142,,,,,1880,748,TRUE,157,142,Vlieland
10211,10211_1881,1881,,140,,,,,1880,739,TRUE,156,140,Vlieland
10211,10211_1882,1882,,135,,,,,1880,715,TRUE,155,135,Vlieland
10211,10211_1883,1883,,138,,,,,1880,732,TRUE,154,138,Vlieland
10211,10211_1884,1884,,133,,,,,1880,705,TRUE,153,133,Vlieland
10211,10211_1885,1885,,136,,,,,1880,720,TRUE,152,136,Vlieland
10211,10211_1886,1886,,137,,,,,1890,725,TRUE,151,137,Vlieland
10211,10211_1887,1887,,135,,,,,1890,717,TRUE,150,135,Vlieland
10211,10211_1888,1888,,129,,,,,1890,689,TRUE,149,129,Vlieland
10211,10211_1889,1889,143,148,121,27,4,5,1890,698,FALSE,148,131,Vlieland
10211,10211_1890,1890,,132,,,,,1890,701,TRUE,149,132,Vlieland
10211,10211_1891,1891,,134,,,,,1890,711,TRUE,150,134,Vlieland
10211,10211_1892,1892,,132,,,,,1890,702,TRUE,151,132,Vlieland
10211,10211_1893,1893,,134,,,,,1890,713,TRUE,152,134,Vlieland
10211,10211_1894,1894,,133,,,,,1890,705,TRUE,153,133,Vlieland
10211,10211_1895,1895,,136,,,,,1900,719,TRUE,154,136,Vlieland
10211,10211_1896,1896,,134,,,,,1900,711,TRUE,155,134,Vlieland
10211,10211_1897,1897,,137,,,,,1900,726,TRUE,156,137,Vlieland
10211,10211_1898,1898,,138,,,,,1900,729,TRUE,157,138,Vlieland
10211,10211_1899,1899,163,158,136,22,1,5,1900,723,FALSE,158,136,Vlieland
10211,10211_1900,1900,,138,,,,,1900,731,TRUE,,138,Vlieland
10211,10211_1901,1901,,132,,,,,1900,701,TRUE,,132,Vlieland
10211,10211_1902,1902,,130,,,,,1900,693,TRUE,,130,Vlieland
10211,10211_1903,1903,,126,,,,,1900,675,TRUE,,126,Vlieland
10211,10211_1904,1904,,129,,,,,1900,686,TRUE,,129,Vlieland
10211,10211_1905,1905,,135,,,,,1900,717,TRUE,,135,Vlieland
10211,10211_1906,1906,,128,,,,,1910,681,TRUE,,128,Vlieland
10211,10211_1907,1907,,126,,,,,1910,671,TRUE,,126,Vlieland
10211,10211_1908,1908,,127,,,,,1910,677,TRUE,,127,Vlieland
10211,10211_1909,1909,163,126,,,,,1910,672,TRUE,,126,Vlieland
10211,10211_1910,1910,,124,,,,,1910,663,TRUE,,124,Vlieland
10211,10211_1911,1911,,121,,,,,1910,648,TRUE,,121,Vlieland
10211,10211_1912,1912,,120,,,,,1910,645,TRUE,,120,Vlieland
10211,10211_1913,1913,,122,,,,,1910,652,TRUE,,122,Vlieland
10211,10211_1914,1914,,124,,,,,1910,661,TRUE,,124,Vlieland
10211,10211_1915,1915,,123,,,,,1920,660,TRUE,,123,Vlieland
10211,10211_1916,1916,,118,,,,,1920,632,TRUE,,118,Vlieland
10211,10211_1917,1917,,120,,,,,1920,645,TRUE,,120,Vlieland
10211,10211_1918,1918,,118,,,,,1920,636,TRUE,,118,Vlieland
10211,10211_1919,1919,,115,,,,,1920,618,TRUE,,115,Vlieland
10211,10211_1920,1920,203,104,,,,,1920,569,TRUE,,104,Vlieland
10211,10211_1921,1921,,103,,,,,1920,562,TRUE,,103,Vlieland
10258,10258_1849,1849,330,372,,,,,1850,,FALSE,372,,Made en Drimmelen
10258,10258_1850,1850,,,,,,,1850,,TRUE,380,,Made en Drimmelen
10258,10258_1851,1851,,413,,,,,1850,2058,TRUE,389,413,Made en Drimmelen
10258,10258_1852,1852,,430,,,,,1850,2140,TRUE,398,430,Made en Drimmelen
10258,10258_1853,1853,,430,,,,,1850,2142,TRUE,407,430,Made en Drimmelen
10258,10258_1854,1854,,442,,,,,1850,2200,TRUE,416,442,Made en Drimmelen
10258,10258_1855,1855,,449,,,,,1860,2233,TRUE,425,449,Made en Drimmelen
10258,10258_1856,1856,,458,,,,,1860,2277,TRUE,434,458,Made en Drimmelen
10258,10258_1857,1857,,462,,,,,1860,2293,TRUE,443,462,Made en Drimmelen
10258,10258_1858,1858,,469,,,,,1860,2330,TRUE,452,469,Made en Drimmelen
10258,10258_1859,1859,396,461,,,,,1860,2282,FALSE,461,459,Made en Drimmelen
10258,10258_1860,1860,,464,,,,,1860,2304,TRUE,468,464,Made en Drimmelen
10258,10258_1861,1861,,469,,,,,1860,2327,TRUE,476,469,Made en Drimmelen
10258,10258_1862,1862,,470,,,,,1860,2334,TRUE,483,470,Made en Drimmelen
10258,10258_1863,1863,,486,,,,,1860,2413,TRUE,491,486,Made en Drimmelen
10258,10258_1864,1864,,491,,,,,1860,2433,TRUE,498,491,Made en Drimmelen
10258,10258_1865,1865,,509,,,,,1860,2521,TRUE,506,509,Made en Drimmelen
10258,10258_1866,1866,,513,,,,,1870,2543,TRUE,513,513,Made en Drimmelen
10258,10258_1867,1867,,527,,,,,1870,2607,TRUE,521,527,Made en Drimmelen
10258,10258_1868,1868,,534,,,,,1870,2644,TRUE,528,534,Made en Drimmelen
10258,10258_1869,1869,984,536,,,,,1870,2611,FALSE,536,528,Made en Drimmelen
10258,10258_1870,1870,,535,,,,,1870,2646,TRUE,542,535,Made en Drimmelen
10258,10258_1871,1871,,548,,,,,1870,2708,TRUE,549,548,Made en Drimmelen
10258,10258_1872,1872,,564,,,,,1870,2787,TRUE,556,564,Made en Drimmelen
10258,10258_1873,1873,,576,,,,,1870,2846,TRUE,563,576,Made en Drimmelen
10258,10258_1874,1874,,583,,,,,1870,2878,TRUE,570,583,Made en Drimmelen
10258,10258_1875,1875,,592,,,,,1880,2922,TRUE,577,592,Made en Drimmelen
10258,10258_1876,1876,,609,,,,,1880,3002,TRUE,584,609,Made en Drimmelen
10258,10258_1877,1877,,624,,,,,1880,3075,TRUE,591,624,Made en Drimmelen
10258,10258_1878,1878,,636,,,,,1880,3135,TRUE,598,636,Made en Drimmelen
10258,10258_1879,1879,631,605,532,73,10,17,1880,3175,FALSE,605,644,Made en Drimmelen
10258,10258_1880,1880,,647,,,,,1880,3186,TRUE,612,647,Made en Drimmelen
10258,10258_1881,1881,,662,,,,,1880,3261,TRUE,619,662,Made en Drimmelen
10258,10258_1882,1882,,669,,,,,1880,3292,TRUE,626,669,Made en Drimmelen
10258,10258_1883,1883,,680,,,,,1880,3348,TRUE,634,680,Made en Drimmelen
10258,10258_1884,1884,,692,,,,,1880,3406,TRUE,641,692,Made en Drimmelen
10258,10258_1885,1885,,707,,,,,1880,3478,TRUE,648,707,Made en Drimmelen
10258,10258_1886,1886,,724,,,,,1890,3560,TRUE,656,724,Made en Drimmelen
10258,10258_1887,1887,,720,,,,,1890,3542,TRUE,663,720,Made en Drimmelen
10258,10258_1888,1888,,726,,,,,1890,3567,TRUE,670,726,Made en Drimmelen
10258,10258_1889,1889,697,678,593,85,13,15,1890,3572,FALSE,678,727,Made en Drimmelen
10258,10258_1890,1890,,739,,,,,1890,3630,TRUE,681,739,Made en Drimmelen
10258,10258_1891,1891,,737,,,,,1890,3624,TRUE,684,737,Made en Drimmelen
10258,10258_1892,1892,,737,,,,,1890,3622,TRUE,687,737,Made en Drimmelen
10258,10258_1893,1893,,739,,,,,1890,3632,TRUE,691,739,Made en Drimmelen
10258,10258_1894,1894,,746,,,,,1890,3666,TRUE,694,746,Made en Drimmelen
10258,10258_1895,1895,,764,,,,,1900,3751,TRUE,697,764,Made en Drimmelen
10258,10258_1896,1896,,763,,,,,1900,3750,TRUE,701,763,Made en Drimmelen
10258,10258_1897,1897,,745,,,,,1900,3659,TRUE,704,745,Made en Drimmelen
10258,10258_1898,1898,,758,,,,,1900,3726,TRUE,707,758,Made en Drimmelen
10258,10258_1899,1899,723,711,616,94,8,22,1900,3746,FALSE,711,763,Made en Drimmelen
10258,10258_1900,1900,,773,,,,,1900,3797,TRUE,,773,Made en Drimmelen
10258,10258_1901,1901,,783,,,,,1900,3843,TRUE,,783,Made en Drimmelen
10258,10258_1902,1902,,792,,,,,1900,3889,TRUE,,792,Made en Drimmelen
10258,10258_1903,1903,,794,,,,,1900,3898,TRUE,,794,Made en Drimmelen
10258,10258_1904,1904,,810,,,,,1900,3974,TRUE,,810,Made en Drimmelen
10258,10258_1905,1905,,829,,,,,1900,4068,TRUE,,829,Made en Drimmelen
10258,10258_1906,1906,,839,,,,,1910,4113,TRUE,,839,Made en Drimmelen
10258,10258_1907,1907,,851,,,,,1910,4174,TRUE,,851,Made en Drimmelen
10258,10258_1908,1908,,860,,,,,1910,4218,TRUE,,860,Made en Drimmelen
10258,10258_1909,1909,808,865,,,,,1910,4240,TRUE,,865,Made en Drimmelen
10258,10258_1910,1910,,885,,,,,1910,4338,TRUE,,885,Made en Drimmelen
10258,10258_1911,1911,,887,,,,,1910,4348,TRUE,,887,Made en Drimmelen
10258,10258_1912,1912,,926,,,,,1910,4534,TRUE,,926,Made en Drimmelen
10258,10258_1913,1913,,941,,,,,1910,4608,TRUE,,941,Made en Drimmelen
10258,10258_1914,1914,,975,,,,,1910,4769,TRUE,,975,Made en Drimmelen
10258,10258_1915,1915,,985,,,,,1920,4817,TRUE,,985,Made en Drimmelen
10258,10258_1916,1916,,992,,,,,1920,4851,TRUE,,992,Made en Drimmelen
10258,10258_1917,1917,,986,,,,,1920,4823,TRUE,,986,Made en Drimmelen
10258,10258_1918,1918,,984,,,,,1920,4814,TRUE,,984,Made en Drimmelen
10258,10258_1919,1919,,982,,,,,1920,4804,TRUE,,982,Made en Drimmelen
10258,10258_1920,1920,888,1011,,,,,1920,4946,TRUE,,1011,Made en Drimmelen
10258,10258_1921,1921,,1033,,,,,1920,5051,TRUE,,1033,Made en Drimmelen
10259,10259_1849,1849,379,440,,,,,1850,,FALSE,440,,Beesd
10259,10259_1850,1850,,,,,,,1850,,TRUE,442,,Beesd
10259,10259_1851,1851,,465,,,,,1850,2309,TRUE,445,465,Beesd
10259,10259_1852,1852,,474,,,,,1850,2355,TRUE,447,474,Beesd
10259,10259_1853,1853,,487,,,,,1850,2416,TRUE,450,487,Beesd
10259,10259_1854,1854,,495,,,,,1850,2454,TRUE,452,495,Beesd
10259,10259_1855,1855,,501,,,,,1860,2482,TRUE,455,501,Beesd
10259,10259_1856,1856,,494,,,,,1860,2450,TRUE,457,494,Beesd
10259,10259_1857,1857,,499,,,,,1860,2473,TRUE,460,499,Beesd
10259,10259_1858,1858,,500,,,,,1860,2478,TRUE,462,500,Beesd
10259,10259_1859,1859,456,465,,,,,1860,2430,FALSE,465,490,Beesd
10259,10259_1860,1860,,492,,,,,1860,2440,TRUE,466,492,Beesd
10259,10259_1861,1861,,489,,,,,1860,2425,TRUE,468,489,Beesd
10259,10259_1862,1862,,478,,,,,1860,2372,TRUE,470,478,Beesd
10259,10259_1863,1863,,477,,,,,1860,2368,TRUE,471,477,Beesd
10259,10259_1864,1864,,471,,,,,1860,2336,TRUE,473,471,Beesd
10259,10259_1865,1865,,469,,,,,1860,2327,TRUE,475,469,Beesd
10259,10259_1866,1866,,464,,,,,1870,2305,TRUE,476,464,Beesd
10259,10259_1867,1867,,458,,,,,1870,2276,TRUE,478,458,Beesd
10259,10259_1868,1868,,465,,,,,1870,2308,TRUE,480,465,Beesd
10259,10259_1869,1869,457,482,,,,,1870,2321,FALSE,482,467,Beesd
10259,10259_1870,1870,,471,,,,,1870,2338,TRUE,483,471,Beesd
10259,10259_1871,1871,,474,,,,,1870,2351,TRUE,484,474,Beesd
10259,10259_1872,1872,,472,,,,,1870,2344,TRUE,485,472,Beesd
10259,10259_1873,1873,,471,,,,,1870,2338,TRUE,486,471,Beesd
10259,10259_1874,1874,,477,,,,,1870,2365,TRUE,487,477,Beesd
10259,10259_1875,1875,,478,,,,,1880,2372,TRUE,488,478,Beesd
10259,10259_1876,1876,,478,,,,,1880,2373,TRUE,489,478,Beesd
10259,10259_1877,1877,,485,,,,,1880,2408,TRUE,490,485,Beesd
10259,10259_1878,1878,,486,,,,,1880,2412,TRUE,491,486,Beesd
10259,10259_1879,1879,507,492,419,73,9,12,1880,2422,FALSE,492,488,Beesd
10259,10259_1880,1880,,497,,,,,1880,2462,TRUE,492,497,Beesd
10259,10259_1881,1881,,505,,,,,1880,2501,TRUE,493,505,Beesd
10259,10259_1882,1882,,507,,,,,1880,2513,TRUE,494,507,Beesd
10259,10259_1883,1883,,507,,,,,1880,2511,TRUE,495,507,Beesd
10259,10259_1884,1884,,505,,,,,1880,2501,TRUE,496,505,Beesd
10259,10259_1885,1885,,502,,,,,1880,2489,TRUE,497,502,Beesd
10259,10259_1886,1886,,510,,,,,1890,2526,TRUE,498,510,Beesd
10259,10259_1887,1887,,510,,,,,1890,2528,TRUE,499,510,Beesd
10259,10259_1888,1888,,503,,,,,1890,2493,TRUE,500,503,Beesd
10259,10259_1889,1889,530,501,437,64,18,22,1890,2494,FALSE,501,503,Beesd
10259,10259_1890,1890,,507,,,,,1890,2514,TRUE,499,507,Beesd
10259,10259_1891,1891,,485,,,,,1890,2407,TRUE,498,485,Beesd
10259,10259_1892,1892,,480,,,,,1890,2382,TRUE,497,480,Beesd
10259,10259_1893,1893,,487,,,,,1890,2416,TRUE,496,487,Beesd
10259,10259_1894,1894,,487,,,,,1890,2415,TRUE,495,487,Beesd
10259,10259_1895,1895,,493,,,,,1900,2446,TRUE,493,493,Beesd
10259,10259_1896,1896,,498,,,,,1900,2467,TRUE,492,498,Beesd
10259,10259_1897,1897,,497,,,,,1900,2464,TRUE,491,497,Beesd
10259,10259_1898,1898,,494,,,,,1900,2448,TRUE,490,494,Beesd
10259,10259_1899,1899,519,489,415,74,18,17,1900,2402,FALSE,489,484,Beesd
10259,10259_1900,1900,,476,,,,,1900,2361,TRUE,,476,Beesd
10259,10259_1901,1901,,485,,,,,1900,2406,TRUE,,485,Beesd
10259,10259_1902,1902,,490,,,,,1900,2430,TRUE,,490,Beesd
10259,10259_1903,1903,,490,,,,,1900,2431,TRUE,,490,Beesd
10259,10259_1904,1904,,484,,,,,1900,2400,TRUE,,484,Beesd
10259,10259_1905,1905,,486,,,,,1900,2411,TRUE,,486,Beesd
10259,10259_1906,1906,,478,,,,,1910,2371,TRUE,,478,Beesd
10259,10259_1907,1907,,479,,,,,1910,2376,TRUE,,479,Beesd
10259,10259_1908,1908,,488,,,,,1910,2421,TRUE,,488,Beesd
10259,10259_1909,1909,517,494,,,,,1910,2450,TRUE,,494,Beesd
10259,10259_1910,1910,,494,,,,,1910,2449,TRUE,,494,Beesd
10259,10259_1911,1911,,491,,,,,1910,2435,TRUE,,491,Beesd
10259,10259_1912,1912,,497,,,,,1910,2463,TRUE,,497,Beesd
10259,10259_1913,1913,,507,,,,,1910,2511,TRUE,,507,Beesd
10259,10259_1914,1914,,511,,,,,1910,2532,TRUE,,511,Beesd
10259,10259_1915,1915,,519,,,,,1920,2569,TRUE,,519,Beesd
10259,10259_1916,1916,,520,,,,,1920,2576,TRUE,,520,Beesd
10259,10259_1917,1917,,520,,,,,1920,2574,TRUE,,520,Beesd
10259,10259_1918,1918,,527,,,,,1920,2607,TRUE,,527,Beesd
10259,10259_1919,1919,,519,,,,,1920,2570,TRUE,,519,Beesd
10259,10259_1920,1920,537,508,,,,,1920,2518,TRUE,,508,Beesd
10259,10259_1921,1921,,517,,,,,1920,2558,TRUE,,517,Beesd
10262,10262_1849,1849,349,409,,,,,1850,,FALSE,409,,Zuidwolde
10262,10262_1850,1850,,,,,,,1850,,TRUE,426,,Zuidwolde
10262,10262_1851,1851,,440,,,,,1850,2190,TRUE,443,440,Zuidwolde
10262,10262_1852,1852,,442,,,,,1850,2200,TRUE,460,442,Zuidwolde
10262,10262_1853,1853,,460,,,,,1850,2285,TRUE,477,460,Zuidwolde
10262,10262_1854,1854,,483,,,,,1850,2394,TRUE,494,483,Zuidwolde
10262,10262_1855,1855,,507,,,,,1860,2513,TRUE,511,507,Zuidwolde
10262,10262_1856,1856,,537,,,,,1860,2655,TRUE,528,537,Zuidwolde
10262,10262_1857,1857,,572,,,,,1860,2826,TRUE,545,572,Zuidwolde
10262,10262_1858,1858,,587,,,,,1860,2897,TRUE,562,587,Zuidwolde
10262,10262_1859,1859,575,580,,,,,1860,2948,FALSE,580,597,Zuidwolde
10262,10262_1860,1860,,615,,,,,1860,3034,TRUE,587,615,Zuidwolde
10262,10262_1861,1861,,630,,,,,1860,3105,TRUE,595,630,Zuidwolde
10262,10262_1862,1862,,647,,,,,1860,3189,TRUE,603,647,Zuidwolde
10262,10262_1863,1863,,648,,,,,1860,3191,TRUE,610,648,Zuidwolde
10262,10262_1864,1864,,653,,,,,1860,3218,TRUE,618,653,Zuidwolde
10262,10262_1865,1865,,659,,,,,1860,3245,TRUE,626,659,Zuidwolde
10262,10262_1866,1866,,675,,,,,1870,3323,TRUE,633,675,Zuidwolde
10262,10262_1867,1867,,702,,,,,1870,3455,TRUE,641,702,Zuidwolde
10262,10262_1868,1868,,726,,,,,1870,3569,TRUE,649,726,Zuidwolde
10262,10262_1869,1869,648,657,,,,,1870,3253,FALSE,657,661,Zuidwolde
10262,10262_1870,1870,,663,,,,,1870,3263,TRUE,658,663,Zuidwolde
10262,10262_1871,1871,,680,,,,,1870,3345,TRUE,659,680,Zuidwolde
10262,10262_1872,1872,,692,,,,,1870,3405,TRUE,660,692,Zuidwolde
10262,10262_1873,1873,,685,,,,,1870,3371,TRUE,661,685,Zuidwolde
10262,10262_1874,1874,,706,,,,,1870,3473,TRUE,663,706,Zuidwolde
10262,10262_1875,1875,,705,,,,,1880,3466,TRUE,664,705,Zuidwolde
10262,10262_1876,1876,,698,,,,,1880,3433,TRUE,665,698,Zuidwolde
10262,10262_1877,1877,,694,,,,,1880,3413,TRUE,666,694,Zuidwolde
10262,10262_1878,1878,,717,,,,,1880,3527,TRUE,667,717,Zuidwolde
10262,10262_1879,1879,675,669,635,34,6,8,1880,3448,FALSE,669,701,Zuidwolde
10262,10262_1880,1880,,705,,,,,1880,3467,TRUE,671,705,Zuidwolde
10262,10262_1881,1881,,693,,,,,1880,3410,TRUE,673,693,Zuidwolde
10262,10262_1882,1882,,685,,,,,1880,3369,TRUE,675,685,Zuidwolde
10262,10262_1883,1883,,689,,,,,1880,3392,TRUE,677,689,Zuidwolde
10262,10262_1884,1884,,695,,,,,1880,3421,TRUE,680,695,Zuidwolde
10262,10262_1885,1885,,688,,,,,1880,3387,TRUE,682,688,Zuidwolde
10262,10262_1886,1886,,690,,,,,1890,3395,TRUE,684,690,Zuidwolde
10262,10262_1887,1887,,697,,,,,1890,3430,TRUE,686,697,Zuidwolde
10262,10262_1888,1888,,703,,,,,1890,3459,TRUE,688,703,Zuidwolde
10262,10262_1889,1889,,691,638,53,11,8,1890,3365,FALSE,691,684,Zuidwolde
10262,10262_1890,1890,,683,,,,,1890,3362,TRUE,692,683,Zuidwolde
10262,10262_1891,1891,,690,,,,,1890,3395,TRUE,693,690,Zuidwolde
10262,10262_1892,1892,,688,,,,,1890,3387,TRUE,694,688,Zuidwolde
10262,10262_1893,1893,,686,,,,,1890,3375,TRUE,695,686,Zuidwolde
10262,10262_1894,1894,,699,,,,,1890,3441,TRUE,696,699,Zuidwolde
10262,10262_1895,1895,,700,,,,,1900,3446,TRUE,697,700,Zuidwolde
10262,10262_1896,1896,,706,,,,,1900,3474,TRUE,698,706,Zuidwolde
10262,10262_1897,1897,,715,,,,,1900,3518,TRUE,699,715,Zuidwolde
10262,10262_1898,1898,,718,,,,,1900,3530,TRUE,700,718,Zuidwolde
10262,10262_1899,1899,713,701,640,61,5,11,1900,3550,FALSE,701,722,Zuidwolde
10262,10262_1900,1900,,727,,,,,1900,3576,TRUE,,727,Zuidwolde
10262,10262_1901,1901,,736,,,,,1900,3617,TRUE,,736,Zuidwolde
10262,10262_1902,1902,,754,,,,,1900,3706,TRUE,,754,Zuidwolde
10262,10262_1903,1903,,764,,,,,1900,3753,TRUE,,764,Zuidwolde
10262,10262_1904,1904,,781,,,,,1900,3833,TRUE,,781,Zuidwolde
10262,10262_1905,1905,,802,,,,,1900,3937,TRUE,,802,Zuidwolde
10262,10262_1906,1906,,830,,,,,1910,4069,TRUE,,830,Zuidwolde
10262,10262_1907,1907,,847,,,,,1910,4151,TRUE,,847,Zuidwolde
10262,10262_1908,1908,,871,,,,,1910,4271,TRUE,,871,Zuidwolde
10262,10262_1909,1909,879,878,,,,,1910,4303,TRUE,,878,Zuidwolde
10262,10262_1910,1910,,899,,,,,1910,4402,TRUE,,899,Zuidwolde
10262,10262_1911,1911,,910,,,,,1910,4456,TRUE,,910,Zuidwolde
10262,10262_1912,1912,,916,,,,,1910,4485,TRUE,,916,Zuidwolde
10262,10262_1913,1913,,932,,,,,1910,4562,TRUE,,932,Zuidwolde
10262,10262_1914,1914,,954,,,,,1910,4672,TRUE,,954,Zuidwolde
10262,10262_1915,1915,,968,,,,,1920,4739,TRUE,,968,Zuidwolde
10262,10262_1916,1916,,987,,,,,1920,4828,TRUE,,987,Zuidwolde
10262,10262_1917,1917,,1001,,,,,1920,4895,TRUE,,1001,Zuidwolde
10262,10262_1918,1918,,1006,,,,,1920,4923,TRUE,,1006,Zuidwolde
10262,10262_1919,1919,,1017,,,,,1920,4972,TRUE,,1017,Zuidwolde
10262,10262_1920,1920,986,1026,,,,,1920,5018,TRUE,,1026,Zuidwolde
10262,10262_1921,1921,,1036,,,,,1920,5067,TRUE,,1036,Zuidwolde
10327,10327_1849,1849,571,788,,,,,1850,,FALSE,788,,Doesburg
10327,10327_1850,1850,,,,,,,1850,,TRUE,788,,Doesburg
10327,10327_1851,1851,,752,,,,,1850,3695,TRUE,789,752,Doesburg
10327,10327_1852,1852,,775,,,,,1850,3804,TRUE,789,775,Doesburg
10327,10327_1853,1853,,779,,,,,1850,3824,TRUE,790,779,Doesburg
10327,10327_1854,1854,,784,,,,,1850,3848,TRUE,791,784,Doesburg
10327,10327_1855,1855,,785,,,,,1860,3852,TRUE,791,785,Doesburg
10327,10327_1856,1856,,795,,,,,1860,3901,TRUE,792,795,Doesburg
10327,10327_1857,1857,,787,,,,,1860,3864,TRUE,792,787,Doesburg
10327,10327_1858,1858,,810,,,,,1860,3977,TRUE,793,810,Doesburg
10327,10327_1859,1859,709,794,,,,,1860,3975,FALSE,794,810,Doesburg
10327,10327_1860,1860,,808,,,,,1860,3967,TRUE,821,808,Doesburg
10327,10327_1861,1861,,834,,,,,1860,4092,TRUE,849,834,Doesburg
10327,10327_1862,1862,,844,,,,,1860,4141,TRUE,877,844,Doesburg
10327,10327_1863,1863,,840,,,,,1860,4121,TRUE,905,840,Doesburg
10327,10327_1864,1864,,829,,,,,1860,4064,TRUE,933,829,Doesburg
10327,10327_1865,1865,,836,,,,,1860,4102,TRUE,960,836,Doesburg
10327,10327_1866,1866,,873,,,,,1870,4281,TRUE,988,873,Doesburg
10327,10327_1867,1867,,900,,,,,1870,4408,TRUE,1016,900,Doesburg
10327,10327_1868,1868,,956,,,,,1870,4679,TRUE,1044,956,Doesburg
10327,10327_1869,1869,1666,1072,,,,,1870,4335,FALSE,1072,885,Doesburg
10327,10327_1870,1870,,902,,,,,1870,4420,TRUE,1057,902,Doesburg
10327,10327_1871,1871,,899,,,,,1870,4405,TRUE,1043,899,Doesburg
10327,10327_1872,1872,,901,,,,,1870,4414,TRUE,1028,901,Doesburg
10327,10327_1873,1873,,899,,,,,1870,4402,TRUE,1014,899,Doesburg
10327,10327_1874,1874,,900,,,,,1870,4411,TRUE,999,900,Doesburg
10327,10327_1875,1875,,916,,,,,1880,4485,TRUE,985,916,Doesburg
10327,10327_1876,1876,,922,,,,,1880,4517,TRUE,970,922,Doesburg
10327,10327_1877,1877,,924,,,,,1880,4526,TRUE,956,924,Doesburg
10327,10327_1878,1878,,930,,,,,1880,4556,TRUE,941,930,Doesburg
10327,10327_1879,1879,876,927,754,173,35,71,1880,4541,FALSE,927,927,Doesburg
10327,10327_1880,1880,,923,,,,,1880,4521,TRUE,925,923,Doesburg
10327,10327_1881,1881,,917,,,,,1880,4490,TRUE,924,917,Doesburg
10327,10327_1882,1882,,916,,,,,1880,4484,TRUE,923,916,Doesburg
10327,10327_1883,1883,,925,,,,,1880,4532,TRUE,921,925,Doesburg
10327,10327_1884,1884,,914,,,,,1880,4479,TRUE,920,914,Doesburg
10327,10327_1885,1885,,905,,,,,1880,4433,TRUE,919,905,Doesburg
10327,10327_1886,1886,,905,,,,,1890,4433,TRUE,917,905,Doesburg
10327,10327_1887,1887,,907,,,,,1890,4442,TRUE,916,907,Doesburg
10327,10327_1888,1888,,900,,,,,1890,4410,TRUE,915,900,Doesburg
10327,10327_1889,1889,845,914,752,162,55,64,1890,4457,FALSE,914,910,Doesburg
10327,10327_1890,1890,,920,,,,,1890,4505,TRUE,911,920,Doesburg
10327,10327_1891,1891,,921,,,,,1890,4511,TRUE,909,921,Doesburg
10327,10327_1892,1892,,914,,,,,1890,4479,TRUE,907,914,Doesburg
10327,10327_1893,1893,,926,,,,,1890,4535,TRUE,905,926,Doesburg
10327,10327_1894,1894,,938,,,,,1890,4591,TRUE,903,938,Doesburg
10327,10327_1895,1895,,924,,,,,1900,4523,TRUE,901,924,Doesburg
10327,10327_1896,1896,,918,,,,,1900,4498,TRUE,899,918,Doesburg
10327,10327_1897,1897,,910,,,,,1900,4458,TRUE,897,910,Doesburg
10327,10327_1898,1898,,903,,,,,1900,4424,TRUE,895,903,Doesburg
10327,10327_1899,1899,906,893,766,127,29,81,1900,4442,FALSE,893,907,Doesburg
10327,10327_1900,1900,,901,,,,,1900,4412,TRUE,,901,Doesburg
10327,10327_1901,1901,,895,,,,,1900,4385,TRUE,,895,Doesburg
10327,10327_1902,1902,,899,,,,,1900,4402,TRUE,,899,Doesburg
10327,10327_1903,1903,,899,,,,,1900,4402,TRUE,,899,Doesburg
10327,10327_1904,1904,,895,,,,,1900,4384,TRUE,,895,Doesburg
10327,10327_1905,1905,,896,,,,,1900,4391,TRUE,,896,Doesburg
10327,10327_1906,1906,,884,,,,,1910,4331,TRUE,,884,Doesburg
10327,10327_1907,1907,,912,,,,,1910,4469,TRUE,,912,Doesburg
10327,10327_1908,1908,,911,,,,,1910,4464,TRUE,,911,Doesburg
10327,10327_1909,1909,926,911,,,,,1910,4460,TRUE,,911,Doesburg
10327,10327_1910,1910,,910,,,,,1910,4458,TRUE,,910,Doesburg
10327,10327_1911,1911,,916,,,,,1910,4488,TRUE,,916,Doesburg
10327,10327_1912,1912,,900,,,,,1910,4409,TRUE,,900,Doesburg
10327,10327_1913,1913,,905,,,,,1910,4433,TRUE,,905,Doesburg
10327,10327_1914,1914,,902,,,,,1910,4420,TRUE,,902,Doesburg
10327,10327_1915,1915,,902,,,,,1920,4421,TRUE,,902,Doesburg
10327,10327_1916,1916,,932,,,,,1920,4563,TRUE,,932,Doesburg
10327,10327_1917,1917,,944,,,,,1920,4622,TRUE,,944,Doesburg
10327,10327_1918,1918,,951,,,,,1920,4654,TRUE,,951,Doesburg
10327,10327_1919,1919,,954,,,,,1920,4669,TRUE,,954,Doesburg
10327,10327_1920,1920,997,954,,,,,1920,4672,TRUE,,954,Doesburg
10327,10327_1921,1921,,975,,,,,1920,4773,TRUE,,975,Doesburg
10330,10330_1849,1849,402,534,,,,,1850,,FALSE,534,,Rauwerderhem
10330,10330_1850,1850,,,,,,,1850,,TRUE,535,,Rauwerderhem
10330,10330_1851,1851,,495,,,,,1850,2452,TRUE,537,495,Rauwerderhem
10330,10330_1852,1852,,506,,,,,1850,2508,TRUE,538,506,Rauwerderhem
10330,10330_1853,1853,,512,,,,,1850,2534,TRUE,540,512,Rauwerderhem
10330,10330_1854,1854,,516,,,,,1850,2554,TRUE,541,516,Rauwerderhem
10330,10330_1855,1855,,512,,,,,1860,2536,TRUE,543,512,Rauwerderhem
10330,10330_1856,1856,,529,,,,,1860,2616,TRUE,544,529,Rauwerderhem
10330,10330_1857,1857,,528,,,,,1860,2614,TRUE,546,528,Rauwerderhem
10330,10330_1858,1858,,531,,,,,1860,2626,TRUE,547,531,Rauwerderhem
10330,10330_1859,1859,550,549,,,,,1860,2476,FALSE,549,500,Rauwerderhem
10330,10330_1860,1860,,505,,,,,1860,2501,TRUE,555,505,Rauwerderhem
10330,10330_1861,1861,,519,,,,,1860,2568,TRUE,562,519,Rauwerderhem
10330,10330_1862,1862,,528,,,,,1860,2612,TRUE,569,528,Rauwerderhem
10330,10330_1863,1863,,527,,,,,1860,2608,TRUE,576,527,Rauwerderhem
10330,10330_1864,1864,,532,,,,,1860,2632,TRUE,583,532,Rauwerderhem
10330,10330_1865,1865,,527,,,,,1860,2607,TRUE,590,527,Rauwerderhem
10330,10330_1866,1866,,530,,,,,1870,2623,TRUE,597,530,Rauwerderhem
10330,10330_1867,1867,,536,,,,,1870,2650,TRUE,604,536,Rauwerderhem
10330,10330_1868,1868,,542,,,,,1870,2680,TRUE,611,542,Rauwerderhem
10330,10330_1869,1869,1126,618,,,,,1870,2583,FALSE,618,522,Rauwerderhem
10330,10330_1870,1870,,528,,,,,1870,2611,TRUE,619,528,Rauwerderhem
10330,10330_1871,1871,,534,,,,,1870,2641,TRUE,621,534,Rauwerderhem
10330,10330_1872,1872,,537,,,,,1870,2655,TRUE,622,537,Rauwerderhem
10330,10330_1873,1873,,543,,,,,1870,2686,TRUE,624,543,Rauwerderhem
10330,10330_1874,1874,,549,,,,,1870,2717,TRUE,626,549,Rauwerderhem
10330,10330_1875,1875,,555,,,,,1880,2744,TRUE,627,555,Rauwerderhem
10330,10330_1876,1876,,557,,,,,1880,2754,TRUE,629,557,Rauwerderhem
10330,10330_1877,1877,,567,,,,,1880,2803,TRUE,630,567,Rauwerderhem
10330,10330_1878,1878,,571,,,,,1880,2820,TRUE,632,571,Rauwerderhem
10330,10330_1879,1879,667,634,564,70,11,42,1880,2850,FALSE,634,577,Rauwerderhem
10330,10330_1880,1880,,582,,,,,1880,2872,TRUE,639,582,Rauwerderhem
10330,10330_1881,1881,,591,,,,,1880,2916,TRUE,644,591,Rauwerderhem
10330,10330_1882,1882,,593,,,,,1880,2926,TRUE,649,593,Rauwerderhem
10330,10330_1883,1883,,591,,,,,1880,2917,TRUE,654,591,Rauwerderhem
10330,10330_1884,1884,,595,,,,,1880,2935,TRUE,660,595,Rauwerderhem
10330,10330_1885,1885,,594,,,,,1880,2930,TRUE,665,594,Rauwerderhem
10330,10330_1886,1886,,594,,,,,1890,2933,TRUE,670,594,Rauwerderhem
10330,10330_1887,1887,,590,,,,,1890,2913,TRUE,675,590,Rauwerderhem
10330,10330_1888,1888,,594,,,,,1890,2933,TRUE,680,594,Rauwerderhem
10330,10330_1889,1889,,686,602,84,18,29,1890,2934,FALSE,686,594,Rauwerderhem
10330,10330_1890,1890,,600,,,,,1890,2961,TRUE,683,600,Rauwerderhem
10330,10330_1891,1891,,600,,,,,1890,2961,TRUE,681,600,Rauwerderhem
10330,10330_1892,1892,,601,,,,,1890,2966,TRUE,679,601,Rauwerderhem
10330,10330_1893,1893,,601,,,,,1890,2965,TRUE,677,601,Rauwerderhem
10330,10330_1894,1894,,599,,,,,1890,2957,TRUE,675,599,Rauwerderhem
10330,10330_1895,1895,,596,,,,,1900,2943,TRUE,672,596,Rauwerderhem
10330,10330_1896,1896,,589,,,,,1900,2907,TRUE,670,589,Rauwerderhem
10330,10330_1897,1897,,585,,,,,1900,2890,TRUE,668,585,Rauwerderhem
10330,10330_1898,1898,,579,,,,,1900,2861,TRUE,666,579,Rauwerderhem
10330,10330_1899,1899,694,664,600,64,22,32,1900,2816,FALSE,664,570,Rauwerderhem
10330,10330_1900,1900,,572,,,,,1900,2825,TRUE,,572,Rauwerderhem
10330,10330_1901,1901,,567,,,,,1900,2803,TRUE,,567,Rauwerderhem
10330,10330_1902,1902,,569,,,,,1900,2810,TRUE,,569,Rauwerderhem
10330,10330_1903,1903,,569,,,,,1900,2812,TRUE,,569,Rauwerderhem
10330,10330_1904,1904,,562,,,,,1900,2778,TRUE,,562,Rauwerderhem
10330,10330_1905,1905,,570,,,,,1900,2817,TRUE,,570,Rauwerderhem
10330,10330_1906,1906,,564,,,,,1910,2785,TRUE,,564,Rauwerderhem
10330,10330_1907,1907,,564,,,,,1910,2788,TRUE,,564,Rauwerderhem
10330,10330_1908,1908,,565,,,,,1910,2791,TRUE,,565,Rauwerderhem
10330,10330_1909,1909,715,560,,,,,1910,2769,TRUE,,560,Rauwerderhem
10330,10330_1910,1910,,571,,,,,1910,2823,TRUE,,571,Rauwerderhem
10330,10330_1911,1911,,564,,,,,1910,2788,TRUE,,564,Rauwerderhem
10330,10330_1912,1912,,560,,,,,1910,2766,TRUE,,560,Rauwerderhem
10330,10330_1913,1913,,565,,,,,1910,2790,TRUE,,565,Rauwerderhem
10330,10330_1914,1914,,553,,,,,1910,2732,TRUE,,553,Rauwerderhem
10330,10330_1915,1915,,553,,,,,1920,2736,TRUE,,553,Rauwerderhem
10330,10330_1916,1916,,566,,,,,1920,2795,TRUE,,566,Rauwerderhem
10330,10330_1917,1917,,566,,,,,1920,2799,TRUE,,566,Rauwerderhem
10330,10330_1918,1918,,561,,,,,1920,2774,TRUE,,561,Rauwerderhem
10330,10330_1919,1919,,577,,,,,1920,2852,TRUE,,577,Rauwerderhem
10330,10330_1920,1920,741,580,,,,,1920,2865,TRUE,,580,Rauwerderhem
10330,10330_1921,1921,,585,,,,,1920,2890,TRUE,,585,Rauwerderhem
10331,10331_1849,1849,229,271,,,,,1850,,FALSE,271,,Dwingeloo
10331,10331_1850,1850,,,,,,,1850,,TRUE,274,,Dwingeloo
10331,10331_1851,1851,,290,,,,,1850,1466,TRUE,277,290,Dwingeloo
10331,10331_1852,1852,,299,,,,,1850,1508,TRUE,280,299,Dwingeloo
10331,10331_1853,1853,,302,,,,,1850,1523,TRUE,283,302,Dwingeloo
10331,10331_1854,1854,,306,,,,,1850,1542,TRUE,286,306,Dwingeloo
10331,10331_1855,1855,,312,,,,,1860,1570,TRUE,289,312,Dwingeloo
10331,10331_1856,1856,,320,,,,,1860,1611,TRUE,292,320,Dwingeloo
10331,10331_1857,1857,,324,,,,,1860,1630,TRUE,295,324,Dwingeloo
10331,10331_1858,1858,,328,,,,,1860,1649,TRUE,298,328,Dwingeloo
10331,10331_1859,1859,263,301,,,,,1860,1655,FALSE,301,329,Dwingeloo
10331,10331_1860,1860,,337,,,,,1860,1692,TRUE,304,337,Dwingeloo
10331,10331_1861,1861,,330,,,,,1860,1659,TRUE,308,330,Dwingeloo
10331,10331_1862,1862,,335,,,,,1860,1680,TRUE,312,335,Dwingeloo
10331,10331_1863,1863,,340,,,,,1860,1705,TRUE,316,340,Dwingeloo
10331,10331_1864,1864,,337,,,,,1860,1690,TRUE,320,337,Dwingeloo
10331,10331_1865,1865,,339,,,,,1860,1701,TRUE,323,339,Dwingeloo
10331,10331_1866,1866,,339,,,,,1870,1699,TRUE,327,339,Dwingeloo
10331,10331_1867,1867,,346,,,,,1870,1734,TRUE,331,346,Dwingeloo
10331,10331_1868,1868,,350,,,,,1870,1753,TRUE,335,350,Dwingeloo
10331,10331_1869,1869,614,339,,,,,1870,1770,FALSE,339,353,Dwingeloo
10331,10331_1870,1870,,349,,,,,1870,1749,TRUE,342,349,Dwingeloo
10331,10331_1871,1871,,353,,,,,1870,1771,TRUE,345,353,Dwingeloo
10331,10331_1872,1872,,357,,,,,1870,1789,TRUE,348,357,Dwingeloo
10331,10331_1873,1873,,359,,,,,1870,1800,TRUE,351,359,Dwingeloo
10331,10331_1874,1874,,360,,,,,1870,1803,TRUE,354,360,Dwingeloo
10331,10331_1875,1875,,368,,,,,1880,1839,TRUE,357,368,Dwingeloo
10331,10331_1876,1876,,378,,,,,1880,1890,TRUE,360,378,Dwingeloo
10331,10331_1877,1877,,389,,,,,1880,1944,TRUE,363,389,Dwingeloo
10331,10331_1878,1878,,390,,,,,1880,1948,TRUE,366,390,Dwingeloo
10331,10331_1879,1879,347,369,339,30,7,3,1880,1962,FALSE,369,393,Dwingeloo
10331,10331_1880,1880,,401,,,,,1880,2001,TRUE,371,401,Dwingeloo
10331,10331_1881,1881,,394,,,,,1880,1966,TRUE,374,394,Dwingeloo
10331,10331_1882,1882,,403,,,,,1880,2012,TRUE,377,403,Dwingeloo
10331,10331_1883,1883,,404,,,,,1880,2015,TRUE,379,404,Dwingeloo
10331,10331_1884,1884,,409,,,,,1880,2040,TRUE,382,409,Dwingeloo
10331,10331_1885,1885,,413,,,,,1880,2057,TRUE,385,413,Dwingeloo
10331,10331_1886,1886,,420,,,,,1890,2094,TRUE,387,420,Dwingeloo
10331,10331_1887,1887,,425,,,,,1890,2118,TRUE,390,425,Dwingeloo
10331,10331_1888,1888,,433,,,,,1890,2156,TRUE,393,433,Dwingeloo
10331,10331_1889,1889,,396,363,33,8,2,1890,2126,FALSE,396,427,Dwingeloo
10331,10331_1890,1890,,433,,,,,1890,2156,TRUE,399,433,Dwingeloo
10331,10331_1891,1891,,437,,,,,1890,2173,TRUE,402,437,Dwingeloo
10331,10331_1892,1892,,443,,,,,1890,2201,TRUE,405,443,Dwingeloo
10331,10331_1893,1893,,451,,,,,1890,2244,TRUE,408,451,Dwingeloo
10331,10331_1894,1894,,454,,,,,1890,2257,TRUE,412,454,Dwingeloo
10331,10331_1895,1895,,457,,,,,1900,2273,TRUE,415,457,Dwingeloo
10331,10331_1896,1896,,463,,,,,1900,2301,TRUE,418,463,Dwingeloo
10331,10331_1897,1897,,465,,,,,1900,2308,TRUE,421,465,Dwingeloo
10331,10331_1898,1898,,469,,,,,1900,2331,TRUE,424,469,Dwingeloo
10331,10331_1899,1899,400,428,389,39,6,5,1900,2345,FALSE,428,472,Dwingeloo
10331,10331_1900,1900,,475,,,,,1900,2357,TRUE,,475,Dwingeloo
10331,10331_1901,1901,,477,,,,,1900,2365,TRUE,,477,Dwingeloo
10331,10331_1902,1902,,478,,,,,1900,2374,TRUE,,478,Dwingeloo
10331,10331_1903,1903,,477,,,,,1900,2368,TRUE,,477,Dwingeloo
10331,10331_1904,1904,,477,,,,,1900,2365,TRUE,,477,Dwingeloo
10331,10331_1905,1905,,482,,,,,1900,2390,TRUE,,482,Dwingeloo
10331,10331_1906,1906,,482,,,,,1910,2390,TRUE,,482,Dwingeloo
10331,10331_1907,1907,,491,,,,,1910,2434,TRUE,,491,Dwingeloo
10331,10331_1908,1908,,494,,,,,1910,2450,TRUE,,494,Dwingeloo
10331,10331_1909,1909,448,494,,,,,1910,2447,TRUE,,494,Dwingeloo
10331,10331_1910,1910,,498,,,,,1910,2467,TRUE,,498,Dwingeloo
10331,10331_1911,1911,,494,,,,,1910,2450,TRUE,,494,Dwingeloo
10331,10331_1912,1912,,512,,,,,1910,2534,TRUE,,512,Dwingeloo
10331,10331_1913,1913,,517,,,,,1910,2561,TRUE,,517,Dwingeloo
10331,10331_1914,1914,,528,,,,,1910,2612,TRUE,,528,Dwingeloo
10331,10331_1915,1915,,538,,,,,1920,2664,TRUE,,538,Dwingeloo
10331,10331_1916,1916,,545,,,,,1920,2695,TRUE,,545,Dwingeloo
10331,10331_1917,1917,,548,,,,,1920,2708,TRUE,,548,Dwingeloo
10331,10331_1918,1918,,550,,,,,1920,2720,TRUE,,550,Dwingeloo
10331,10331_1919,1919,,553,,,,,1920,2732,TRUE,,553,Dwingeloo
10331,10331_1920,1920,516,562,,,,,1920,2776,TRUE,,562,Dwingeloo
10331,10331_1921,1921,,564,,,,,1920,2787,TRUE,,564,Dwingeloo
10349,10349_1849,1849,425,752,,,,,1850,,FALSE,752,,Alkemade
10349,10349_1850,1850,,,,,,,1850,,TRUE,754,,Alkemade
10349,10349_1851,1851,,719,,,,,1850,3533,TRUE,757,719,Alkemade
10349,10349_1852,1852,,741,,,,,1850,3640,TRUE,760,741,Alkemade
10349,10349_1853,1853,,750,,,,,1850,3684,TRUE,763,750,Alkemade
10349,10349_1854,1854,,758,,,,,1850,3723,TRUE,766,758,Alkemade
10349,10349_1855,1855,,740,,,,,1860,3639,TRUE,769,740,Alkemade
10349,10349_1856,1856,,751,,,,,1860,3691,TRUE,772,751,Alkemade
10349,10349_1857,1857,,719,,,,,1860,3536,TRUE,775,719,Alkemade
10349,10349_1858,1858,,739,,,,,1860,3633,TRUE,778,739,Alkemade
10349,10349_1859,1859,446,781,,,,,1860,3566,FALSE,781,725,Alkemade
10349,10349_1860,1860,,728,,,,,1860,3578,TRUE,786,728,Alkemade
10349,10349_1861,1861,,730,,,,,1860,3590,TRUE,792,730,Alkemade
10349,10349_1862,1862,,733,,,,,1860,3601,TRUE,798,733,Alkemade
10349,10349_1863,1863,,731,,,,,1860,3593,TRUE,804,731,Alkemade
10349,10349_1864,1864,,744,,,,,1860,3658,TRUE,810,744,Alkemade
10349,10349_1865,1865,,752,,,,,1860,3697,TRUE,815,752,Alkemade
10349,10349_1866,1866,,752,,,,,1870,3694,TRUE,821,752,Alkemade
10349,10349_1867,1867,,763,,,,,1870,3750,TRUE,827,763,Alkemade
10349,10349_1868,1868,,774,,,,,1870,3799,TRUE,833,774,Alkemade
10349,10349_1869,1869,1722,839,,,,,1870,3753,FALSE,839,764,Alkemade
10349,10349_1870,1870,,764,,,,,1870,3751,TRUE,844,764,Alkemade
10349,10349_1871,1871,,774,,,,,1870,3802,TRUE,849,774,Alkemade
10349,10349_1872,1872,,776,,,,,1870,3811,TRUE,854,776,Alkemade
10349,10349_1873,1873,,785,,,,,1870,3852,TRUE,860,785,Alkemade
10349,10349_1874,1874,,793,,,,,1870,3892,TRUE,865,793,Alkemade
10349,10349_1875,1875,,800,,,,,1880,3926,TRUE,870,800,Alkemade
10349,10349_1876,1876,,797,,,,,1880,3912,TRUE,876,797,Alkemade
10349,10349_1877,1877,,810,,,,,1880,3974,TRUE,881,810,Alkemade
10349,10349_1878,1878,,834,,,,,1880,4091,TRUE,886,834,Alkemade
10349,10349_1879,1879,924,892,792,100,16,36,1880,4062,FALSE,892,828,Alkemade
10349,10349_1880,1880,,839,,,,,1880,4116,TRUE,897,839,Alkemade
10349,10349_1881,1881,,839,,,,,1880,4114,TRUE,902,839,Alkemade
10349,10349_1882,1882,,847,,,,,1880,4155,TRUE,907,847,Alkemade
10349,10349_1883,1883,,844,,,,,1880,4139,TRUE,912,844,Alkemade
10349,10349_1884,1884,,858,,,,,1880,4206,TRUE,917,858,Alkemade
10349,10349_1885,1885,,862,,,,,1880,4226,TRUE,922,862,Alkemade
10349,10349_1886,1886,,878,,,,,1890,4303,TRUE,927,878,Alkemade
10349,10349_1887,1887,,891,,,,,1890,4365,TRUE,932,891,Alkemade
10349,10349_1888,1888,,893,,,,,1890,4373,TRUE,937,893,Alkemade
10349,10349_1889,1889,996,942,852,90,18,42,1890,4366,FALSE,942,891,Alkemade
10349,10349_1890,1890,,892,,,,,1890,4371,TRUE,938,892,Alkemade
10349,10349_1891,1891,,897,,,,,1890,4395,TRUE,935,897,Alkemade
10349,10349_1892,1892,,894,,,,,1890,4380,TRUE,932,894,Alkemade
10349,10349_1893,1893,,889,,,,,1890,4355,TRUE,928,889,Alkemade
10349,10349_1894,1894,,888,,,,,1890,4349,TRUE,925,888,Alkemade
10349,10349_1895,1895,,883,,,,,1900,4327,TRUE,922,883,Alkemade
10349,10349_1896,1896,,888,,,,,1900,4349,TRUE,918,888,Alkemade
10349,10349_1897,1897,,889,,,,,1900,4357,TRUE,915,889,Alkemade
10349,10349_1898,1898,,897,,,,,1900,4395,TRUE,912,897,Alkemade
10349,10349_1899,1899,971,909,820,89,25,47,1900,4397,FALSE,909,897,Alkemade
10349,10349_1900,1900,,904,,,,,1900,4426,TRUE,,904,Alkemade
10349,10349_1901,1901,,902,,,,,1900,4420,TRUE,,902,Alkemade
10349,10349_1902,1902,,909,,,,,1900,4451,TRUE,,909,Alkemade
10349,10349_1903,1903,,918,,,,,1900,4498,TRUE,,918,Alkemade
10349,10349_1904,1904,,927,,,,,1900,4541,TRUE,,927,Alkemade
10349,10349_1905,1905,,934,,,,,1900,4571,TRUE,,934,Alkemade
10349,10349_1906,1906,,936,,,,,1910,4584,TRUE,,936,Alkemade
10349,10349_1907,1907,,961,,,,,1910,4704,TRUE,,961,Alkemade
10349,10349_1908,1908,,981,,,,,1910,4800,TRUE,,981,Alkemade
10349,10349_1909,1909,1039,990,,,,,1910,4842,TRUE,,990,Alkemade
10349,10349_1910,1910,,1007,,,,,1910,4926,TRUE,,1007,Alkemade
10349,10349_1911,1911,,1031,,,,,1910,5043,TRUE,,1031,Alkemade
10349,10349_1912,1912,,1042,,,,,1910,5095,TRUE,,1042,Alkemade
10349,10349_1913,1913,,1054,,,,,1910,5152,TRUE,,1054,Alkemade
10349,10349_1914,1914,,1067,,,,,1910,5216,TRUE,,1067,Alkemade
10349,10349_1915,1915,,1089,,,,,1920,5321,TRUE,,1089,Alkemade
10349,10349_1916,1916,,1123,,,,,1920,5487,TRUE,,1123,Alkemade
10349,10349_1917,1917,,1134,,,,,1920,5539,TRUE,,1134,Alkemade
10349,10349_1918,1918,,1151,,,,,1920,5619,TRUE,,1151,Alkemade
10349,10349_1919,1919,,1155,,,,,1920,5640,TRUE,,1155,Alkemade
10349,10349_1920,1920,1073,1161,,,,,1920,5668,TRUE,,1161,Alkemade
10349,10349_1921,1921,,1155,,,,,1920,5642,TRUE,,1155,Alkemade
10364,10364_1849,1849,745,766,,,,,1850,,FALSE,766,,Enschede
10364,10364_1850,1850,,,,,,,1850,,TRUE,773,,Enschede
10364,10364_1851,1851,,774,,,,,1850,3800,TRUE,781,774,Enschede
10364,10364_1852,1852,,786,,,,,1850,3861,TRUE,789,786,Enschede
10364,10364_1853,1853,,847,,,,,1850,4152,TRUE,796,847,Enschede
10364,10364_1854,1854,,866,,,,,1850,4244,TRUE,804,866,Enschede
10364,10364_1855,1855,,861,,,,,1860,4223,TRUE,812,861,Enschede
10364,10364_1856,1856,,870,,,,,1860,4263,TRUE,819,870,Enschede
10364,10364_1857,1857,,874,,,,,1860,4286,TRUE,827,874,Enschede
10364,10364_1858,1858,,890,,,,,1860,4359,TRUE,835,890,Enschede
10364,10364_1859,1859,798,843,,,,,1860,4315,FALSE,843,881,Enschede
10364,10364_1860,1860,,906,,,,,1860,4436,TRUE,857,906,Enschede
10364,10364_1861,1861,,928,,,,,1860,4545,TRUE,872,928,Enschede
10364,10364_1862,1862,,942,,,,,1860,4614,TRUE,887,942,Enschede
10364,10364_1863,1863,,944,,,,,1860,4621,TRUE,902,944,Enschede
10364,10364_1864,1864,,953,,,,,1860,4664,TRUE,917,953,Enschede
10364,10364_1865,1865,,1030,,,,,1860,5039,TRUE,931,1030,Enschede
10364,10364_1866,1866,,1046,,,,,1870,5116,TRUE,946,1046,Enschede
10364,10364_1867,1867,,1050,,,,,1870,5134,TRUE,961,1050,Enschede
10364,10364_1868,1868,,1063,,,,,1870,5194,TRUE,976,1063,Enschede
10364,10364_1869,1869,960,991,,,,,1870,5122,FALSE,991,1048,Enschede
10364,10364_1870,1870,,1078,,,,,1870,5268,TRUE,993,1078,Enschede
10364,10364_1871,1871,,1066,,,,,1870,5209,TRUE,996,1066,Enschede
10364,10364_1872,1872,,1080,,,,,1870,5276,TRUE,999,1080,Enschede
10364,10364_1873,1873,,1083,,,,,1870,5291,TRUE,1001,1083,Enschede
10364,10364_1874,1874,,1104,,,,,1870,5393,TRUE,1004,1104,Enschede
10364,10364_1875,1875,,1151,,,,,1880,5620,TRUE,1007,1151,Enschede
10364,10364_1876,1876,,1152,,,,,1880,5626,TRUE,1009,1152,Enschede
10364,10364_1877,1877,,1162,,,,,1880,5674,TRUE,1012,1162,Enschede
10364,10364_1878,1878,,1153,,,,,1880,5630,TRUE,1015,1153,Enschede
10364,10364_1879,1879,1032,1018,856,162,27,29,1880,5450,FALSE,1018,1116,Enschede
10364,10364_1880,1880,,3848,,,,,1880,18642,TRUE,1207,3848,Enschede
10364,10364_1881,1881,,1156,,,,,1880,5645,TRUE,1397,1156,Enschede
10364,10364_1882,1882,,1161,,,,,1880,5667,TRUE,1586,1161,Enschede
10364,10364_1883,1883,,1188,,,,,1880,5801,TRUE,1776,1188,Enschede
10364,10364_1884,1884,,2618,,,,,1880,12700,TRUE,1965,2618,Enschede
10364,10364_1885,1885,,2753,,,,,1880,13353,TRUE,2155,2753,Enschede
10364,10364_1886,1886,,2835,,,,,1890,13749,TRUE,2344,2835,Enschede
10364,10364_1887,1887,,2934,,,,,1890,14227,TRUE,2534,2934,Enschede
10364,10364_1888,1888,,3036,,,,,1890,14721,TRUE,2723,3036,Enschede
10364,10364_1889,1889,,2913,2536,377,84,75,1890,15229,FALSE,2913,3141,Enschede
10364,10364_1890,1890,,3221,,,,,1890,15615,TRUE,3064,3221,Enschede
10364,10364_1891,1891,,3338,,,,,1890,16178,TRUE,3215,3338,Enschede
10364,10364_1892,1892,,3474,,,,,1890,16835,TRUE,3367,3474,Enschede
10364,10364_1893,1893,,3630,,,,,1890,17586,TRUE,3518,3630,Enschede
10364,10364_1894,1894,,3771,,,,,1890,18267,TRUE,3670,3771,Enschede
10364,10364_1895,1895,,3963,,,,,1900,19194,TRUE,3821,3963,Enschede
10364,10364_1896,1896,,4206,,,,,1900,20367,TRUE,3972,4206,Enschede
10364,10364_1897,1897,,4502,,,,,1900,21795,TRUE,4124,4502,Enschede
10364,10364_1898,1898,,4781,,,,,1900,23141,TRUE,4275,4781,Enschede
10364,10364_1899,1899,4453,4427,3975,452,138,83,1900,24353,FALSE,4427,5032,Enschede
10364,10364_1900,1900,,5311,,,,,1900,25703,TRUE,4616,5311,Enschede
10364,10364_1901,1901,,5562,,,,,1900,26914,TRUE,4805,5562,Enschede
10364,10364_1902,1902,,5700,,,,,1900,27581,TRUE,4994,5700,Enschede
10364,10364_1903,1903,,5951,,,,,1900,28792,TRUE,5183,5951,Enschede
10364,10364_1904,1904,,6100,,,,,1900,29510,TRUE,5372,6100,Enschede
10364,10364_1905,1905,,6323,,,,,1900,30588,TRUE,5561,6323,Enschede
10364,10364_1906,1906,,6582,,,,,1910,31838,TRUE,5751,6582,Enschede
10364,10364_1907,1907,,6751,,,,,1910,32655,TRUE,5940,6751,Enschede
10364,10364_1908,1908,,6936,,,,,1910,33548,TRUE,6129,6936,Enschede
10364,10364_1909,1909,6452,7072,,,,,1910,34201,TRUE,6318,7072,Enschede
10364,10364_1910,1910,,7236,,,,,1910,34992,TRUE,6507,7236,Enschede
10364,10364_1911,1911,,7330,,,,,1910,35448,TRUE,6696,7330,Enschede
10364,10364_1912,1912,,7450,,,,,1910,36029,TRUE,6885,7450,Enschede
10364,10364_1913,1913,,7665,,,,,1910,37065,TRUE,7075,7665,Enschede
10364,10364_1914,1914,,7840,,,,,1910,37908,TRUE,7264,7840,Enschede
10364,10364_1915,1915,,8123,,,,,1920,39275,TRUE,7453,8123,Enschede
10364,10364_1916,1916,,8458,,,,,1920,40892,TRUE,7642,8458,Enschede
10364,10364_1917,1917,,8605,,,,,1920,41602,TRUE,7831,8605,Enschede
10364,10364_1918,1918,,8557,,,,,1920,41373,TRUE,8020,8557,Enschede
10364,10364_1919,1919,,8539,,,,,1920,41285,TRUE,8209,8539,Enschede
10364,10364_1920,1920,7994,8399,7630,769,151,210,1920,41488,FALSE,8399,8581,Enschede
10364,10364_1921,1921,,8753,,,,,1920,42319,TRUE,,8753,Enschede
10365,10365_1849,1849,154,270,,,,,1850,,FALSE,270,,Wilnis
10365,10365_1850,1850,,,,,,,1850,,TRUE,279,,Wilnis
10365,10365_1851,1851,,261,,,,,1850,1325,TRUE,288,261,Wilnis
10365,10365_1852,1852,,266,,,,,1850,1351,TRUE,297,266,Wilnis
10365,10365_1853,1853,,268,,,,,1850,1360,TRUE,307,268,Wilnis
10365,10365_1854,1854,,275,,,,,1850,1392,TRUE,316,275,Wilnis
10365,10365_1855,1855,,274,,,,,1860,1388,TRUE,325,274,Wilnis
10365,10365_1856,1856,,359,,,,,1860,1796,TRUE,335,359,Wilnis
10365,10365_1857,1857,,362,,,,,1860,1810,TRUE,344,362,Wilnis
10365,10365_1858,1858,,357,,,,,1860,1787,TRUE,353,357,Wilnis
10365,10365_1859,1859,230,363,,,,,1860,1725,FALSE,363,344,Wilnis
10365,10365_1860,1860,,335,,,,,1860,1681,TRUE,367,335,Wilnis
10365,10365_1861,1861,,348,,,,,1860,1743,TRUE,371,348,Wilnis
10365,10365_1862,1862,,355,,,,,1860,1776,TRUE,376,355,Wilnis
10365,10365_1863,1863,,362,,,,,1860,1814,TRUE,380,362,Wilnis
10365,10365_1864,1864,,368,,,,,1860,1842,TRUE,385,368,Wilnis
10365,10365_1865,1865,,379,,,,,1860,1893,TRUE,389,379,Wilnis
10365,10365_1866,1866,,370,,,,,1870,1851,TRUE,393,370,Wilnis
10365,10365_1867,1867,,376,,,,,1870,1879,TRUE,398,376,Wilnis
10365,10365_1868,1868,,377,,,,,1870,1883,TRUE,402,377,Wilnis
10365,10365_1869,1869,776,407,,,,,1870,1863,FALSE,407,373,Wilnis
10365,10365_1870,1870,,368,,,,,1870,1842,TRUE,413,368,Wilnis
10365,10365_1871,1871,,369,,,,,1870,1847,TRUE,419,369,Wilnis
10365,10365_1872,1872,,371,,,,,1870,1854,TRUE,425,371,Wilnis
10365,10365_1873,1873,,375,,,,,1870,1877,TRUE,431,375,Wilnis
10365,10365_1874,1874,,390,,,,,1870,1949,TRUE,437,390,Wilnis
10365,10365_1875,1875,,394,,,,,1880,1966,TRUE,443,394,Wilnis
10365,10365_1876,1876,,408,,,,,1880,2032,TRUE,449,408,Wilnis
10365,10365_1877,1877,,424,,,,,1880,2111,TRUE,455,424,Wilnis
10365,10365_1878,1878,,439,,,,,1880,2183,TRUE,461,439,Wilnis
10365,10365_1879,1879,469,468,431,37,13,19,1880,2197,FALSE,468,442,Wilnis
10365,10365_1880,1880,,445,,,,,1880,2212,TRUE,467,445,Wilnis
10365,10365_1881,1881,,449,,,,,1880,2234,TRUE,467,449,Wilnis
10365,10365_1882,1882,,450,,,,,1880,2238,TRUE,466,450,Wilnis
10365,10365_1883,1883,,459,,,,,1880,2282,TRUE,466,459,Wilnis
10365,10365_1884,1884,,454,,,,,1880,2256,TRUE,465,454,Wilnis
10365,10365_1885,1885,,454,,,,,1880,2258,TRUE,465,454,Wilnis
10365,10365_1886,1886,,447,,,,,1890,2224,TRUE,464,447,Wilnis
10365,10365_1887,1887,,449,,,,,1890,2231,TRUE,464,449,Wilnis
10365,10365_1888,1888,,452,,,,,1890,2248,TRUE,463,452,Wilnis
10365,10365_1889,1889,486,463,414,49,14,12,1890,2232,FALSE,463,449,Wilnis
10365,10365_1890,1890,,445,,,,,1890,2215,TRUE,462,445,Wilnis
10365,10365_1891,1891,,449,,,,,1890,2234,TRUE,461,449,Wilnis
10365,10365_1892,1892,,441,,,,,1890,2192,TRUE,460,441,Wilnis
10365,10365_1893,1893,,447,,,,,1890,2220,TRUE,459,447,Wilnis
10365,10365_1894,1894,,434,,,,,1890,2162,TRUE,458,434,Wilnis
10365,10365_1895,1895,,426,,,,,1900,2120,TRUE,457,426,Wilnis
10365,10365_1896,1896,,427,,,,,1900,2124,TRUE,456,427,Wilnis
10365,10365_1897,1897,,429,,,,,1900,2135,TRUE,455,429,Wilnis
10365,10365_1898,1898,,423,,,,,1900,2108,TRUE,454,423,Wilnis
10365,10365_1899,1899,453,454,417,37,13,15,1900,2143,FALSE,454,431,Wilnis
10365,10365_1900,1900,,419,,,,,1900,2087,TRUE,,419,Wilnis
10365,10365_1901,1901,,421,,,,,1900,2098,TRUE,,421,Wilnis
10365,10365_1902,1902,,425,,,,,1900,2117,TRUE,,425,Wilnis
10365,10365_1903,1903,,426,,,,,1900,2122,TRUE,,426,Wilnis
10365,10365_1904,1904,,433,,,,,1900,2156,TRUE,,433,Wilnis
10365,10365_1905,1905,,432,,,,,1900,2152,TRUE,,432,Wilnis
10365,10365_1906,1906,,432,,,,,1910,2152,TRUE,,432,Wilnis
10365,10365_1907,1907,,433,,,,,1910,2156,TRUE,,433,Wilnis
10365,10365_1908,1908,,434,,,,,1910,2160,TRUE,,434,Wilnis
10365,10365_1909,1909,442,432,,,,,1910,2149,TRUE,,432,Wilnis
10365,10365_1910,1910,,446,,,,,1910,2216,TRUE,,446,Wilnis
10365,10365_1911,1911,,439,,,,,1910,2182,TRUE,,439,Wilnis
10365,10365_1912,1912,,444,,,,,1910,2208,TRUE,,444,Wilnis
10365,10365_1913,1913,,444,,,,,1910,2206,TRUE,,444,Wilnis
10365,10365_1914,1914,,441,,,,,1910,2193,TRUE,,441,Wilnis
10365,10365_1915,1915,,460,,,,,1920,2285,TRUE,,460,Wilnis
10365,10365_1916,1916,,470,,,,,1920,2334,TRUE,,470,Wilnis
10365,10365_1917,1917,,492,,,,,1920,2438,TRUE,,492,Wilnis
10365,10365_1918,1918,,506,,,,,1920,2508,TRUE,,506,Wilnis
10365,10365_1919,1919,,515,,,,,1920,2551,TRUE,,515,Wilnis
10365,10365_1920,1920,485,518,,,,,1920,2567,TRUE,,518,Wilnis
10365,10365_1921,1921,,524,,,,,1920,2593,TRUE,,524,Wilnis
10371,10371_1849,1849,,,,,,,1850,,TRUE,,,Twisk
10371,10371_1850,1850,,,,,,,1850,,TRUE,,,Twisk
10371,10371_1851,1851,,124,,,,,1850,662,TRUE,,124,Twisk
10371,10371_1852,1852,,125,,,,,1850,667,TRUE,,125,Twisk
10371,10371_1853,1853,,122,,,,,1850,654,TRUE,,122,Twisk
10371,10371_1854,1854,,125,,,,,1850,670,TRUE,,125,Twisk
10371,10371_1855,1855,,130,,,,,1860,690,TRUE,,130,Twisk
10371,10371_1856,1856,,130,,,,,1860,692,TRUE,,130,Twisk
10371,10371_1857,1857,,132,,,,,1860,700,TRUE,,132,Twisk
10371,10371_1858,1858,,133,,,,,1860,706,TRUE,,133,Twisk
10371,10371_1859,1859,122,130,,,,,1860,690,TRUE,,130,Twisk
10371,10371_1860,1860,,133,,,,,1860,709,TRUE,,133,Twisk
10371,10371_1861,1861,,132,,,,,1860,700,TRUE,,132,Twisk
10371,10371_1862,1862,,133,,,,,1860,708,TRUE,,133,Twisk
10371,10371_1863,1863,,134,,,,,1860,711,TRUE,,134,Twisk
10371,10371_1864,1864,,129,,,,,1860,688,TRUE,,129,Twisk
10371,10371_1865,1865,,132,,,,,1860,702,TRUE,,132,Twisk
10371,10371_1866,1866,,132,,,,,1870,700,TRUE,,132,Twisk
10371,10371_1867,1867,,129,,,,,1870,687,TRUE,,129,Twisk
10371,10371_1868,1868,,132,,,,,1870,704,TRUE,,132,Twisk
10371,10371_1869,1869,137,177,,,,,1870,772,FALSE,177,147,Twisk
10371,10371_1870,1870,,145,,,,,1870,765,TRUE,179,145,Twisk
10371,10371_1871,1871,,149,,,,,1870,783,TRUE,181,149,Twisk
10371,10371_1872,1872,,150,,,,,1870,789,TRUE,183,150,Twisk
10371,10371_1873,1873,,148,,,,,1870,778,TRUE,185,148,Twisk
10371,10371_1874,1874,,155,,,,,1870,812,TRUE,188,155,Twisk
10371,10371_1875,1875,,153,,,,,1880,801,TRUE,190,153,Twisk
10371,10371_1876,1876,,154,,,,,1880,806,TRUE,192,154,Twisk
10371,10371_1877,1877,,158,,,,,1880,829,TRUE,194,158,Twisk
10371,10371_1878,1878,,159,,,,,1880,831,TRUE,196,159,Twisk
10371,10371_1879,1879,,199,188,11,2,5,1880,841,FALSE,199,161,Twisk
10371,10371_1880,1880,,159,,,,,1880,832,TRUE,198,159,Twisk
10371,10371_1881,1881,,162,,,,,1880,849,TRUE,198,162,Twisk
10371,10371_1882,1882,,155,,,,,1880,811,TRUE,198,155,Twisk
10371,10371_1883,1883,,157,,,,,1880,823,TRUE,198,157,Twisk
10371,10371_1884,1884,,158,,,,,1880,825,TRUE,198,158,Twisk
10371,10371_1885,1885,,156,,,,,1880,818,TRUE,197,156,Twisk
10371,10371_1886,1886,,158,,,,,1890,828,TRUE,197,158,Twisk
10371,10371_1887,1887,,158,,,,,1890,826,TRUE,197,158,Twisk
10371,10371_1888,1888,,156,,,,,1890,817,TRUE,197,156,Twisk
10371,10371_1889,1889,161,197,183,14,3,8,1890,834,FALSE,197,159,Twisk
10371,10371_1890,1890,,160,,,,,1890,835,TRUE,198,160,Twisk
10371,10371_1891,1891,,159,,,,,1890,834,TRUE,199,159,Twisk
10371,10371_1892,1892,,159,,,,,1890,832,TRUE,200,159,Twisk
10371,10371_1893,1893,,158,,,,,1890,825,TRUE,201,158,Twisk
10371,10371_1894,1894,,157,,,,,1890,821,TRUE,202,157,Twisk
10371,10371_1895,1895,,152,,,,,1900,799,TRUE,203,152,Twisk
10371,10371_1896,1896,,152,,,,,1900,799,TRUE,204,152,Twisk
10371,10371_1897,1897,,150,,,,,1900,788,TRUE,205,150,Twisk
10371,10371_1898,1898,,153,,,,,1900,803,TRUE,206,153,Twisk
10371,10371_1899,1899,167,208,197,11,4,9,1900,812,FALSE,208,155,Twisk
10371,10371_1900,1900,,151,,,,,1900,792,TRUE,,151,Twisk
10371,10371_1901,1901,,153,,,,,1900,804,TRUE,,153,Twisk
10371,10371_1902,1902,,152,,,,,1900,796,TRUE,,152,Twisk
10371,10371_1903,1903,,151,,,,,1900,795,TRUE,,151,Twisk
10371,10371_1904,1904,,151,,,,,1900,793,TRUE,,151,Twisk
10371,10371_1905,1905,,149,,,,,1900,783,TRUE,,149,Twisk
10371,10371_1906,1906,,146,,,,,1910,770,TRUE,,146,Twisk
10371,10371_1907,1907,,144,,,,,1910,759,TRUE,,144,Twisk
10371,10371_1908,1908,,143,,,,,1910,755,TRUE,,143,Twisk
10371,10371_1909,1909,184,146,,,,,1910,768,TRUE,,146,Twisk
10371,10371_1910,1910,,143,,,,,1910,756,TRUE,,143,Twisk
10371,10371_1911,1911,,143,,,,,1910,755,TRUE,,143,Twisk
10371,10371_1912,1912,,145,,,,,1910,766,TRUE,,145,Twisk
10371,10371_1913,1913,,150,,,,,1910,787,TRUE,,150,Twisk
10371,10371_1914,1914,,153,,,,,1910,804,TRUE,,153,Twisk
10371,10371_1915,1915,,154,,,,,1920,807,TRUE,,154,Twisk
10371,10371_1916,1916,,156,,,,,1920,818,TRUE,,156,Twisk
10371,10371_1917,1917,,161,,,,,1920,840,TRUE,,161,Twisk
10371,10371_1918,1918,,148,,,,,1920,777,TRUE,,148,Twisk
10371,10371_1919,1919,,141,,,,,1920,746,TRUE,,141,Twisk
10371,10371_1920,1920,196,145,,,,,1920,763,TRUE,,145,Twisk
10371,10371_1921,1921,,147,,,,,1920,775,TRUE,,147,Twisk
10389,10389_1849,1849,,,,,,,1850,,TRUE,,,Helvoirt
10389,10389_1850,1850,,,,,,,1850,,TRUE,,,Helvoirt
10389,10389_1851,1851,,272,,,,,1850,1379,TRUE,,272,Helvoirt
10389,10389_1852,1852,,277,,,,,1850,1401,TRUE,,277,Helvoirt
10389,10389_1853,1853,,280,,,,,1850,1415,TRUE,,280,Helvoirt
10389,10389_1854,1854,,282,,,,,1850,1426,TRUE,,282,Helvoirt
10389,10389_1855,1855,,284,,,,,1860,1437,TRUE,,284,Helvoirt
10389,10389_1856,1856,,291,,,,,1860,1471,TRUE,,291,Helvoirt
10389,10389_1857,1857,,295,,,,,1860,1488,TRUE,,295,Helvoirt
10389,10389_1858,1858,,296,,,,,1860,1493,TRUE,,296,Helvoirt
10389,10389_1859,1859,235,302,,,,,1860,1494,FALSE,302,296,Helvoirt
10389,10389_1860,1860,,284,,,,,1860,1436,TRUE,302,284,Helvoirt
10389,10389_1861,1861,,282,,,,,1860,1424,TRUE,303,282,Helvoirt
10389,10389_1862,1862,,292,,,,,1860,1474,TRUE,304,292,Helvoirt
10389,10389_1863,1863,,287,,,,,1860,1450,TRUE,304,287,Helvoirt
10389,10389_1864,1864,,285,,,,,1860,1439,TRUE,305,285,Helvoirt
10389,10389_1865,1865,,282,,,,,1860,1428,TRUE,306,282,Helvoirt
10389,10389_1866,1866,,279,,,,,1870,1411,TRUE,306,279,Helvoirt
10389,10389_1867,1867,,280,,,,,1870,1415,TRUE,307,280,Helvoirt
10389,10389_1868,1868,,275,,,,,1870,1391,TRUE,308,275,Helvoirt
10389,10389_1869,1869,309,309,,,,,1870,1424,FALSE,309,282,Helvoirt
10389,10389_1870,1870,,283,,,,,1870,1430,TRUE,308,283,Helvoirt
10389,10389_1871,1871,,286,,,,,1870,1443,TRUE,307,286,Helvoirt
10389,10389_1872,1872,,286,,,,,1870,1443,TRUE,306,286,Helvoirt
10389,10389_1873,1873,,286,,,,,1870,1446,TRUE,305,286,Helvoirt
10389,10389_1874,1874,,282,,,,,1870,1424,TRUE,305,282,Helvoirt
10389,10389_1875,1875,,281,,,,,1880,1421,TRUE,304,281,Helvoirt
10389,10389_1876,1876,,278,,,,,1880,1408,TRUE,303,278,Helvoirt
10389,10389_1877,1877,,274,,,,,1880,1388,TRUE,302,274,Helvoirt
10389,10389_1878,1878,,285,,,,,1880,1440,TRUE,301,285,Helvoirt
10389,10389_1879,1879,314,301,247,54,4,10,1880,1423,FALSE,301,281,Helvoirt
10389,10389_1880,1880,,288,,,,,1880,1453,TRUE,304,288,Helvoirt
10389,10389_1881,1881,,303,,,,,1880,1529,TRUE,308,303,Helvoirt
10389,10389_1882,1882,,312,,,,,1880,1569,TRUE,312,312,Helvoirt
10389,10389_1883,1883,,328,,,,,1880,1648,TRUE,315,328,Helvoirt
10389,10389_1884,1884,,332,,,,,1880,1668,TRUE,319,332,Helvoirt
10389,10389_1885,1885,,332,,,,,1880,1666,TRUE,323,332,Helvoirt
10389,10389_1886,1886,,341,,,,,1890,1712,TRUE,326,341,Helvoirt
10389,10389_1887,1887,,339,,,,,1890,1700,TRUE,330,339,Helvoirt
10389,10389_1888,1888,,344,,,,,1890,1724,TRUE,334,344,Helvoirt
10389,10389_1889,1889,355,338,294,44,5,13,1890,1687,FALSE,338,336,Helvoirt
10389,10389_1890,1890,,335,,,,,1890,1682,TRUE,338,335,Helvoirt
10389,10389_1891,1891,,335,,,,,1890,1680,TRUE,338,335,Helvoirt
10389,10389_1892,1892,,332,,,,,1890,1667,TRUE,338,332,Helvoirt
10389,10389_1893,1893,,332,,,,,1890,1669,TRUE,338,332,Helvoirt
10389,10389_1894,1894,,335,,,,,1890,1683,TRUE,339,335,Helvoirt
10389,10389_1895,1895,,333,,,,,1900,1672,TRUE,339,333,Helvoirt
10389,10389_1896,1896,,333,,,,,1900,1672,TRUE,339,333,Helvoirt
10389,10389_1897,1897,,322,,,,,1900,1619,TRUE,339,322,Helvoirt
10389,10389_1898,1898,,318,,,,,1900,1598,TRUE,339,318,Helvoirt
10389,10389_1899,1899,355,340,275,65,7,8,1900,1609,FALSE,340,320,Helvoirt
10389,10389_1900,1900,,319,,,,,1900,1604,TRUE,,319,Helvoirt
10389,10389_1901,1901,,314,,,,,1900,1581,TRUE,,314,Helvoirt
10389,10389_1902,1902,,313,,,,,1900,1576,TRUE,,313,Helvoirt
10389,10389_1903,1903,,315,,,,,1900,1583,TRUE,,315,Helvoirt
10389,10389_1904,1904,,315,,,,,1900,1585,TRUE,,315,Helvoirt
10389,10389_1905,1905,,313,,,,,1900,1575,TRUE,,313,Helvoirt
10389,10389_1906,1906,,315,,,,,1910,1584,TRUE,,315,Helvoirt
10389,10389_1907,1907,,316,,,,,1910,1588,TRUE,,316,Helvoirt
10389,10389_1908,1908,,317,,,,,1910,1594,TRUE,,317,Helvoirt
10389,10389_1909,1909,362,323,,,,,1910,1623,TRUE,,323,Helvoirt
10389,10389_1910,1910,,320,,,,,1910,1610,TRUE,,320,Helvoirt
10389,10389_1911,1911,,322,,,,,1910,1621,TRUE,,322,Helvoirt
10389,10389_1912,1912,,317,,,,,1910,1595,TRUE,,317,Helvoirt
10389,10389_1913,1913,,314,,,,,1910,1581,TRUE,,314,Helvoirt
10389,10389_1914,1914,,321,,,,,1910,1615,TRUE,,321,Helvoirt
10389,10389_1915,1915,,323,,,,,1920,1625,TRUE,,323,Helvoirt
10389,10389_1916,1916,,328,,,,,1920,1647,TRUE,,328,Helvoirt
10389,10389_1917,1917,,338,,,,,1920,1697,TRUE,,338,Helvoirt
10389,10389_1918,1918,,349,,,,,1920,1751,TRUE,,349,Helvoirt
10389,10389_1919,1919,,355,,,,,1920,1779,TRUE,,355,Helvoirt
10389,10389_1920,1920,379,357,,,,,1920,1786,TRUE,,357,Helvoirt
10389,10389_1921,1921,,371,,,,,1920,1857,TRUE,,371,Helvoirt
10418,10418_1849,1849,216,243,,,,,1850,,FALSE,243,,Diever
10418,10418_1850,1850,,,,,,,1850,,TRUE,246,,Diever
10418,10418_1851,1851,,255,,,,,1850,1296,TRUE,250,255,Diever
10418,10418_1852,1852,,261,,,,,1850,1325,TRUE,254,261,Diever
10418,10418_1853,1853,,260,,,,,1850,1320,TRUE,258,260,Diever
10418,10418_1854,1854,,260,,,,,1850,1319,TRUE,262,260,Diever
10418,10418_1855,1855,,265,,,,,1860,1342,TRUE,265,265,Diever
10418,10418_1856,1856,,274,,,,,1860,1386,TRUE,269,274,Diever
10418,10418_1857,1857,,276,,,,,1860,1397,TRUE,273,276,Diever
10418,10418_1858,1858,,281,,,,,1860,1422,TRUE,277,281,Diever
10418,10418_1859,1859,262,281,,,,,1860,1491,FALSE,281,295,Diever
10418,10418_1860,1860,,285,,,,,1860,1440,TRUE,284,285,Diever
10418,10418_1861,1861,,287,,,,,1860,1449,TRUE,287,287,Diever
10418,10418_1862,1862,,286,,,,,1860,1444,TRUE,290,286,Diever
10418,10418_1863,1863,,287,,,,,1860,1450,TRUE,293,287,Diever
10418,10418_1864,1864,,290,,,,,1860,1465,TRUE,297,290,Diever
10418,10418_1865,1865,,291,,,,,1860,1471,TRUE,300,291,Diever
10418,10418_1866,1866,,290,,,,,1870,1465,TRUE,303,290,Diever
10418,10418_1867,1867,,289,,,,,1870,1462,TRUE,306,289,Diever
10418,10418_1868,1868,,295,,,,,1870,1490,TRUE,309,295,Diever
10418,10418_1869,1869,576,313,,,,,1870,1514,FALSE,313,300,Diever
10418,10418_1870,1870,,300,,,,,1870,1515,TRUE,316,300,Diever
10418,10418_1871,1871,,302,,,,,1870,1523,TRUE,319,302,Diever
10418,10418_1872,1872,,301,,,,,1870,1516,TRUE,322,301,Diever
10418,10418_1873,1873,,304,,,,,1870,1531,TRUE,325,304,Diever
10418,10418_1874,1874,,310,,,,,1870,1562,TRUE,329,310,Diever
10418,10418_1875,1875,,312,,,,,1880,1572,TRUE,332,312,Diever
10418,10418_1876,1876,,329,,,,,1880,1653,TRUE,335,329,Diever
10418,10418_1877,1877,,330,,,,,1880,1657,TRUE,338,330,Diever
10418,10418_1878,1878,,343,,,,,1880,1720,TRUE,341,343,Diever
10418,10418_1879,1879,349,345,320,25,3,4,1880,1715,FALSE,345,342,Diever
10418,10418_1880,1880,,348,,,,,1880,1743,TRUE,348,348,Diever
10418,10418_1881,1881,,359,,,,,1880,1798,TRUE,351,359,Diever
10418,10418_1882,1882,,359,,,,,1880,1798,TRUE,355,359,Diever
10418,10418_1883,1883,,365,,,,,1880,1828,TRUE,358,365,Diever
10418,10418_1884,1884,,371,,,,,1880,1854,TRUE,362,371,Diever
10418,10418_1885,1885,,369,,,,,1880,1847,TRUE,365,369,Diever
10418,10418_1886,1886,,381,,,,,1890,1902,TRUE,368,381,Diever
10418,10418_1887,1887,,384,,,,,1890,1917,TRUE,372,384,Diever
10418,10418_1888,1888,,390,,,,,1890,1945,TRUE,375,390,Diever
10418,10418_1889,1889,,379,350,29,8,1,1890,1914,FALSE,379,383,Diever
10418,10418_1890,1890,,390,,,,,1890,1948,TRUE,379,390,Diever
10418,10418_1891,1891,,394,,,,,1890,1967,TRUE,380,394,Diever
10418,10418_1892,1892,,397,,,,,1890,1981,TRUE,381,397,Diever
10418,10418_1893,1893,,398,,,,,1890,1984,TRUE,382,398,Diever
10418,10418_1894,1894,,405,,,,,1890,2021,TRUE,383,405,Diever
10418,10418_1895,1895,,404,,,,,1900,2013,TRUE,383,404,Diever
10418,10418_1896,1896,,399,,,,,1900,1993,TRUE,384,399,Diever
10418,10418_1897,1897,,399,,,,,1900,1990,TRUE,385,399,Diever
10418,10418_1898,1898,,396,,,,,1900,1977,TRUE,386,396,Diever
10418,10418_1899,1899,400,387,347,40,6,9,1900,1990,FALSE,387,399,Diever
10418,10418_1900,1900,,403,,,,,1900,2012,TRUE,,403,Diever
10418,10418_1901,1901,,409,,,,,1900,2040,TRUE,,409,Diever
10418,10418_1902,1902,,416,,,,,1900,2072,TRUE,,416,Diever
10418,10418_1903,1903,,420,,,,,1900,2094,TRUE,,420,Diever
10418,10418_1904,1904,,438,,,,,1900,2180,TRUE,,438,Diever
10418,10418_1905,1905,,445,,,,,1900,2215,TRUE,,445,Diever
10418,10418_1906,1906,,449,,,,,1910,2234,TRUE,,449,Diever
10418,10418_1907,1907,,449,,,,,1910,2234,TRUE,,449,Diever
10418,10418_1908,1908,,450,,,,,1910,2235,TRUE,,450,Diever
10418,10418_1909,1909,447,454,,,,,1910,2254,TRUE,,454,Diever
10418,10418_1910,1910,,460,,,,,1910,2286,TRUE,,460,Diever
10418,10418_1911,1911,,459,,,,,1910,2280,TRUE,,459,Diever
10418,10418_1912,1912,,455,,,,,1910,2262,TRUE,,455,Diever
10418,10418_1913,1913,,462,,,,,1910,2293,TRUE,,462,Diever
10418,10418_1914,1914,,465,,,,,1910,2309,TRUE,,465,Diever
10418,10418_1915,1915,,481,,,,,1920,2388,TRUE,,481,Diever
10418,10418_1916,1916,,499,,,,,1920,2474,TRUE,,499,Diever
10418,10418_1917,1917,,500,,,,,1920,2479,TRUE,,500,Diever
10418,10418_1918,1918,,506,,,,,1920,2505,TRUE,,506,Diever
10418,10418_1919,1919,,507,,,,,1920,2513,TRUE,,507,Diever
10418,10418_1920,1920,488,512,,,,,1920,2534,TRUE,,512,Diever
10418,10418_1921,1921,,508,,,,,1920,2518,TRUE,,508,Diever
10427,10427_1849,1849,229,388,,,,,1850,,FALSE,388,,Papendrecht
10427,10427_1850,1850,,,,,,,1850,,TRUE,392,,Papendrecht
10427,10427_1851,1851,,396,,,,,1850,1978,TRUE,397,396,Papendrecht
10427,10427_1852,1852,,404,,,,,1850,2016,TRUE,402,404,Papendrecht
10427,10427_1853,1853,,407,,,,,1850,2030,TRUE,406,407,Papendrecht
10427,10427_1854,1854,,411,,,,,1850,2050,TRUE,411,411,Papendrecht
10427,10427_1855,1855,,419,,,,,1860,2086,TRUE,416,419,Papendrecht
10427,10427_1856,1856,,427,,,,,1860,2127,TRUE,420,427,Papendrecht
10427,10427_1857,1857,,442,,,,,1860,2200,TRUE,425,442,Papendrecht
10427,10427_1858,1858,,442,,,,,1860,2199,TRUE,430,442,Papendrecht
10427,10427_1859,1859,250,435,,,,,1860,2124,FALSE,435,427,Papendrecht
10427,10427_1860,1860,,431,,,,,1860,2146,TRUE,440,431,Papendrecht
10427,10427_1861,1861,,428,,,,,1860,2133,TRUE,445,428,Papendrecht
10427,10427_1862,1862,,435,,,,,1860,2163,TRUE,450,435,Papendrecht
10427,10427_1863,1863,,434,,,,,1860,2162,TRUE,455,434,Papendrecht
10427,10427_1864,1864,,438,,,,,1860,2179,TRUE,461,438,Papendrecht
10427,10427_1865,1865,,433,,,,,1860,2155,TRUE,466,433,Papendrecht
10427,10427_1866,1866,,432,,,,,1870,2149,TRUE,471,432,Papendrecht
10427,10427_1867,1867,,441,,,,,1870,2195,TRUE,476,441,Papendrecht
10427,10427_1868,1868,,449,,,,,1870,2230,TRUE,481,449,Papendrecht
10427,10427_1869,1869,1002,487,,,,,1870,2210,FALSE,487,444,Papendrecht
10427,10427_1870,1870,,458,,,,,1870,2276,TRUE,494,458,Papendrecht
10427,10427_1871,1871,,459,,,,,1870,2279,TRUE,501,459,Papendrecht
10427,10427_1872,1872,,463,,,,,1870,2299,TRUE,509,463,Papendrecht
10427,10427_1873,1873,,482,,,,,1870,2390,TRUE,516,482,Papendrecht
10427,10427_1874,1874,,491,,,,,1870,2436,TRUE,524,491,Papendrecht
10427,10427_1875,1875,,510,,,,,1880,2528,TRUE,531,510,Papendrecht
10427,10427_1876,1876,,503,,,,,1880,2494,TRUE,538,503,Papendrecht
10427,10427_1877,1877,,505,,,,,1880,2504,TRUE,546,505,Papendrecht
10427,10427_1878,1878,,508,,,,,1880,2518,TRUE,553,508,Papendrecht
10427,10427_1879,1879,589,561,515,46,15,26,1880,2627,FALSE,561,531,Papendrecht
10427,10427_1880,1880,,549,,,,,1880,2713,TRUE,566,549,Papendrecht
10427,10427_1881,1881,,563,,,,,1880,2781,TRUE,572,563,Papendrecht
10427,10427_1882,1882,,557,,,,,1880,2753,TRUE,578,557,Papendrecht
10427,10427_1883,1883,,573,,,,,1880,2833,TRUE,584,573,Papendrecht
10427,10427_1884,1884,,583,,,,,1880,2877,TRUE,590,583,Papendrecht
10427,10427_1885,1885,,579,,,,,1880,2861,TRUE,595,579,Papendrecht
10427,10427_1886,1886,,583,,,,,1890,2880,TRUE,601,583,Papendrecht
10427,10427_1887,1887,,593,,,,,1890,2927,TRUE,607,593,Papendrecht
10427,10427_1888,1888,,598,,,,,1890,2950,TRUE,613,598,Papendrecht
10427,10427_1889,1889,652,619,554,65,18,17,1890,2995,FALSE,619,607,Papendrecht
10427,10427_1890,1890,,602,,,,,1890,2973,TRUE,629,602,Papendrecht
10427,10427_1891,1891,,605,,,,,1890,2987,TRUE,639,605,Papendrecht
10427,10427_1892,1892,,616,,,,,1890,3036,TRUE,650,616,Papendrecht
10427,10427_1893,1893,,622,,,,,1890,3067,TRUE,660,622,Papendrecht
10427,10427_1894,1894,,627,,,,,1890,3089,TRUE,671,627,Papendrecht
10427,10427_1895,1895,,643,,,,,1900,3168,TRUE,681,643,Papendrecht
10427,10427_1896,1896,,661,,,,,1900,3254,TRUE,691,661,Papendrecht
10427,10427_1897,1897,,667,,,,,1900,3284,TRUE,702,667,Papendrecht
10427,10427_1898,1898,,685,,,,,1900,3370,TRUE,712,685,Papendrecht
10427,10427_1899,1899,666,723,673,50,27,28,1900,3422,FALSE,723,696,Papendrecht
10427,10427_1900,1900,,721,,,,,1900,3543,TRUE,,721,Papendrecht
10427,10427_1901,1901,,739,,,,,1900,3631,TRUE,,739,Papendrecht
10427,10427_1902,1902,,743,,,,,1900,3652,TRUE,,743,Papendrecht
10427,10427_1903,1903,,758,,,,,1900,3723,TRUE,,758,Papendrecht
10427,10427_1904,1904,,765,,,,,1900,3758,TRUE,,765,Papendrecht
10427,10427_1905,1905,,776,,,,,1900,3811,TRUE,,776,Papendrecht
10427,10427_1906,1906,,782,,,,,1910,3839,TRUE,,782,Papendrecht
10427,10427_1907,1907,,800,,,,,1910,3927,TRUE,,800,Papendrecht
10427,10427_1908,1908,,805,,,,,1910,3949,TRUE,,805,Papendrecht
10427,10427_1909,1909,831,810,,,,,1910,3974,TRUE,,810,Papendrecht
10427,10427_1910,1910,,833,,,,,1910,4084,TRUE,,833,Papendrecht
10427,10427_1911,1911,,842,,,,,1910,4128,TRUE,,842,Papendrecht
10427,10427_1912,1912,,852,,,,,1910,4176,TRUE,,852,Papendrecht
10427,10427_1913,1913,,882,,,,,1910,4322,TRUE,,882,Papendrecht
10427,10427_1914,1914,,888,,,,,1910,4352,TRUE,,888,Papendrecht
10427,10427_1915,1915,,893,,,,,1920,4377,TRUE,,893,Papendrecht
10427,10427_1916,1916,,902,,,,,1920,4421,TRUE,,902,Papendrecht
10427,10427_1917,1917,,914,,,,,1920,4476,TRUE,,914,Papendrecht
10427,10427_1918,1918,,921,,,,,1920,4510,TRUE,,921,Papendrecht
10427,10427_1919,1919,,967,,,,,1920,4731,TRUE,,967,Papendrecht
10427,10427_1920,1920,999,1002,,,,,1920,4901,TRUE,,1002,Papendrecht
10427,10427_1921,1921,,1039,,,,,1920,5082,TRUE,,1039,Papendrecht
10448,10448_1849,1849,562,629,,,,,1850,,FALSE,629,,Borger
10448,10448_1850,1850,,,,,,,1850,,TRUE,648,,Borger
10448,10448_1851,1851,,738,,,,,1850,3625,TRUE,668,738,Borger
10448,10448_1852,1852,,773,,,,,1850,3798,TRUE,688,773,Borger
10448,10448_1853,1853,,762,,,,,1850,3745,TRUE,708,762,Borger
10448,10448_1854,1854,,780,,,,,1850,3829,TRUE,728,780,Borger
10448,10448_1855,1855,,796,,,,,1860,3906,TRUE,747,796,Borger
10448,10448_1856,1856,,821,,,,,1860,4027,TRUE,767,821,Borger
10448,10448_1857,1857,,839,,,,,1860,4117,TRUE,787,839,Borger
10448,10448_1858,1858,,861,,,,,1860,4221,TRUE,807,861,Borger
10448,10448_1859,1859,745,827,,,,,1860,4366,FALSE,827,891,Borger
10448,10448_1860,1860,,903,,,,,1860,4425,TRUE,842,903,Borger
10448,10448_1861,1861,,924,,,,,1860,4525,TRUE,858,924,Borger
10448,10448_1862,1862,,945,,,,,1860,4625,TRUE,874,945,Borger
10448,10448_1863,1863,,982,,,,,1860,4806,TRUE,889,982,Borger
10448,10448_1864,1864,,1013,,,,,1860,4955,TRUE,905,1013,Borger
10448,10448_1865,1865,,1011,,,,,1860,4947,TRUE,921,1011,Borger
10448,10448_1866,1866,,1012,,,,,1870,4948,TRUE,936,1012,Borger
10448,10448_1867,1867,,1030,,,,,1870,5038,TRUE,952,1030,Borger
10448,10448_1868,1868,,1052,,,,,1870,5141,TRUE,968,1052,Borger
10448,10448_1869,1869,1758,984,,,,,1870,5099,FALSE,984,1043,Borger
10448,10448_1870,1870,,1056,,,,,1870,5161,TRUE,995,1056,Borger
10448,10448_1871,1871,,1071,,,,,1870,5236,TRUE,1006,1071,Borger
10448,10448_1872,1872,,1082,,,,,1870,5290,TRUE,1018,1082,Borger
10448,10448_1873,1873,,1080,,,,,1870,5278,TRUE,1029,1080,Borger
10448,10448_1874,1874,,1085,,,,,1870,5304,TRUE,1041,1085,Borger
10448,10448_1875,1875,,1105,,,,,1880,5398,TRUE,1052,1105,Borger
10448,10448_1876,1876,,1115,,,,,1880,5448,TRUE,1063,1115,Borger
10448,10448_1877,1877,,1133,,,,,1880,5535,TRUE,1075,1133,Borger
10448,10448_1878,1878,,1159,,,,,1880,5658,TRUE,1086,1159,Borger
10448,10448_1879,1879,1115,1098,1006,92,8,8,1880,5785,FALSE,1098,1185,Borger
10448,10448_1880,1880,,1195,,,,,1880,5831,TRUE,1111,1195,Borger
10448,10448_1881,1881,,1199,,,,,1880,5853,TRUE,1125,1199,Borger
10448,10448_1882,1882,,1201,,,,,1880,5862,TRUE,1139,1201,Borger
10448,10448_1883,1883,,1219,,,,,1880,5951,TRUE,1152,1219,Borger
10448,10448_1884,1884,,1232,,,,,1880,6012,TRUE,1166,1232,Borger
10448,10448_1885,1885,,1257,,,,,1880,6131,TRUE,1180,1257,Borger
10448,10448_1886,1886,,1270,,,,,1890,6195,TRUE,1193,1270,Borger
10448,10448_1887,1887,,1275,,,,,1890,6217,TRUE,1207,1275,Borger
10448,10448_1888,1888,,1287,,,,,1890,6276,TRUE,1221,1287,Borger
10448,10448_1889,1889,,1235,1103,132,14,13,1890,6279,FALSE,1235,1287,Borger
10448,10448_1890,1890,,1296,,,,,1890,6320,TRUE,1253,1296,Borger
10448,10448_1891,1891,,1314,,,,,1890,6409,TRUE,1272,1314,Borger
10448,10448_1892,1892,,1320,,,,,1890,6438,TRUE,1291,1320,Borger
10448,10448_1893,1893,,1335,,,,,1890,6509,TRUE,1310,1335,Borger
10448,10448_1894,1894,,1333,,,,,1890,6498,TRUE,1329,1333,Borger
10448,10448_1895,1895,,1347,,,,,1900,6569,TRUE,1347,1347,Borger
10448,10448_1896,1896,,1379,,,,,1900,6723,TRUE,1366,1379,Borger
10448,10448_1897,1897,,1432,,,,,1900,6975,TRUE,1385,1432,Borger
10448,10448_1898,1898,,1470,,,,,1900,7161,TRUE,1404,1470,Borger
10448,10448_1899,1899,1424,1423,1263,160,7,22,1900,7304,FALSE,1423,1500,Borger
10448,10448_1900,1900,,1546,,,,,1900,7527,TRUE,,1546,Borger
10448,10448_1901,1901,,1581,,,,,1900,7695,TRUE,,1581,Borger
10448,10448_1902,1902,,1616,,,,,1900,7867,TRUE,,1616,Borger
10448,10448_1903,1903,,1655,,,,,1900,8055,TRUE,,1655,Borger
10448,10448_1904,1904,,1710,,,,,1900,8317,TRUE,,1710,Borger
10448,10448_1905,1905,,1720,,,,,1900,8367,TRUE,,1720,Borger
10448,10448_1906,1906,,1753,,,,,1910,8525,TRUE,,1753,Borger
10448,10448_1907,1907,,1785,,,,,1910,8679,TRUE,,1785,Borger
10448,10448_1908,1908,,1821,,,,,1910,8854,TRUE,,1821,Borger
10448,10448_1909,1909,1667,1790,,,,,1910,8705,TRUE,,1790,Borger
10448,10448_1910,1910,,1840,,,,,1910,8947,TRUE,,1840,Borger
10448,10448_1911,1911,,1869,,,,,1910,9085,TRUE,,1869,Borger
10448,10448_1912,1912,,1882,,,,,1910,9147,TRUE,,1882,Borger
10448,10448_1913,1913,,1913,,,,,1910,9301,TRUE,,1913,Borger
10448,10448_1914,1914,,1937,,,,,1910,9416,TRUE,,1937,Borger
10448,10448_1915,1915,,1969,,,,,1920,9571,TRUE,,1969,Borger
10448,10448_1916,1916,,1998,,,,,1920,9711,TRUE,,1998,Borger
10448,10448_1917,1917,,2049,,,,,1920,9955,TRUE,,2049,Borger
10448,10448_1918,1918,,2060,,,,,1920,10011,TRUE,,2060,Borger
10448,10448_1919,1919,,2045,,,,,1920,9936,TRUE,,2045,Borger
10448,10448_1920,1920,1776,2040,,,,,1920,9911,TRUE,,2040,Borger
10448,10448_1921,1921,,2061,,,,,1920,10015,TRUE,,2061,Borger
10455,10455_1849,1849,135,136,,,,,1850,,FALSE,136,,Riethoven
10455,10455_1850,1850,,,,,,,1850,,TRUE,136,,Riethoven
10455,10455_1851,1851,,124,,,,,1850,663,TRUE,136,124,Riethoven
10455,10455_1852,1852,,125,,,,,1850,668,TRUE,136,125,Riethoven
10455,10455_1853,1853,,124,,,,,1850,663,TRUE,136,124,Riethoven
10455,10455_1854,1854,,123,,,,,1850,656,TRUE,137,123,Riethoven
10455,10455_1855,1855,,125,,,,,1860,669,TRUE,137,125,Riethoven
10455,10455_1856,1856,,129,,,,,1860,686,TRUE,137,129,Riethoven
10455,10455_1857,1857,,130,,,,,1860,692,TRUE,137,130,Riethoven
10455,10455_1858,1858,,130,,,,,1860,693,TRUE,137,130,Riethoven
10455,10455_1859,1859,138,138,,,,,1860,696,FALSE,138,131,Riethoven
10455,10455_1860,1860,,127,,,,,1860,676,TRUE,138,127,Riethoven
10455,10455_1861,1861,,125,,,,,1860,668,TRUE,139,125,Riethoven
10455,10455_1862,1862,,126,,,,,1860,672,TRUE,140,126,Riethoven
10455,10455_1863,1863,,126,,,,,1860,675,TRUE,141,126,Riethoven
10455,10455_1864,1864,,128,,,,,1860,681,TRUE,142,128,Riethoven
10455,10455_1865,1865,,127,,,,,1860,680,TRUE,142,127,Riethoven
10455,10455_1866,1866,,130,,,,,1870,690,TRUE,143,130,Riethoven
10455,10455_1867,1867,,129,,,,,1870,686,TRUE,144,129,Riethoven
10455,10455_1868,1868,,130,,,,,1870,694,TRUE,145,130,Riethoven
10455,10455_1869,1869,142,146,,,,,1870,634,FALSE,146,118,Riethoven
10455,10455_1870,1870,,118,,,,,1870,636,TRUE,145,118,Riethoven
10455,10455_1871,1871,,119,,,,,1870,639,TRUE,144,119,Riethoven
10455,10455_1872,1872,,120,,,,,1870,643,TRUE,143,120,Riethoven
10455,10455_1873,1873,,121,,,,,1870,651,TRUE,142,121,Riethoven
10455,10455_1874,1874,,121,,,,,1870,650,TRUE,141,121,Riethoven
10455,10455_1875,1875,,121,,,,,1880,647,TRUE,140,121,Riethoven
10455,10455_1876,1876,,121,,,,,1880,648,TRUE,139,121,Riethoven
10455,10455_1877,1877,,117,,,,,1880,631,TRUE,138,117,Riethoven
10455,10455_1878,1878,,116,,,,,1880,623,TRUE,137,116,Riethoven
10455,10455_1879,1879,140,136,116,20,1,3,1880,623,FALSE,136,116,Riethoven
10455,10455_1880,1880,,112,,,,,1880,604,TRUE,134,112,Riethoven
10455,10455_1881,1881,,108,,,,,1880,586,TRUE,132,108,Riethoven
10455,10455_1882,1882,,109,,,,,1880,593,TRUE,131,109,Riethoven
10455,10455_1883,1883,,109,,,,,1880,590,TRUE,129,109,Riethoven
10455,10455_1884,1884,,109,,,,,1880,593,TRUE,128,109,Riethoven
10455,10455_1885,1885,,108,,,,,1880,587,TRUE,126,108,Riethoven
10455,10455_1886,1886,,110,,,,,1890,597,TRUE,124,110,Riethoven
10455,10455_1887,1887,,108,,,,,1890,586,TRUE,123,108,Riethoven
10455,10455_1888,1888,,106,,,,,1890,577,TRUE,121,106,Riethoven
10455,10455_1889,1889,131,120,106,14,8,3,1890,573,FALSE,120,105,Riethoven
10455,10455_1890,1890,,104,,,,,1890,566,TRUE,119,104,Riethoven
10455,10455_1891,1891,,106,,,,,1890,574,TRUE,119,106,Riethoven
10455,10455_1892,1892,,103,,,,,1890,562,TRUE,119,103,Riethoven
10455,10455_1893,1893,,102,,,,,1890,556,TRUE,118,102,Riethoven
10455,10455_1894,1894,,103,,,,,1890,560,TRUE,118,103,Riethoven
10455,10455_1895,1895,,104,,,,,1900,568,TRUE,118,104,Riethoven
10455,10455_1896,1896,,105,,,,,1900,573,TRUE,117,105,Riethoven
10455,10455_1897,1897,,103,,,,,1900,562,TRUE,117,103,Riethoven
10455,10455_1898,1898,,103,,,,,1900,560,TRUE,117,103,Riethoven
10455,10455_1899,1899,122,117,96,21,3,2,1900,530,FALSE,117,96,Riethoven
10455,10455_1900,1900,,98,,,,,1900,537,TRUE,,98,Riethoven
10455,10455_1901,1901,,101,,,,,1900,550,TRUE,,101,Riethoven
10455,10455_1902,1902,,101,,,,,1900,554,TRUE,,101,Riethoven
10455,10455_1903,1903,,108,,,,,1900,588,TRUE,,108,Riethoven
10455,10455_1904,1904,,114,,,,,1900,616,TRUE,,114,Riethoven
10455,10455_1905,1905,,109,,,,,1900,589,TRUE,,109,Riethoven
10455,10455_1906,1906,,107,,,,,1910,582,TRUE,,107,Riethoven
10455,10455_1907,1907,,111,,,,,1910,600,TRUE,,111,Riethoven
10455,10455_1908,1908,,107,,,,,1910,580,TRUE,,107,Riethoven
10455,10455_1909,1909,118,107,,,,,1910,579,TRUE,,107,Riethoven
10455,10455_1910,1910,,106,,,,,1910,578,TRUE,,106,Riethoven
10455,10455_1911,1911,,101,,,,,1910,552,TRUE,,101,Riethoven
10455,10455_1912,1912,,103,,,,,1910,562,TRUE,,103,Riethoven
10455,10455_1913,1913,,106,,,,,1910,578,TRUE,,106,Riethoven
10455,10455_1914,1914,,107,,,,,1910,580,TRUE,,107,Riethoven
10455,10455_1915,1915,,110,,,,,1920,597,TRUE,,110,Riethoven
10455,10455_1916,1916,,113,,,,,1920,612,TRUE,,113,Riethoven
10455,10455_1917,1917,,114,,,,,1920,613,TRUE,,114,Riethoven
10455,10455_1918,1918,,120,,,,,1920,645,TRUE,,120,Riethoven
10455,10455_1919,1919,,116,,,,,1920,625,TRUE,,116,Riethoven
10455,10455_1920,1920,127,115,,,,,1920,620,TRUE,,115,Riethoven
10455,10455_1921,1921,,119,,,,,1920,640,TRUE,,119,Riethoven
10461,10461_1849,1849,173,291,,,,,1850,,FALSE,291,,Woubrugge
10461,10461_1850,1850,,,,,,,1850,,TRUE,297,,Woubrugge
10461,10461_1851,1851,,278,,,,,1850,1407,TRUE,304,278,Woubrugge
10461,10461_1852,1852,,287,,,,,1850,1451,TRUE,310,287,Woubrugge
10461,10461_1853,1853,,291,,,,,1850,1471,TRUE,317,291,Woubrugge
10461,10461_1854,1854,,354,,,,,1850,1775,TRUE,323,354,Woubrugge
10461,10461_1855,1855,,360,,,,,1860,1802,TRUE,330,360,Woubrugge
10461,10461_1856,1856,,370,,,,,1860,1852,TRUE,336,370,Woubrugge
10461,10461_1857,1857,,374,,,,,1860,1871,TRUE,343,374,Woubrugge
10461,10461_1858,1858,,376,,,,,1860,1881,TRUE,349,376,Woubrugge
10461,10461_1859,1859,237,356,,,,,1860,1795,FALSE,356,358,Woubrugge
10461,10461_1860,1860,,338,,,,,1860,1694,TRUE,359,338,Woubrugge
10461,10461_1861,1861,,351,,,,,1860,1758,TRUE,362,351,Woubrugge
10461,10461_1862,1862,,357,,,,,1860,1789,TRUE,366,357,Woubrugge
10461,10461_1863,1863,,365,,,,,1860,1828,TRUE,369,365,Woubrugge
10461,10461_1864,1864,,373,,,,,1860,1864,TRUE,373,373,Woubrugge
10461,10461_1865,1865,,380,,,,,1860,1900,TRUE,376,380,Woubrugge
10461,10461_1866,1866,,377,,,,,1870,1885,TRUE,379,377,Woubrugge
10461,10461_1867,1867,,376,,,,,1870,1882,TRUE,383,376,Woubrugge
10461,10461_1868,1868,,376,,,,,1870,1882,TRUE,386,376,Woubrugge
10461,10461_1869,1869,804,390,,,,,1870,1900,FALSE,390,380,Woubrugge
10461,10461_1870,1870,,380,,,,,1870,1901,TRUE,393,380,Woubrugge
10461,10461_1871,1871,,384,,,,,1870,1920,TRUE,396,384,Woubrugge
10461,10461_1872,1872,,389,,,,,1870,1942,TRUE,399,389,Woubrugge
10461,10461_1873,1873,,397,,,,,1870,1979,TRUE,402,397,Woubrugge
10461,10461_1874,1874,,402,,,,,1870,2007,TRUE,405,402,Woubrugge
10461,10461_1875,1875,,402,,,,,1880,2007,TRUE,408,402,Woubrugge
10461,10461_1876,1876,,409,,,,,1880,2039,TRUE,411,409,Woubrugge
10461,10461_1877,1877,,416,,,,,1880,2073,TRUE,414,416,Woubrugge
10461,10461_1878,1878,,424,,,,,1880,2111,TRUE,417,424,Woubrugge
10461,10461_1879,1879,444,421,390,31,7,20,1880,2034,FALSE,421,408,Woubrugge
10461,10461_1880,1880,,413,,,,,1880,2058,TRUE,420,413,Woubrugge
10461,10461_1881,1881,,416,,,,,1880,2072,TRUE,419,416,Woubrugge
10461,10461_1882,1882,,400,,,,,1880,1996,TRUE,418,400,Woubrugge
10461,10461_1883,1883,,416,,,,,1880,2075,TRUE,417,416,Woubrugge
10461,10461_1884,1884,,413,,,,,1880,2060,TRUE,416,413,Woubrugge
10461,10461_1885,1885,,420,,,,,1880,2093,TRUE,415,420,Woubrugge
10461,10461_1886,1886,,428,,,,,1890,2130,TRUE,414,428,Woubrugge
10461,10461_1887,1887,,420,,,,,1890,2090,TRUE,413,420,Woubrugge
10461,10461_1888,1888,,428,,,,,1890,2131,TRUE,412,428,Woubrugge
10461,10461_1889,1889,446,411,378,33,21,17,1890,2069,FALSE,411,415,Woubrugge
10461,10461_1890,1890,,411,,,,,1890,2049,TRUE,409,411,Woubrugge
10461,10461_1891,1891,,406,,,,,1890,2026,TRUE,408,406,Woubrugge
10461,10461_1892,1892,,398,,,,,1890,1988,TRUE,406,398,Woubrugge
10461,10461_1893,1893,,393,,,,,1890,1963,TRUE,405,393,Woubrugge
10461,10461_1894,1894,,390,,,,,1890,1945,TRUE,403,390,Woubrugge
10461,10461_1895,1895,,393,,,,,1900,1962,TRUE,402,393,Woubrugge
10461,10461_1896,1896,,395,,,,,1900,1972,TRUE,400,395,Woubrugge
10461,10461_1897,1897,,406,,,,,1900,2024,TRUE,399,406,Woubrugge
10461,10461_1898,1898,,406,,,,,1900,2024,TRUE,397,406,Woubrugge
10461,10461_1899,1899,434,396,355,41,15,29,1900,2014,FALSE,396,404,Woubrugge
10461,10461_1900,1900,,402,,,,,1900,2004,TRUE,,402,Woubrugge
10461,10461_1901,1901,,400,,,,,1900,1995,TRUE,,400,Woubrugge
10461,10461_1902,1902,,403,,,,,1900,2010,TRUE,,403,Woubrugge
10461,10461_1903,1903,,411,,,,,1900,2048,TRUE,,411,Woubrugge
10461,10461_1904,1904,,418,,,,,1900,2082,TRUE,,418,Woubrugge
10461,10461_1905,1905,,422,,,,,1900,2100,TRUE,,422,Woubrugge
10461,10461_1906,1906,,428,,,,,1910,2133,TRUE,,428,Woubrugge
10461,10461_1907,1907,,426,,,,,1910,2119,TRUE,,426,Woubrugge
10461,10461_1908,1908,,428,,,,,1910,2130,TRUE,,428,Woubrugge
10461,10461_1909,1909,452,432,,,,,1910,2149,TRUE,,432,Woubrugge
10461,10461_1910,1910,,426,,,,,1910,2123,TRUE,,426,Woubrugge
10461,10461_1911,1911,,436,,,,,1910,2171,TRUE,,436,Woubrugge
10461,10461_1912,1912,,439,,,,,1910,2184,TRUE,,439,Woubrugge
10461,10461_1913,1913,,436,,,,,1910,2171,TRUE,,436,Woubrugge
10461,10461_1914,1914,,454,,,,,1910,2256,TRUE,,454,Woubrugge
10461,10461_1915,1915,,446,,,,,1920,2216,TRUE,,446,Woubrugge
10461,10461_1916,1916,,450,,,,,1920,2239,TRUE,,450,Woubrugge
10461,10461_1917,1917,,466,,,,,1920,2314,TRUE,,466,Woubrugge
10461,10461_1918,1918,,461,,,,,1920,2291,TRUE,,461,Woubrugge
10461,10461_1919,1919,,467,,,,,1920,2320,TRUE,,467,Woubrugge
10461,10461_1920,1920,473,463,,,,,1920,2302,TRUE,,463,Woubrugge
10461,10461_1921,1921,,471,,,,,1920,2336,TRUE,,471,Woubrugge
10474,10474_1849,1849,309,321,,,,,1850,,FALSE,321,,Swalmen
10474,10474_1850,1850,,,,,,,1850,,TRUE,322,,Swalmen
10474,10474_1851,1851,,333,,,,,1850,1674,TRUE,323,333,Swalmen
10474,10474_1852,1852,,335,,,,,1850,1683,TRUE,324,335,Swalmen
10474,10474_1853,1853,,342,,,,,1850,1716,TRUE,325,342,Swalmen
10474,10474_1854,1854,,344,,,,,1850,1727,TRUE,327,344,Swalmen
10474,10474_1855,1855,,347,,,,,1860,1742,TRUE,328,347,Swalmen
10474,10474_1856,1856,,352,,,,,1860,1764,TRUE,329,352,Swalmen
10474,10474_1857,1857,,353,,,,,1860,1768,TRUE,330,353,Swalmen
10474,10474_1858,1858,,362,,,,,1860,1814,TRUE,331,362,Swalmen
10474,10474_1859,1859,336,333,,,,,1860,1799,FALSE,333,359,Swalmen
10474,10474_1860,1860,,359,,,,,1860,1796,TRUE,337,359,Swalmen
10474,10474_1861,1861,,359,,,,,1860,1798,TRUE,341,359,Swalmen
10474,10474_1862,1862,,368,,,,,1860,1839,TRUE,345,368,Swalmen
10474,10474_1863,1863,,372,,,,,1860,1859,TRUE,349,372,Swalmen
10474,10474_1864,1864,,376,,,,,1860,1879,TRUE,353,376,Swalmen
10474,10474_1865,1865,,379,,,,,1860,1893,TRUE,357,379,Swalmen
10474,10474_1866,1866,,376,,,,,1870,1880,TRUE,361,376,Swalmen
10474,10474_1867,1867,,384,,,,,1870,1919,TRUE,365,384,Swalmen
10474,10474_1868,1868,,377,,,,,1870,1884,TRUE,369,377,Swalmen
10474,10474_1869,1869,379,374,,,,,1870,2026,FALSE,374,406,Swalmen
10474,10474_1870,1870,,412,,,,,1870,2055,TRUE,377,412,Swalmen
10474,10474_1871,1871,,409,,,,,1870,2039,TRUE,380,409,Swalmen
10474,10474_1872,1872,,401,,,,,1870,2001,TRUE,383,401,Swalmen
10474,10474_1873,1873,,404,,,,,1870,2017,TRUE,386,404,Swalmen
10474,10474_1874,1874,,414,,,,,1870,2061,TRUE,389,414,Swalmen
10474,10474_1875,1875,,416,,,,,1880,2073,TRUE,392,416,Swalmen
10474,10474_1876,1876,,427,,,,,1880,2127,TRUE,395,427,Swalmen
10474,10474_1877,1877,,433,,,,,1880,2153,TRUE,398,433,Swalmen
10474,10474_1878,1878,,437,,,,,1880,2175,TRUE,401,437,Swalmen
10474,10474_1879,1879,416,405,355,50,11,5,1880,2198,FALSE,405,442,Swalmen
10474,10474_1880,1880,,444,,,,,1880,2210,TRUE,408,444,Swalmen
10474,10474_1881,1881,,448,,,,,1880,2228,TRUE,412,448,Swalmen
10474,10474_1882,1882,,459,,,,,1880,2281,TRUE,415,459,Swalmen
10474,10474_1883,1883,,466,,,,,1880,2316,TRUE,419,466,Swalmen
10474,10474_1884,1884,,472,,,,,1880,2343,TRUE,422,472,Swalmen
10474,10474_1885,1885,,469,,,,,1880,2327,TRUE,426,469,Swalmen
10474,10474_1886,1886,,471,,,,,1890,2338,TRUE,429,471,Swalmen
10474,10474_1887,1887,,472,,,,,1890,2345,TRUE,433,472,Swalmen
10474,10474_1888,1888,,469,,,,,1890,2330,TRUE,436,469,Swalmen
10474,10474_1889,1889,,464,,,,,1890,2305,TRUE,440,464,Swalmen
10474,10474_1890,1890,,462,,,,,1890,2294,TRUE,444,462,Swalmen
10474,10474_1891,1891,,472,,,,,1890,2345,TRUE,447,472,Swalmen
10474,10474_1892,1892,,482,,,,,1890,2390,TRUE,451,482,Swalmen
10474,10474_1893,1893,,486,,,,,1890,2412,TRUE,454,486,Swalmen
10474,10474_1894,1894,,495,,,,,1890,2453,TRUE,458,495,Swalmen
10474,10474_1895,1895,,494,,,,,1900,2450,TRUE,461,494,Swalmen
10474,10474_1896,1896,,498,,,,,1900,2469,TRUE,465,498,Swalmen
10474,10474_1897,1897,,512,,,,,1900,2535,TRUE,468,512,Swalmen
10474,10474_1898,1898,,533,,,,,1900,2636,TRUE,472,533,Swalmen
10474,10474_1899,1899,494,476,420,56,13,8,1900,2686,FALSE,476,543,Swalmen
10474,10474_1900,1900,,554,,,,,1900,2739,TRUE,,554,Swalmen
10474,10474_1901,1901,,564,,,,,1900,2789,TRUE,,564,Swalmen
10474,10474_1902,1902,,570,,,,,1900,2816,TRUE,,570,Swalmen
10474,10474_1903,1903,,584,,,,,1900,2882,TRUE,,584,Swalmen
10474,10474_1904,1904,,596,,,,,1900,2940,TRUE,,596,Swalmen
10474,10474_1905,1905,,604,,,,,1900,2979,TRUE,,604,Swalmen
10474,10474_1906,1906,,615,,,,,1910,3031,TRUE,,615,Swalmen
10474,10474_1907,1907,,632,,,,,1910,3115,TRUE,,632,Swalmen
10474,10474_1908,1908,,639,,,,,1910,3150,TRUE,,639,Swalmen
10474,10474_1909,1909,589,600,,,,,1910,2963,TRUE,,600,Swalmen
10474,10474_1910,1910,,618,,,,,1910,3048,TRUE,,618,Swalmen
10474,10474_1911,1911,,630,,,,,1910,3107,TRUE,,630,Swalmen
10474,10474_1912,1912,,656,,,,,1910,3232,TRUE,,656,Swalmen
10474,10474_1913,1913,,669,,,,,1910,3294,TRUE,,669,Swalmen
10474,10474_1914,1914,,692,,,,,1910,3403,TRUE,,692,Swalmen
10474,10474_1915,1915,,699,,,,,1920,3441,TRUE,,699,Swalmen
10474,10474_1916,1916,,706,,,,,1920,3474,TRUE,,706,Swalmen
10474,10474_1917,1917,,733,,,,,1920,3601,TRUE,,733,Swalmen
10474,10474_1918,1918,,731,,,,,1920,3595,TRUE,,731,Swalmen
10474,10474_1919,1919,,744,,,,,1920,3657,TRUE,,744,Swalmen
10474,10474_1920,1920,666,719,,,,,1920,3534,TRUE,,719,Swalmen
10474,10474_1921,1921,,735,,,,,1920,3615,TRUE,,735,Swalmen
10484,10484_1849,1849,284,369,,,,,1850,,FALSE,369,,Graft
10484,10484_1850,1850,,,,,,,1850,,TRUE,368,,Graft
10484,10484_1851,1851,,307,,,,,1850,1547,TRUE,367,307,Graft
10484,10484_1852,1852,,315,,,,,1850,1584,TRUE,366,315,Graft
10484,10484_1853,1853,,326,,,,,1850,1638,TRUE,365,326,Graft
10484,10484_1854,1854,,328,,,,,1850,1650,TRUE,364,328,Graft
10484,10484_1855,1855,,323,,,,,1860,1626,TRUE,363,323,Graft
10484,10484_1856,1856,,327,,,,,1860,1641,TRUE,362,327,Graft
10484,10484_1857,1857,,326,,,,,1860,1637,TRUE,361,326,Graft
10484,10484_1858,1858,,321,,,,,1860,1615,TRUE,360,321,Graft
10484,10484_1859,1859,307,360,,,,,1860,1598,FALSE,360,318,Graft
10484,10484_1860,1860,,315,,,,,1860,1584,TRUE,361,315,Graft
10484,10484_1861,1861,,327,,,,,1860,1643,TRUE,362,327,Graft
10484,10484_1862,1862,,329,,,,,1860,1652,TRUE,363,329,Graft
10484,10484_1863,1863,,336,,,,,1860,1685,TRUE,364,336,Graft
10484,10484_1864,1864,,338,,,,,1860,1694,TRUE,366,338,Graft
10484,10484_1865,1865,,338,,,,,1860,1698,TRUE,367,338,Graft
10484,10484_1866,1866,,324,,,,,1870,1628,TRUE,368,324,Graft
10484,10484_1867,1867,,320,,,,,1870,1610,TRUE,369,320,Graft
10484,10484_1868,1868,,324,,,,,1870,1630,TRUE,370,324,Graft
10484,10484_1869,1869,304,372,,,,,1870,1606,FALSE,372,319,Graft
10484,10484_1870,1870,,316,,,,,1870,1588,TRUE,372,316,Graft
10484,10484_1871,1871,,309,,,,,1870,1555,TRUE,372,309,Graft
10484,10484_1872,1872,,311,,,,,1870,1568,TRUE,372,311,Graft
10484,10484_1873,1873,,307,,,,,1870,1548,TRUE,373,307,Graft
10484,10484_1874,1874,,307,,,,,1870,1548,TRUE,373,307,Graft
10484,10484_1875,1875,,310,,,,,1880,1562,TRUE,373,310,Graft
10484,10484_1876,1876,,311,,,,,1880,1567,TRUE,374,311,Graft
10484,10484_1877,1877,,314,,,,,1880,1579,TRUE,374,314,Graft
10484,10484_1878,1878,,313,,,,,1880,1574,TRUE,374,313,Graft
10484,10484_1879,1879,322,375,330,45,11,17,1880,1605,FALSE,375,319,Graft
10484,10484_1880,1880,,312,,,,,1880,1573,TRUE,371,312,Graft
10484,10484_1881,1881,,311,,,,,1880,1565,TRUE,367,311,Graft
10484,10484_1882,1882,,307,,,,,1880,1547,TRUE,364,307,Graft
10484,10484_1883,1883,,311,,,,,1880,1566,TRUE,360,311,Graft
10484,10484_1884,1884,,308,,,,,1880,1552,TRUE,357,308,Graft
10484,10484_1885,1885,,309,,,,,1880,1554,TRUE,353,309,Graft
10484,10484_1886,1886,,306,,,,,1890,1540,TRUE,349,306,Graft
10484,10484_1887,1887,,294,,,,,1890,1482,TRUE,346,294,Graft
10484,10484_1888,1888,,299,,,,,1890,1509,TRUE,342,299,Graft
10484,10484_1889,1889,311,339,302,37,10,17,1890,1489,FALSE,339,295,Graft
10484,10484_1890,1890,,293,,,,,1890,1480,TRUE,336,293,Graft
10484,10484_1891,1891,,294,,,,,1890,1482,TRUE,334,294,Graft
10484,10484_1892,1892,,296,,,,,1890,1492,TRUE,332,296,Graft
10484,10484_1893,1893,,296,,,,,1890,1495,TRUE,329,296,Graft
10484,10484_1894,1894,,292,,,,,1890,1474,TRUE,327,292,Graft
10484,10484_1895,1895,,296,,,,,1900,1494,TRUE,325,296,Graft
10484,10484_1896,1896,,295,,,,,1900,1491,TRUE,322,295,Graft
10484,10484_1897,1897,,283,,,,,1900,1430,TRUE,320,283,Graft
10484,10484_1898,1898,,279,,,,,1900,1411,TRUE,318,279,Graft
10484,10484_1899,1899,306,316,290,26,15,18,1900,1368,FALSE,316,270,Graft
10484,10484_1900,1900,,273,,,,,1900,1383,TRUE,,273,Graft
10484,10484_1901,1901,,274,,,,,1900,1388,TRUE,,274,Graft
10484,10484_1902,1902,,276,,,,,1900,1396,TRUE,,276,Graft
10484,10484_1903,1903,,270,,,,,1900,1369,TRUE,,270,Graft
10484,10484_1904,1904,,270,,,,,1900,1366,TRUE,,270,Graft
10484,10484_1905,1905,,273,,,,,1900,1384,TRUE,,273,Graft
10484,10484_1906,1906,,268,,,,,1910,1359,TRUE,,268,Graft
10484,10484_1907,1907,,268,,,,,1910,1359,TRUE,,268,Graft
10484,10484_1908,1908,,268,,,,,1910,1358,TRUE,,268,Graft
10484,10484_1909,1909,334,253,,,,,1910,1286,TRUE,,253,Graft
10484,10484_1910,1910,,255,,,,,1910,1296,TRUE,,255,Graft
10484,10484_1911,1911,,252,,,,,1910,1282,TRUE,,252,Graft
10484,10484_1912,1912,,252,,,,,1910,1279,TRUE,,252,Graft
10484,10484_1913,1913,,253,,,,,1910,1288,TRUE,,253,Graft
10484,10484_1914,1914,,251,,,,,1910,1276,TRUE,,251,Graft
10484,10484_1915,1915,,254,,,,,1920,1293,TRUE,,254,Graft
10484,10484_1916,1916,,254,,,,,1920,1291,TRUE,,254,Graft
10484,10484_1917,1917,,243,,,,,1920,1236,TRUE,,243,Graft
10484,10484_1918,1918,,240,,,,,1920,1221,TRUE,,240,Graft
10484,10484_1919,1919,,237,,,,,1920,1210,TRUE,,237,Graft
10484,10484_1920,1920,327,234,,,,,1920,1192,TRUE,,234,Graft
10484,10484_1921,1921,,237,,,,,1920,1208,TRUE,,237,Graft
10486,10486_1849,1849,77,102,,,,,1850,,FALSE,102,,Philippine
10486,10486_1850,1850,,,,,,,1850,,TRUE,102,,Philippine
10486,10486_1851,1851,,86,,,,,1850,482,TRUE,102,86,Philippine
10486,10486_1852,1852,,87,,,,,1850,485,TRUE,102,87,Philippine
10486,10486_1853,1853,,92,,,,,1850,507,TRUE,103,92,Philippine
10486,10486_1854,1854,,93,,,,,1850,514,TRUE,103,93,Philippine
10486,10486_1855,1855,,93,,,,,1860,512,TRUE,103,93,Philippine
10486,10486_1856,1856,,90,,,,,1860,499,TRUE,104,90,Philippine
10486,10486_1857,1857,,92,,,,,1860,508,TRUE,104,92,Philippine
10486,10486_1858,1858,,92,,,,,1860,511,TRUE,104,92,Philippine
10486,10486_1859,1859,93,105,,,,,1860,514,FALSE,105,93,Philippine
10486,10486_1860,1860,,106,,,,,1860,575,TRUE,107,106,Philippine
10486,10486_1861,1861,,103,,,,,1860,562,TRUE,110,103,Philippine
10486,10486_1862,1862,,99,,,,,1860,541,TRUE,112,99,Philippine
10486,10486_1863,1863,,105,,,,,1860,572,TRUE,115,105,Philippine
10486,10486_1864,1864,,105,,,,,1860,570,TRUE,118,105,Philippine
10486,10486_1865,1865,,108,,,,,1860,585,TRUE,120,108,Philippine
10486,10486_1866,1866,,106,,,,,1870,578,TRUE,123,106,Philippine
10486,10486_1867,1867,,111,,,,,1870,602,TRUE,125,111,Philippine
10486,10486_1868,1868,,112,,,,,1870,605,TRUE,128,112,Philippine
10486,10486_1869,1869,114,131,,,,,1870,634,FALSE,131,118,Philippine
10486,10486_1870,1870,,127,,,,,1870,678,TRUE,131,127,Philippine
10486,10486_1871,1871,,126,,,,,1870,672,TRUE,131,126,Philippine
10486,10486_1872,1872,,133,,,,,1870,705,TRUE,131,133,Philippine
10486,10486_1873,1873,,138,,,,,1870,730,TRUE,132,138,Philippine
10486,10486_1874,1874,,139,,,,,1870,737,TRUE,132,139,Philippine
10486,10486_1875,1875,,142,,,,,1880,751,TRUE,132,142,Philippine
10486,10486_1876,1876,,148,,,,,1880,779,TRUE,133,148,Philippine
10486,10486_1877,1877,,154,,,,,1880,806,TRUE,133,154,Philippine
10486,10486_1878,1878,,156,,,,,1880,816,TRUE,133,156,Philippine
10486,10486_1879,1879,135,134,112,22,5,6,1880,692,FALSE,134,130,Philippine
10486,10486_1880,1880,,131,,,,,1880,696,TRUE,135,131,Philippine
10486,10486_1881,1881,,135,,,,,1880,717,TRUE,137,135,Philippine
10486,10486_1882,1882,,141,,,,,1880,744,TRUE,139,141,Philippine
10486,10486_1883,1883,,136,,,,,1880,723,TRUE,141,136,Philippine
10486,10486_1884,1884,,145,,,,,1880,767,TRUE,143,145,Philippine
10486,10486_1885,1885,,157,,,,,1880,824,TRUE,144,157,Philippine
10486,10486_1886,1886,,159,,,,,1890,831,TRUE,146,159,Philippine
10486,10486_1887,1887,,167,,,,,1890,871,TRUE,148,167,Philippine
10486,10486_1888,1888,,174,,,,,1890,904,TRUE,150,174,Philippine
10486,10486_1889,1889,,152,135,17,3,4,1890,835,FALSE,152,160,Philippine
10486,10486_1890,1890,,161,,,,,1890,840,TRUE,153,161,Philippine
10486,10486_1891,1891,,168,,,,,1890,876,TRUE,154,168,Philippine
10486,10486_1892,1892,,159,,,,,1890,833,TRUE,155,159,Philippine
10486,10486_1893,1893,,161,,,,,1890,841,TRUE,157,161,Philippine
10486,10486_1894,1894,,162,,,,,1890,846,TRUE,158,162,Philippine
10486,10486_1895,1895,,164,,,,,1900,858,TRUE,159,164,Philippine
10486,10486_1896,1896,,170,,,,,1900,887,TRUE,161,170,Philippine
10486,10486_1897,1897,,172,,,,,1900,896,TRUE,162,172,Philippine
10486,10486_1898,1898,,176,,,,,1900,915,TRUE,163,176,Philippine
10486,10486_1899,1899,156,165,144,21,2,6,1900,922,FALSE,165,178,Philippine
10486,10486_1900,1900,,186,,,,,1900,964,TRUE,,186,Philippine
10486,10486_1901,1901,,199,,,,,1900,1023,TRUE,,199,Philippine
10486,10486_1902,1902,,209,,,,,1900,1072,TRUE,,209,Philippine
10486,10486_1903,1903,,217,,,,,1900,1114,TRUE,,217,Philippine
10486,10486_1904,1904,,215,,,,,1900,1101,TRUE,,215,Philippine
10486,10486_1905,1905,,220,,,,,1900,1125,TRUE,,220,Philippine
10486,10486_1906,1906,,214,,,,,1910,1096,TRUE,,214,Philippine
10486,10486_1907,1907,,224,,,,,1910,1144,TRUE,,224,Philippine
10486,10486_1908,1908,,224,,,,,1910,1148,TRUE,,224,Philippine
10486,10486_1909,1909,230,222,,,,,1910,1134,TRUE,,222,Philippine
10486,10486_1910,1910,,224,,,,,1910,1148,TRUE,,224,Philippine
10486,10486_1911,1911,,229,,,,,1910,1172,TRUE,,229,Philippine
10486,10486_1912,1912,,220,,,,,1910,1125,TRUE,,220,Philippine
10486,10486_1913,1913,,226,,,,,1910,1158,TRUE,,226,Philippine
10486,10486_1914,1914,,231,,,,,1910,1180,TRUE,,231,Philippine
10486,10486_1915,1915,,237,,,,,1920,1208,TRUE,,237,Philippine
10486,10486_1916,1916,,248,,,,,1920,1260,TRUE,,248,Philippine
10486,10486_1917,1917,,251,,,,,1920,1278,TRUE,,251,Philippine
10486,10486_1918,1918,,254,,,,,1920,1293,TRUE,,254,Philippine
10486,10486_1919,1919,,253,,,,,1920,1287,TRUE,,253,Philippine
10486,10486_1920,1920,242,238,,,,,1920,1212,TRUE,,238,Philippine
10486,10486_1921,1921,,237,,,,,1920,1209,TRUE,,237,Philippine
10487,10487_1849,1849,,,,,,,1850,,TRUE,,,Nieuwveen
10487,10487_1850,1850,,,,,,,1850,,TRUE,,,Nieuwveen
10487,10487_1851,1851,,163,,,,,1850,852,TRUE,,163,Nieuwveen
10487,10487_1852,1852,,159,,,,,1850,831,TRUE,,159,Nieuwveen
10487,10487_1853,1853,,159,,,,,1850,830,TRUE,,159,Nieuwveen
10487,10487_1854,1854,,166,,,,,1850,865,TRUE,,166,Nieuwveen
10487,10487_1855,1855,,171,,,,,1860,889,TRUE,,171,Nieuwveen
10487,10487_1856,1856,,178,,,,,1860,925,TRUE,,178,Nieuwveen
10487,10487_1857,1857,,181,,,,,1860,939,TRUE,,181,Nieuwveen
10487,10487_1858,1858,,186,,,,,1860,963,TRUE,,186,Nieuwveen
10487,10487_1859,1859,137,217,,,,,1860,1011,FALSE,217,196,Nieuwveen
10487,10487_1860,1860,,195,,,,,1860,1006,TRUE,219,195,Nieuwveen
10487,10487_1861,1861,,194,,,,,1860,1001,TRUE,221,194,Nieuwveen
10487,10487_1862,1862,,203,,,,,1860,1044,TRUE,223,203,Nieuwveen
10487,10487_1863,1863,,207,,,,,1860,1063,TRUE,226,207,Nieuwveen
10487,10487_1864,1864,,212,,,,,1860,1088,TRUE,228,212,Nieuwveen
10487,10487_1865,1865,,220,,,,,1860,1126,TRUE,230,220,Nieuwveen
10487,10487_1866,1866,,223,,,,,1870,1142,TRUE,233,223,Nieuwveen
10487,10487_1867,1867,,226,,,,,1870,1156,TRUE,235,226,Nieuwveen
10487,10487_1868,1868,,232,,,,,1870,1184,TRUE,237,232,Nieuwveen
10487,10487_1869,1869,472,240,,,,,1870,1111,FALSE,240,217,Nieuwveen
10487,10487_1870,1870,,229,,,,,1870,1169,TRUE,242,229,Nieuwveen
10487,10487_1871,1871,,236,,,,,1870,1205,TRUE,244,236,Nieuwveen
10487,10487_1872,1872,,242,,,,,1870,1233,TRUE,246,242,Nieuwveen
10487,10487_1873,1873,,241,,,,,1870,1229,TRUE,248,241,Nieuwveen
10487,10487_1874,1874,,241,,,,,1870,1227,TRUE,250,241,Nieuwveen
10487,10487_1875,1875,,239,,,,,1880,1216,TRUE,252,239,Nieuwveen
10487,10487_1876,1876,,237,,,,,1880,1211,TRUE,254,237,Nieuwveen
10487,10487_1877,1877,,237,,,,,1880,1207,TRUE,256,237,Nieuwveen
10487,10487_1878,1878,,238,,,,,1880,1212,TRUE,258,238,Nieuwveen
10487,10487_1879,1879,271,261,235,26,2,16,1880,1240,FALSE,261,243,Nieuwveen
10487,10487_1880,1880,,250,,,,,1880,1271,TRUE,260,250,Nieuwveen
10487,10487_1881,1881,,249,,,,,1880,1267,TRUE,259,249,Nieuwveen
10487,10487_1882,1882,,256,,,,,1880,1301,TRUE,258,256,Nieuwveen
10487,10487_1883,1883,,265,,,,,1880,1345,TRUE,257,265,Nieuwveen
10487,10487_1884,1884,,249,,,,,1880,1269,TRUE,257,249,Nieuwveen
10487,10487_1885,1885,,251,,,,,1880,1276,TRUE,256,251,Nieuwveen
10487,10487_1886,1886,,250,,,,,1890,1270,TRUE,255,250,Nieuwveen
10487,10487_1887,1887,,259,,,,,1890,1314,TRUE,254,259,Nieuwveen
10487,10487_1888,1888,,246,,,,,1890,1254,TRUE,253,246,Nieuwveen
10487,10487_1889,1889,271,253,224,29,3,17,1890,1269,FALSE,253,249,Nieuwveen
10487,10487_1890,1890,,252,,,,,1890,1279,TRUE,250,252,Nieuwveen
10487,10487_1891,1891,,251,,,,,1890,1275,TRUE,247,251,Nieuwveen
10487,10487_1892,1892,,258,,,,,1890,1311,TRUE,244,258,Nieuwveen
10487,10487_1893,1893,,260,,,,,1890,1318,TRUE,241,260,Nieuwveen
10487,10487_1894,1894,,256,,,,,1890,1299,TRUE,238,256,Nieuwveen
10487,10487_1895,1895,,254,,,,,1900,1292,TRUE,235,254,Nieuwveen
10487,10487_1896,1896,,249,,,,,1900,1269,TRUE,232,249,Nieuwveen
10487,10487_1897,1897,,250,,,,,1900,1273,TRUE,229,250,Nieuwveen
10487,10487_1898,1898,,254,,,,,1900,1289,TRUE,226,254,Nieuwveen
10487,10487_1899,1899,253,224,202,22,4,22,1900,1247,FALSE,224,245,Nieuwveen
10487,10487_1900,1900,,239,,,,,1900,1219,TRUE,,239,Nieuwveen
10487,10487_1901,1901,,241,,,,,1900,1229,TRUE,,241,Nieuwveen
10487,10487_1902,1902,,234,,,,,1900,1196,TRUE,,234,Nieuwveen
10487,10487_1903,1903,,234,,,,,1900,1196,TRUE,,234,Nieuwveen
10487,10487_1904,1904,,234,,,,,1900,1195,TRUE,,234,Nieuwveen
10487,10487_1905,1905,,240,,,,,1900,1222,TRUE,,240,Nieuwveen
10487,10487_1906,1906,,237,,,,,1910,1210,TRUE,,237,Nieuwveen
10487,10487_1907,1907,,241,,,,,1910,1226,TRUE,,241,Nieuwveen
10487,10487_1908,1908,,240,,,,,1910,1221,TRUE,,240,Nieuwveen
10487,10487_1909,1909,247,240,,,,,1910,1222,TRUE,,240,Nieuwveen
10487,10487_1910,1910,,241,,,,,1910,1228,TRUE,,241,Nieuwveen
10487,10487_1911,1911,,245,,,,,1910,1248,TRUE,,245,Nieuwveen
10487,10487_1912,1912,,254,,,,,1910,1293,TRUE,,254,Nieuwveen
10487,10487_1913,1913,,260,,,,,1910,1318,TRUE,,260,Nieuwveen
10487,10487_1914,1914,,271,,,,,1910,1374,TRUE,,271,Nieuwveen
10487,10487_1915,1915,,286,,,,,1920,1446,TRUE,,286,Nieuwveen
10487,10487_1916,1916,,295,,,,,1920,1487,TRUE,,295,Nieuwveen
10487,10487_1917,1917,,298,,,,,1920,1503,TRUE,,298,Nieuwveen
10487,10487_1918,1918,,303,,,,,1920,1525,TRUE,,303,Nieuwveen
10487,10487_1919,1919,,315,,,,,1920,1586,TRUE,,315,Nieuwveen
10487,10487_1920,1920,271,311,,,,,1920,1567,TRUE,,311,Nieuwveen
10487,10487_1921,1921,,307,,,,,1920,1545,TRUE,,307,Nieuwveen
10517,10517_1849,1849,,,,,,,1850,,TRUE,,,Alphen
10517,10517_1850,1850,,,,,,,1850,,TRUE,,,Alphen
10517,10517_1851,1851,,598,,,,,1850,2952,TRUE,,598,Alphen
10517,10517_1852,1852,,600,,,,,1850,2961,TRUE,,600,Alphen
10517,10517_1853,1853,,594,,,,,1850,2930,TRUE,,594,Alphen
10517,10517_1854,1854,,602,,,,,1850,2973,TRUE,,602,Alphen
10517,10517_1855,1855,,601,,,,,1860,2965,TRUE,,601,Alphen
10517,10517_1856,1856,,605,,,,,1860,2984,TRUE,,605,Alphen
10517,10517_1857,1857,,606,,,,,1860,2989,TRUE,,606,Alphen
10517,10517_1858,1858,,607,,,,,1860,2993,TRUE,,607,Alphen
10517,10517_1859,1859,684,669,,,,,1860,3160,FALSE,669,641,Alphen
10517,10517_1860,1860,,647,,,,,1860,3188,TRUE,670,647,Alphen
10517,10517_1861,1861,,653,,,,,1860,3216,TRUE,672,653,Alphen
10517,10517_1862,1862,,659,,,,,1860,3244,TRUE,674,659,Alphen
10517,10517_1863,1863,,664,,,,,1860,3270,TRUE,676,664,Alphen
10517,10517_1864,1864,,674,,,,,1860,3320,TRUE,678,674,Alphen
10517,10517_1865,1865,,675,,,,,1860,3322,TRUE,679,675,Alphen
10517,10517_1866,1866,,678,,,,,1870,3337,TRUE,681,678,Alphen
10517,10517_1867,1867,,680,,,,,1870,3349,TRUE,683,680,Alphen
10517,10517_1868,1868,,689,,,,,1870,3391,TRUE,685,689,Alphen
10517,10517_1869,1869,1430,687,,,,,1870,3052,FALSE,687,619,Alphen
10517,10517_1870,1870,,649,,,,,1870,3196,TRUE,697,649,Alphen
10517,10517_1871,1871,,654,,,,,1870,3220,TRUE,708,654,Alphen
10517,10517_1872,1872,,653,,,,,1870,3219,TRUE,719,653,Alphen
10517,10517_1873,1873,,642,,,,,1870,3164,TRUE,730,642,Alphen
10517,10517_1874,1874,,651,,,,,1870,3209,TRUE,741,651,Alphen
10517,10517_1875,1875,,662,,,,,1880,3261,TRUE,752,662,Alphen
10517,10517_1876,1876,,674,,,,,1880,3316,TRUE,763,674,Alphen
10517,10517_1877,1877,,679,,,,,1880,3344,TRUE,774,679,Alphen
10517,10517_1878,1878,,702,,,,,1880,3452,TRUE,785,702,Alphen
10517,10517_1879,1879,833,796,710,86,18,36,1880,3641,FALSE,796,741,Alphen
10517,10517_1880,1880,,1842,,,,,1880,8955,TRUE,,1842,Alphen
10517,10517_1881,1881,,761,,,,,1880,3739,TRUE,,761,Alphen
10517,10517_1882,1882,,758,,,,,1880,3724,TRUE,,758,Alphen
10517,10517_1883,1883,,765,,,,,1880,3758,TRUE,,765,Alphen
10517,10517_1884,1884,,780,,,,,1880,3828,TRUE,,780,Alphen
10517,10517_1885,1885,,798,,,,,1880,3915,TRUE,,798,Alphen
10517,10517_1886,1886,,813,,,,,1890,3988,TRUE,,813,Alphen
10517,10517_1887,1887,,846,,,,,1890,4150,TRUE,,846,Alphen
10517,10517_1888,1888,,857,,,,,1890,4203,TRUE,,857,Alphen
10517,10517_1889,1889,,863,,,,,1890,4232,TRUE,,863,Alphen
10517,10517_1890,1890,,874,,,,,1890,4282,TRUE,,874,Alphen
10517,10517_1891,1891,,914,,,,,1890,4476,TRUE,,914,Alphen
10517,10517_1892,1892,,926,,,,,1890,4535,TRUE,,926,Alphen
10517,10517_1893,1893,,926,,,,,1890,4533,TRUE,,926,Alphen
10517,10517_1894,1894,,942,,,,,1890,4612,TRUE,,942,Alphen
10517,10517_1895,1895,,951,,,,,1900,4653,TRUE,,951,Alphen
10517,10517_1896,1896,,946,,,,,1900,4630,TRUE,,946,Alphen
10517,10517_1897,1897,,941,,,,,1900,4608,TRUE,,941,Alphen
10517,10517_1898,1898,,950,,,,,1900,4652,TRUE,,950,Alphen
10517,10517_1899,1899,1029,962,,,,,1900,4710,TRUE,,962,Alphen
10517,10517_1900,1900,,980,,,,,1900,4793,TRUE,,980,Alphen
10517,10517_1901,1901,,1016,,,,,1900,4967,TRUE,,1016,Alphen
10517,10517_1902,1902,,1059,,,,,1900,5179,TRUE,,1059,Alphen
10517,10517_1903,1903,,1063,,,,,1900,5195,TRUE,,1063,Alphen
10517,10517_1904,1904,,1085,,,,,1900,5302,TRUE,,1085,Alphen
10517,10517_1905,1905,,1095,,,,,1900,5351,TRUE,,1095,Alphen
10517,10517_1906,1906,,1124,,,,,1910,5488,TRUE,,1124,Alphen
10517,10517_1907,1907,,1163,,,,,1910,5677,TRUE,,1163,Alphen
10517,10517_1908,1908,,1171,,,,,1910,5715,TRUE,,1171,Alphen
10517,10517_1909,1909,1223,1226,,,,,1910,5981,TRUE,,1226,Alphen
10517,10517_1910,1910,,1267,,,,,1910,6179,TRUE,,1267,Alphen
10517,10517_1911,1911,,1303,,,,,1910,6354,TRUE,,1303,Alphen
10517,10517_1912,1912,,1338,,,,,1910,6523,TRUE,,1338,Alphen
10517,10517_1913,1913,,1372,,,,,1910,6687,TRUE,,1372,Alphen
10517,10517_1914,1914,,1421,,,,,1910,6924,TRUE,,1421,Alphen
10517,10517_1915,1915,,1445,,,,,1920,7039,TRUE,,1445,Alphen
10517,10517_1916,1916,,1483,,,,,1920,7225,TRUE,,1483,Alphen
10517,10517_1917,1917,,3089,,,,,1920,14974,TRUE,,3089,Alphen
10517,10517_1918,1918,,3086,,,,,1920,14962,TRUE,,3086,Alphen
10517,10517_1919,1919,,3077,,,,,1920,14919,TRUE,,3077,Alphen
10517,10517_1920,1920,3050,3099,,,,,1920,15025,TRUE,,3099,Alphen
10517,10517_1921,1921,,3149,,,,,1920,15265,TRUE,,3149,Alphen
10529,10529_1849,1849,376,377,,,,,1850,,FALSE,377,,Geldrop
10529,10529_1850,1850,,,,,,,1850,,TRUE,379,,Geldrop
10529,10529_1851,1851,,347,,,,,1850,1742,TRUE,381,347,Geldrop
10529,10529_1852,1852,,347,,,,,1850,1742,TRUE,383,347,Geldrop
10529,10529_1853,1853,,351,,,,,1850,1758,TRUE,385,351,Geldrop
10529,10529_1854,1854,,350,,,,,1850,1756,TRUE,388,350,Geldrop
10529,10529_1855,1855,,353,,,,,1860,1767,TRUE,390,353,Geldrop
10529,10529_1856,1856,,361,,,,,1860,1808,TRUE,392,361,Geldrop
10529,10529_1857,1857,,363,,,,,1860,1817,TRUE,394,363,Geldrop
10529,10529_1858,1858,,363,,,,,1860,1816,TRUE,396,363,Geldrop
10529,10529_1859,1859,398,399,,,,,1860,1775,FALSE,399,354,Geldrop
10529,10529_1860,1860,,357,,,,,1860,1789,TRUE,408,357,Geldrop
10529,10529_1861,1861,,362,,,,,1860,1813,TRUE,417,362,Geldrop
10529,10529_1862,1862,,367,,,,,1860,1838,TRUE,426,367,Geldrop
10529,10529_1863,1863,,374,,,,,1860,1872,TRUE,435,374,Geldrop
10529,10529_1864,1864,,380,,,,,1860,1898,TRUE,444,380,Geldrop
10529,10529_1865,1865,,386,,,,,1860,1926,TRUE,453,386,Geldrop
10529,10529_1866,1866,,394,,,,,1870,1965,TRUE,462,394,Geldrop
10529,10529_1867,1867,,410,,,,,1870,2043,TRUE,471,410,Geldrop
10529,10529_1868,1868,,408,,,,,1870,2036,TRUE,480,408,Geldrop
10529,10529_1869,1869,491,489,,,,,1870,2169,FALSE,489,436,Geldrop
10529,10529_1870,1870,,441,,,,,1870,2195,TRUE,492,441,Geldrop
10529,10529_1871,1871,,448,,,,,1870,2228,TRUE,495,448,Geldrop
10529,10529_1872,1872,,456,,,,,1870,2268,TRUE,498,456,Geldrop
10529,10529_1873,1873,,449,,,,,1870,2234,TRUE,502,449,Geldrop
10529,10529_1874,1874,,455,,,,,1870,2259,TRUE,505,455,Geldrop
10529,10529_1875,1875,,462,,,,,1880,2295,TRUE,508,462,Geldrop
10529,10529_1876,1876,,471,,,,,1880,2337,TRUE,512,471,Geldrop
10529,10529_1877,1877,,476,,,,,1880,2364,TRUE,515,476,Geldrop
10529,10529_1878,1878,,485,,,,,1880,2407,TRUE,518,485,Geldrop
10529,10529_1879,1879,549,522,456,66,5,23,1880,2438,FALSE,522,492,Geldrop
10529,10529_1880,1880,,505,,,,,1880,2504,TRUE,522,505,Geldrop
10529,10529_1881,1881,,520,,,,,1880,2574,TRUE,522,520,Geldrop
10529,10529_1882,1882,,524,,,,,1880,2595,TRUE,522,524,Geldrop
10529,10529_1883,1883,,525,,,,,1880,2597,TRUE,522,525,Geldrop
10529,10529_1884,1884,,511,,,,,1880,2533,TRUE,522,511,Geldrop
10529,10529_1885,1885,,522,,,,,1880,2583,TRUE,522,522,Geldrop
10529,10529_1886,1886,,527,,,,,1890,2608,TRUE,522,527,Geldrop
10529,10529_1887,1887,,531,,,,,1890,2629,TRUE,522,531,Geldrop
10529,10529_1888,1888,,536,,,,,1890,2653,TRUE,522,536,Geldrop
10529,10529_1889,1889,546,523,435,88,10,18,1890,2582,FALSE,523,521,Geldrop
10529,10529_1890,1890,,525,,,,,1890,2599,TRUE,521,525,Geldrop
10529,10529_1891,1891,,516,,,,,1890,2557,TRUE,519,516,Geldrop
10529,10529_1892,1892,,522,,,,,1890,2585,TRUE,517,522,Geldrop
10529,10529_1893,1893,,526,,,,,1890,2605,TRUE,516,526,Geldrop
10529,10529_1894,1894,,522,,,,,1890,2586,TRUE,514,522,Geldrop
10529,10529_1895,1895,,522,,,,,1900,2583,TRUE,512,522,Geldrop
10529,10529_1896,1896,,523,,,,,1900,2588,TRUE,511,523,Geldrop
10529,10529_1897,1897,,529,,,,,1900,2619,TRUE,509,529,Geldrop
10529,10529_1898,1898,,526,,,,,1900,2602,TRUE,507,526,Geldrop
10529,10529_1899,1899,534,506,442,65,13,42,1900,2522,FALSE,506,509,Geldrop
10529,10529_1900,1900,,506,,,,,1900,2506,TRUE,,506,Geldrop
10529,10529_1901,1901,,511,,,,,1900,2531,TRUE,,511,Geldrop
10529,10529_1902,1902,,520,,,,,1900,2574,TRUE,,520,Geldrop
10529,10529_1903,1903,,534,,,,,1900,2640,TRUE,,534,Geldrop
10529,10529_1904,1904,,549,,,,,1900,2715,TRUE,,549,Geldrop
10529,10529_1905,1905,,559,,,,,1900,2765,TRUE,,559,Geldrop
10529,10529_1906,1906,,566,,,,,1910,2795,TRUE,,566,Geldrop
10529,10529_1907,1907,,563,,,,,1910,2780,TRUE,,563,Geldrop
10529,10529_1908,1908,,553,,,,,1910,2736,TRUE,,553,Geldrop
10529,10529_1909,1909,563,558,,,,,1910,2757,TRUE,,558,Geldrop
10529,10529_1910,1910,,599,,,,,1910,2956,TRUE,,599,Geldrop
10529,10529_1911,1911,,612,,,,,1910,3017,TRUE,,612,Geldrop
10529,10529_1912,1912,,618,,,,,1910,3048,TRUE,,618,Geldrop
10529,10529_1913,1913,,629,,,,,1910,3100,TRUE,,629,Geldrop
10529,10529_1914,1914,,637,,,,,1910,3141,TRUE,,637,Geldrop
10529,10529_1915,1915,,655,,,,,1920,3227,TRUE,,655,Geldrop
10529,10529_1916,1916,,691,,,,,1920,3400,TRUE,,691,Geldrop
10529,10529_1917,1917,,747,,,,,1920,3671,TRUE,,747,Geldrop
10529,10529_1918,1918,,717,,,,,1920,3524,TRUE,,717,Geldrop
10529,10529_1919,1919,,734,,,,,1920,3608,TRUE,,734,Geldrop
10529,10529_1920,1920,703,750,,,,,1920,3686,TRUE,,750,Geldrop
10529,10529_1921,1921,,1030,,,,,1920,5039,TRUE,,1030,Geldrop
10672,10672_1849,1849,203,233,,,,,1850,,FALSE,233,,Hindeloopen
10672,10672_1850,1850,,,,,,,1850,,TRUE,230,,Hindeloopen
10672,10672_1851,1851,,220,,,,,1850,1128,TRUE,228,220,Hindeloopen
10672,10672_1852,1852,,222,,,,,1850,1138,TRUE,226,222,Hindeloopen
10672,10672_1853,1853,,225,,,,,1850,1153,TRUE,224,225,Hindeloopen
10672,10672_1854,1854,,226,,,,,1850,1154,TRUE,222,226,Hindeloopen
10672,10672_1855,1855,,228,,,,,1860,1167,TRUE,219,228,Hindeloopen
10672,10672_1856,1856,,223,,,,,1860,1139,TRUE,217,223,Hindeloopen
10672,10672_1857,1857,,224,,,,,1860,1145,TRUE,215,224,Hindeloopen
10672,10672_1858,1858,,218,,,,,1860,1115,TRUE,213,218,Hindeloopen
10672,10672_1859,1859,200,211,,,,,1860,1008,FALSE,211,195,Hindeloopen
10672,10672_1860,1860,,192,,,,,1860,993,TRUE,213,192,Hindeloopen
10672,10672_1861,1861,,197,,,,,1860,1018,TRUE,216,197,Hindeloopen
10672,10672_1862,1862,,194,,,,,1860,1000,TRUE,218,194,Hindeloopen
10672,10672_1863,1863,,202,,,,,1860,1042,TRUE,221,202,Hindeloopen
10672,10672_1864,1864,,206,,,,,1860,1058,TRUE,223,206,Hindeloopen
10672,10672_1865,1865,,208,,,,,1860,1069,TRUE,226,208,Hindeloopen
10672,10672_1866,1866,,205,,,,,1870,1055,TRUE,228,205,Hindeloopen
10672,10672_1867,1867,,211,,,,,1870,1084,TRUE,231,211,Hindeloopen
10672,10672_1868,1868,,210,,,,,1870,1080,TRUE,233,210,Hindeloopen
10672,10672_1869,1869,184,236,,,,,1870,992,FALSE,236,192,Hindeloopen
10672,10672_1870,1870,,194,,,,,1870,1002,TRUE,235,194,Hindeloopen
10672,10672_1871,1871,,195,,,,,1870,1005,TRUE,234,195,Hindeloopen
10672,10672_1872,1872,,195,,,,,1870,1008,TRUE,233,195,Hindeloopen
10672,10672_1873,1873,,188,,,,,1870,974,TRUE,232,188,Hindeloopen
10672,10672_1874,1874,,195,,,,,1870,1006,TRUE,232,195,Hindeloopen
10672,10672_1875,1875,,197,,,,,1880,1016,TRUE,231,197,Hindeloopen
10672,10672_1876,1876,,201,,,,,1880,1037,TRUE,230,201,Hindeloopen
10672,10672_1877,1877,,203,,,,,1880,1043,TRUE,229,203,Hindeloopen
10672,10672_1878,1878,,204,,,,,1880,1048,TRUE,228,204,Hindeloopen
10672,10672_1879,1879,233,228,198,30,7,13,1880,1073,FALSE,228,209,Hindeloopen
10672,10672_1880,1880,,213,,,,,1880,1092,TRUE,226,213,Hindeloopen
10672,10672_1881,1881,,214,,,,,1880,1098,TRUE,225,214,Hindeloopen
10672,10672_1882,1882,,217,,,,,1880,1111,TRUE,223,217,Hindeloopen
10672,10672_1883,1883,,219,,,,,1880,1121,TRUE,222,219,Hindeloopen
10672,10672_1884,1884,,217,,,,,1880,1112,TRUE,220,217,Hindeloopen
10672,10672_1885,1885,,221,,,,,1880,1130,TRUE,219,221,Hindeloopen
10672,10672_1886,1886,,222,,,,,1890,1134,TRUE,217,222,Hindeloopen
10672,10672_1887,1887,,214,,,,,1890,1099,TRUE,216,214,Hindeloopen
10672,10672_1888,1888,,213,,,,,1890,1094,TRUE,214,213,Hindeloopen
10672,10672_1889,1889,,213,183,30,8,16,1890,1030,FALSE,213,200,Hindeloopen
10672,10672_1890,1890,,200,,,,,1890,1029,TRUE,213,200,Hindeloopen
10672,10672_1891,1891,,199,,,,,1890,1027,TRUE,213,199,Hindeloopen
10672,10672_1892,1892,,198,,,,,1890,1022,TRUE,213,198,Hindeloopen
10672,10672_1893,1893,,203,,,,,1890,1045,TRUE,214,203,Hindeloopen
10672,10672_1894,1894,,206,,,,,1890,1061,TRUE,214,206,Hindeloopen
10672,10672_1895,1895,,211,,,,,1900,1081,TRUE,214,211,Hindeloopen
10672,10672_1896,1896,,211,,,,,1900,1083,TRUE,215,211,Hindeloopen
10672,10672_1897,1897,,216,,,,,1900,1109,TRUE,215,216,Hindeloopen
10672,10672_1898,1898,,213,,,,,1900,1095,TRUE,215,213,Hindeloopen
10672,10672_1899,1899,229,216,196,20,13,11,1900,1032,FALSE,216,200,Hindeloopen
10672,10672_1900,1900,,202,,,,,1900,1038,TRUE,,202,Hindeloopen
10672,10672_1901,1901,,207,,,,,1900,1062,TRUE,,207,Hindeloopen
10672,10672_1902,1902,,205,,,,,1900,1055,TRUE,,205,Hindeloopen
10672,10672_1903,1903,,204,,,,,1900,1051,TRUE,,204,Hindeloopen
10672,10672_1904,1904,,205,,,,,1900,1055,TRUE,,205,Hindeloopen
10672,10672_1905,1905,,208,,,,,1900,1067,TRUE,,208,Hindeloopen
10672,10672_1906,1906,,204,,,,,1910,1048,TRUE,,204,Hindeloopen
10672,10672_1907,1907,,205,,,,,1910,1052,TRUE,,205,Hindeloopen
10672,10672_1908,1908,,204,,,,,1910,1049,TRUE,,204,Hindeloopen
10672,10672_1909,1909,251,203,,,,,1910,1043,TRUE,,203,Hindeloopen
10672,10672_1910,1910,,199,,,,,1910,1023,TRUE,,199,Hindeloopen
10672,10672_1911,1911,,197,,,,,1910,1016,TRUE,,197,Hindeloopen
10672,10672_1912,1912,,196,,,,,1910,1010,TRUE,,196,Hindeloopen
10672,10672_1913,1913,,207,,,,,1910,1063,TRUE,,207,Hindeloopen
10672,10672_1914,1914,,208,,,,,1910,1070,TRUE,,208,Hindeloopen
10672,10672_1915,1915,,208,,,,,1920,1069,TRUE,,208,Hindeloopen
10672,10672_1916,1916,,207,,,,,1920,1066,TRUE,,207,Hindeloopen
10672,10672_1917,1917,,207,,,,,1920,1066,TRUE,,207,Hindeloopen
10672,10672_1918,1918,,202,,,,,1920,1040,TRUE,,202,Hindeloopen
10672,10672_1919,1919,,208,,,,,1920,1071,TRUE,,208,Hindeloopen
10672,10672_1920,1920,260,204,,,,,1920,1050,TRUE,,204,Hindeloopen
10672,10672_1921,1921,,200,,,,,1920,1032,TRUE,,200,Hindeloopen
10673,10673_1849,1849,423,497,,,,,1850,,FALSE,497,,Hattem
10673,10673_1850,1850,,,,,,,1850,,TRUE,501,,Hattem
10673,10673_1851,1851,,527,,,,,1850,2607,TRUE,505,527,Hattem
10673,10673_1852,1852,,531,,,,,1850,2626,TRUE,510,531,Hattem
10673,10673_1853,1853,,547,,,,,1850,2704,TRUE,514,547,Hattem
10673,10673_1854,1854,,546,,,,,1850,2698,TRUE,519,546,Hattem
10673,10673_1855,1855,,547,,,,,1860,2707,TRUE,523,547,Hattem
10673,10673_1856,1856,,553,,,,,1860,2734,TRUE,527,553,Hattem
10673,10673_1857,1857,,559,,,,,1860,2763,TRUE,532,559,Hattem
10673,10673_1858,1858,,550,,,,,1860,2718,TRUE,536,550,Hattem
10673,10673_1859,1859,516,541,,,,,1860,2670,FALSE,541,540,Hattem
10673,10673_1860,1860,,544,,,,,1860,2693,TRUE,546,544,Hattem
10673,10673_1861,1861,,533,,,,,1860,2637,TRUE,552,533,Hattem
10673,10673_1862,1862,,546,,,,,1860,2702,TRUE,558,546,Hattem
10673,10673_1863,1863,,560,,,,,1860,2770,TRUE,563,560,Hattem
10673,10673_1864,1864,,572,,,,,1860,2826,TRUE,569,572,Hattem
10673,10673_1865,1865,,567,,,,,1860,2804,TRUE,575,567,Hattem
10673,10673_1866,1866,,564,,,,,1870,2787,TRUE,580,564,Hattem
10673,10673_1867,1867,,568,,,,,1870,2805,TRUE,586,568,Hattem
10673,10673_1868,1868,,558,,,,,1870,2757,TRUE,592,558,Hattem
10673,10673_1869,1869,1178,598,,,,,1870,2770,FALSE,598,560,Hattem
10673,10673_1870,1870,,561,,,,,1870,2771,TRUE,598,561,Hattem
10673,10673_1871,1871,,551,,,,,1870,2724,TRUE,599,551,Hattem
10673,10673_1872,1872,,560,,,,,1870,2766,TRUE,599,560,Hattem
10673,10673_1873,1873,,572,,,,,1870,2827,TRUE,600,572,Hattem
10673,10673_1874,1874,,573,,,,,1870,2833,TRUE,600,573,Hattem
10673,10673_1875,1875,,577,,,,,1880,2850,TRUE,601,577,Hattem
10673,10673_1876,1876,,576,,,,,1880,2843,TRUE,601,576,Hattem
10673,10673_1877,1877,,580,,,,,1880,2862,TRUE,602,580,Hattem
10673,10673_1878,1878,,580,,,,,1880,2866,TRUE,602,580,Hattem
10673,10673_1879,1879,624,603,519,84,15,28,1880,2823,FALSE,603,571,Hattem
10673,10673_1880,1880,,565,,,,,1880,2793,TRUE,603,565,Hattem
10673,10673_1881,1881,,545,,,,,1880,2697,TRUE,603,545,Hattem
10673,10673_1882,1882,,560,,,,,1880,2766,TRUE,603,560,Hattem
10673,10673_1883,1883,,567,,,,,1880,2801,TRUE,604,567,Hattem
10673,10673_1884,1884,,571,,,,,1880,2820,TRUE,604,571,Hattem
10673,10673_1885,1885,,566,,,,,1880,2796,TRUE,604,566,Hattem
10673,10673_1886,1886,,566,,,,,1890,2795,TRUE,605,566,Hattem
10673,10673_1887,1887,,578,,,,,1890,2857,TRUE,605,578,Hattem
10673,10673_1888,1888,,578,,,,,1890,2853,TRUE,605,578,Hattem
10673,10673_1889,1889,658,606,535,71,31,25,1890,2845,FALSE,606,576,Hattem
10673,10673_1890,1890,,575,,,,,1890,2839,TRUE,608,575,Hattem
10673,10673_1891,1891,,578,,,,,1890,2856,TRUE,611,578,Hattem
10673,10673_1892,1892,,583,,,,,1890,2878,TRUE,613,583,Hattem
10673,10673_1893,1893,,592,,,,,1890,2920,TRUE,616,592,Hattem
10673,10673_1894,1894,,600,,,,,1890,2959,TRUE,619,600,Hattem
10673,10673_1895,1895,,603,,,,,1900,2975,TRUE,621,603,Hattem
10673,10673_1896,1896,,601,,,,,1900,2967,TRUE,624,601,Hattem
10673,10673_1897,1897,,608,,,,,1900,3000,TRUE,626,608,Hattem
10673,10673_1898,1898,,619,,,,,1900,3051,TRUE,629,619,Hattem
10673,10673_1899,1899,635,632,572,60,33,26,1900,3162,FALSE,632,642,Hattem
10673,10673_1900,1900,,640,,,,,1900,3156,TRUE,,640,Hattem
10673,10673_1901,1901,,645,,,,,1900,3177,TRUE,,645,Hattem
10673,10673_1902,1902,,650,,,,,1900,3200,TRUE,,650,Hattem
10673,10673_1903,1903,,660,,,,,1900,3251,TRUE,,660,Hattem
10673,10673_1904,1904,,683,,,,,1900,3364,TRUE,,683,Hattem
10673,10673_1905,1905,,706,,,,,1900,3471,TRUE,,706,Hattem
10673,10673_1906,1906,,709,,,,,1910,3486,TRUE,,709,Hattem
10673,10673_1907,1907,,717,,,,,1910,3525,TRUE,,717,Hattem
10673,10673_1908,1908,,728,,,,,1910,3578,TRUE,,728,Hattem
10673,10673_1909,1909,753,732,,,,,1910,3598,TRUE,,732,Hattem
10673,10673_1910,1910,,763,,,,,1910,3747,TRUE,,763,Hattem
10673,10673_1911,1911,,775,,,,,1910,3804,TRUE,,775,Hattem
10673,10673_1912,1912,,771,,,,,1910,3787,TRUE,,771,Hattem
10673,10673_1913,1913,,799,,,,,1910,3922,TRUE,,799,Hattem
10673,10673_1914,1914,,835,,,,,1910,4097,TRUE,,835,Hattem
10673,10673_1915,1915,,847,,,,,1920,4151,TRUE,,847,Hattem
10673,10673_1916,1916,,847,,,,,1920,4153,TRUE,,847,Hattem
10673,10673_1917,1917,,863,,,,,1920,4231,TRUE,,863,Hattem
10673,10673_1918,1918,,865,,,,,1920,4239,TRUE,,865,Hattem
10673,10673_1919,1919,,855,,,,,1920,4194,TRUE,,855,Hattem
10673,10673_1920,1920,862,849,,,,,1920,4165,TRUE,,849,Hattem
10673,10673_1921,1921,,862,,,,,1920,4228,TRUE,,862,Hattem
10699,10699_1849,1849,331,382,,,,,1850,,FALSE,382,,Roden
10699,10699_1850,1850,,,,,,,1850,,TRUE,386,,Roden
10699,10699_1851,1851,,374,,,,,1850,1870,TRUE,391,374,Roden
10699,10699_1852,1852,,375,,,,,1850,1877,TRUE,395,375,Roden
10699,10699_1853,1853,,381,,,,,1850,1902,TRUE,400,381,Roden
10699,10699_1854,1854,,389,,,,,1850,1942,TRUE,404,389,Roden
10699,10699_1855,1855,,403,,,,,1860,2009,TRUE,409,403,Roden
10699,10699_1856,1856,,404,,,,,1860,2013,TRUE,413,404,Roden
10699,10699_1857,1857,,414,,,,,1860,2061,TRUE,418,414,Roden
10699,10699_1858,1858,,419,,,,,1860,2088,TRUE,422,419,Roden
10699,10699_1859,1859,378,427,,,,,1860,2100,FALSE,427,422,Roden
10699,10699_1860,1860,,436,,,,,1860,2169,TRUE,433,436,Roden
10699,10699_1861,1861,,441,,,,,1860,2192,TRUE,440,441,Roden
10699,10699_1862,1862,,440,,,,,1860,2188,TRUE,446,440,Roden
10699,10699_1863,1863,,439,,,,,1860,2182,TRUE,453,439,Roden
10699,10699_1864,1864,,445,,,,,1860,2211,TRUE,459,445,Roden
10699,10699_1865,1865,,449,,,,,1860,2234,TRUE,466,449,Roden
10699,10699_1866,1866,,454,,,,,1870,2256,TRUE,472,454,Roden
10699,10699_1867,1867,,462,,,,,1870,2294,TRUE,479,462,Roden
10699,10699_1868,1868,,468,,,,,1870,2323,TRUE,485,468,Roden
10699,10699_1869,1869,470,492,,,,,1870,2385,FALSE,492,481,Roden
10699,10699_1870,1870,,486,,,,,1870,2411,TRUE,494,486,Roden
10699,10699_1871,1871,,485,,,,,1870,2406,TRUE,496,485,Roden
10699,10699_1872,1872,,482,,,,,1870,2391,TRUE,498,482,Roden
10699,10699_1873,1873,,495,,,,,1870,2452,TRUE,500,495,Roden
10699,10699_1874,1874,,500,,,,,1870,2476,TRUE,503,500,Roden
10699,10699_1875,1875,,504,,,,,1880,2498,TRUE,505,504,Roden
10699,10699_1876,1876,,504,,,,,1880,2499,TRUE,507,504,Roden
10699,10699_1877,1877,,492,,,,,1880,2441,TRUE,509,492,Roden
10699,10699_1878,1878,,506,,,,,1880,2506,TRUE,511,506,Roden
10699,10699_1879,1879,521,514,462,52,4,3,1880,2542,FALSE,514,513,Roden
10699,10699_1880,1880,,510,,,,,1880,2528,TRUE,520,510,Roden
10699,10699_1881,1881,,514,,,,,1880,2546,TRUE,526,514,Roden
10699,10699_1882,1882,,517,,,,,1880,2561,TRUE,532,517,Roden
10699,10699_1883,1883,,526,,,,,1880,2603,TRUE,538,526,Roden
10699,10699_1884,1884,,532,,,,,1880,2632,TRUE,544,532,Roden
10699,10699_1885,1885,,539,,,,,1880,2665,TRUE,550,539,Roden
10699,10699_1886,1886,,547,,,,,1890,2707,TRUE,556,547,Roden
10699,10699_1887,1887,,556,,,,,1890,2750,TRUE,562,556,Roden
10699,10699_1888,1888,,560,,,,,1890,2770,TRUE,568,560,Roden
10699,10699_1889,1889,,575,513,62,9,9,1890,2805,FALSE,575,568,Roden
10699,10699_1890,1890,,578,,,,,1890,2857,TRUE,581,578,Roden
10699,10699_1891,1891,,580,,,,,1890,2866,TRUE,588,580,Roden
10699,10699_1892,1892,,586,,,,,1890,2893,TRUE,594,586,Roden
10699,10699_1893,1893,,592,,,,,1890,2920,TRUE,601,592,Roden
10699,10699_1894,1894,,611,,,,,1890,3015,TRUE,608,611,Roden
10699,10699_1895,1895,,622,,,,,1900,3067,TRUE,614,622,Roden
10699,10699_1896,1896,,628,,,,,1900,3098,TRUE,621,628,Roden
10699,10699_1897,1897,,637,,,,,1900,3141,TRUE,627,637,Roden
10699,10699_1898,1898,,645,,,,,1900,3177,TRUE,634,645,Roden
10699,10699_1899,1899,654,641,566,75,6,9,1900,3216,FALSE,641,653,Roden
10699,10699_1900,1900,,653,,,,,1900,3216,TRUE,,653,Roden
10699,10699_1901,1901,,660,,,,,1900,3251,TRUE,,660,Roden
10699,10699_1902,1902,,682,,,,,1900,3358,TRUE,,682,Roden
10699,10699_1903,1903,,687,,,,,1900,3381,TRUE,,687,Roden
10699,10699_1904,1904,,694,,,,,1900,3416,TRUE,,694,Roden
10699,10699_1905,1905,,705,,,,,1900,3470,TRUE,,705,Roden
10699,10699_1906,1906,,707,,,,,1910,3479,TRUE,,707,Roden
10699,10699_1907,1907,,732,,,,,1910,3597,TRUE,,732,Roden
10699,10699_1908,1908,,746,,,,,1910,3664,TRUE,,746,Roden
10699,10699_1909,1909,744,754,,,,,1910,3702,TRUE,,754,Roden
10699,10699_1910,1910,,769,,,,,1910,3777,TRUE,,769,Roden
10699,10699_1911,1911,,772,,,,,1910,3791,TRUE,,772,Roden
10699,10699_1912,1912,,787,,,,,1910,3862,TRUE,,787,Roden
10699,10699_1913,1913,,806,,,,,1910,3953,TRUE,,806,Roden
10699,10699_1914,1914,,825,,,,,1910,4048,TRUE,,825,Roden
10699,10699_1915,1915,,826,,,,,1920,4054,TRUE,,826,Roden
10699,10699_1916,1916,,837,,,,,1920,4107,TRUE,,837,Roden
10699,10699_1917,1917,,849,,,,,1920,4163,TRUE,,849,Roden
10699,10699_1918,1918,,863,,,,,1920,4229,TRUE,,863,Roden
10699,10699_1919,1919,,875,,,,,1920,4289,TRUE,,875,Roden
10699,10699_1920,1920,882,900,,,,,1920,4409,TRUE,,900,Roden
10699,10699_1921,1921,,923,,,,,1920,4521,TRUE,,923,Roden
10701,10701_1849,1849,126,171,,,,,1850,,FALSE,171,,Haamstede
10701,10701_1850,1850,,,,,,,1850,,TRUE,171,,Haamstede
10701,10701_1851,1851,,162,,,,,1850,846,TRUE,171,162,Haamstede
10701,10701_1852,1852,,161,,,,,1850,842,TRUE,171,161,Haamstede
10701,10701_1853,1853,,165,,,,,1850,863,TRUE,171,165,Haamstede
10701,10701_1854,1854,,166,,,,,1850,866,TRUE,171,166,Haamstede
10701,10701_1855,1855,,162,,,,,1860,848,TRUE,171,162,Haamstede
10701,10701_1856,1856,,158,,,,,1860,826,TRUE,171,158,Haamstede
10701,10701_1857,1857,,160,,,,,1860,835,TRUE,171,160,Haamstede
10701,10701_1858,1858,,153,,,,,1860,802,TRUE,171,153,Haamstede
10701,10701_1859,1859,131,171,,,,,1860,834,FALSE,171,159,Haamstede
10701,10701_1860,1860,,165,,,,,1860,860,TRUE,172,165,Haamstede
10701,10701_1861,1861,,164,,,,,1860,858,TRUE,173,164,Haamstede
10701,10701_1862,1862,,174,,,,,1860,903,TRUE,174,174,Haamstede
10701,10701_1863,1863,,174,,,,,1860,903,TRUE,176,174,Haamstede
10701,10701_1864,1864,,180,,,,,1860,933,TRUE,177,180,Haamstede
10701,10701_1865,1865,,180,,,,,1860,934,TRUE,178,180,Haamstede
10701,10701_1866,1866,,182,,,,,1870,942,TRUE,180,182,Haamstede
10701,10701_1867,1867,,188,,,,,1870,973,TRUE,181,188,Haamstede
10701,10701_1868,1868,,190,,,,,1870,984,TRUE,182,190,Haamstede
10701,10701_1869,1869,159,184,,,,,1870,980,FALSE,184,190,Haamstede
10701,10701_1870,1870,,188,,,,,1870,971,TRUE,185,188,Haamstede
10701,10701_1871,1871,,198,,,,,1870,1021,TRUE,186,198,Haamstede
10701,10701_1872,1872,,194,,,,,1870,999,TRUE,187,194,Haamstede
10701,10701_1873,1873,,193,,,,,1870,997,TRUE,189,193,Haamstede
10701,10701_1874,1874,,194,,,,,1870,1002,TRUE,190,194,Haamstede
10701,10701_1875,1875,,191,,,,,1880,989,TRUE,191,191,Haamstede
10701,10701_1876,1876,,193,,,,,1880,997,TRUE,193,193,Haamstede
10701,10701_1877,1877,,190,,,,,1880,982,TRUE,194,190,Haamstede
10701,10701_1878,1878,,194,,,,,1880,999,TRUE,195,194,Haamstede
10701,10701_1879,1879,191,197,176,21,2,8,1880,997,FALSE,197,193,Haamstede
10701,10701_1880,1880,,192,,,,,1880,993,TRUE,198,192,Haamstede
10701,10701_1881,1881,,192,,,,,1880,992,TRUE,200,192,Haamstede
10701,10701_1882,1882,,187,,,,,1880,965,TRUE,201,187,Haamstede
10701,10701_1883,1883,,187,,,,,1880,969,TRUE,203,187,Haamstede
10701,10701_1884,1884,,184,,,,,1880,954,TRUE,204,184,Haamstede
10701,10701_1885,1885,,182,,,,,1880,943,TRUE,206,182,Haamstede
10701,10701_1886,1886,,187,,,,,1890,969,TRUE,207,187,Haamstede
10701,10701_1887,1887,,188,,,,,1890,971,TRUE,209,188,Haamstede
10701,10701_1888,1888,,189,,,,,1890,976,TRUE,210,189,Haamstede
10701,10701_1889,1889,,212,191,21,5,10,1890,1004,FALSE,212,195,Haamstede
10701,10701_1890,1890,,185,,,,,1890,957,TRUE,211,185,Haamstede
10701,10701_1891,1891,,180,,,,,1890,934,TRUE,211,180,Haamstede
10701,10701_1892,1892,,176,,,,,1890,916,TRUE,211,176,Haamstede
10701,10701_1893,1893,,171,,,,,1890,890,TRUE,211,171,Haamstede
10701,10701_1894,1894,,175,,,,,1890,907,TRUE,211,175,Haamstede
10701,10701_1895,1895,,175,,,,,1900,910,TRUE,211,175,Haamstede
10701,10701_1896,1896,,169,,,,,1900,882,TRUE,211,169,Haamstede
10701,10701_1897,1897,,171,,,,,1900,889,TRUE,211,171,Haamstede
10701,10701_1898,1898,,172,,,,,1900,894,TRUE,211,172,Haamstede
10701,10701_1899,1899,225,211,192,19,6,11,1900,906,FALSE,211,174,Haamstede
10701,10701_1900,1900,,177,,,,,1900,917,TRUE,,177,Haamstede
10701,10701_1901,1901,,173,,,,,1900,899,TRUE,,173,Haamstede
10701,10701_1902,1902,,175,,,,,1900,911,TRUE,,175,Haamstede
10701,10701_1903,1903,,182,,,,,1900,942,TRUE,,182,Haamstede
10701,10701_1904,1904,,182,,,,,1900,945,TRUE,,182,Haamstede
10701,10701_1905,1905,,190,,,,,1900,980,TRUE,,190,Haamstede
10701,10701_1906,1906,,190,,,,,1910,982,TRUE,,190,Haamstede
10701,10701_1907,1907,,196,,,,,1910,1012,TRUE,,196,Haamstede
10701,10701_1908,1908,,197,,,,,1910,1015,TRUE,,197,Haamstede
10701,10701_1909,1909,245,204,,,,,1910,1050,TRUE,,204,Haamstede
10701,10701_1910,1910,,210,,,,,1910,1078,TRUE,,210,Haamstede
10701,10701_1911,1911,,218,,,,,1910,1117,TRUE,,218,Haamstede
10701,10701_1912,1912,,217,,,,,1910,1113,TRUE,,217,Haamstede
10701,10701_1913,1913,,221,,,,,1910,1132,TRUE,,221,Haamstede
10701,10701_1914,1914,,226,,,,,1910,1157,TRUE,,226,Haamstede
10701,10701_1915,1915,,230,,,,,1920,1173,TRUE,,230,Haamstede
10701,10701_1916,1916,,234,,,,,1920,1194,TRUE,,234,Haamstede
10701,10701_1917,1917,,229,,,,,1920,1170,TRUE,,229,Haamstede
10701,10701_1918,1918,,233,,,,,1920,1188,TRUE,,233,Haamstede
10701,10701_1919,1919,,236,,,,,1920,1203,TRUE,,236,Haamstede
10701,10701_1920,1920,288,240,,,,,1920,1222,TRUE,,240,Haamstede
10701,10701_1921,1921,,240,,,,,1920,1225,TRUE,,240,Haamstede
10702,10702_1849,1849,6274,7603,,,,,1850,,FALSE,7603,,Leiden
10702,10702_1850,1850,,,,,,,1850,,TRUE,7629,,Leiden
10702,10702_1851,1851,,7452,,,,,1850,36039,TRUE,7656,7452,Leiden
10702,10702_1852,1852,,7614,,,,,1850,36817,TRUE,7682,7614,Leiden
10702,10702_1853,1853,,7609,,,,,1850,36796,TRUE,7709,7609,Leiden
10702,10702_1854,1854,,7582,,,,,1850,36663,TRUE,7735,7582,Leiden
10702,10702_1855,1855,,7471,,,,,1860,36129,TRUE,7762,7471,Leiden
10702,10702_1856,1856,,7467,,,,,1860,36108,TRUE,7788,7467,Leiden
10702,10702_1857,1857,,7520,,,,,1860,36366,TRUE,7815,7520,Leiden
10702,10702_1858,1858,,7515,,,,,1860,36339,TRUE,7841,7515,Leiden
10702,10702_1859,1859,6394,7868,,,,,1860,37074,FALSE,7868,7667,Leiden
10702,10702_1860,1860,,7674,,,,,1860,37110,TRUE,7888,7674,Leiden
10702,10702_1861,1861,,7659,,,,,1860,37036,TRUE,7909,7659,Leiden
10702,10702_1862,1862,,7722,,,,,1860,37339,TRUE,7929,7722,Leiden
10702,10702_1863,1863,,7762,,,,,1860,37534,TRUE,7950,7762,Leiden
10702,10702_1864,1864,,7921,,,,,1860,38299,TRUE,7971,7921,Leiden
10702,10702_1865,1865,,7961,,,,,1860,38492,TRUE,7991,7961,Leiden
10702,10702_1866,1866,,7859,,,,,1870,38000,TRUE,8012,7859,Leiden
10702,10702_1867,1867,,7984,,,,,1870,38605,TRUE,8032,7984,Leiden
10702,10702_1868,1868,,8127,,,,,1870,39294,TRUE,8053,8127,Leiden
10702,10702_1869,1869,13308,8074,,,,,1870,39049,FALSE,8074,8076,Leiden
10702,10702_1870,1870,,8062,,,,,1870,38981,TRUE,8109,8062,Leiden
10702,10702_1871,1871,,8091,,,,,1870,39121,TRUE,8145,8091,Leiden
10702,10702_1872,1872,,8185,,,,,1870,39574,TRUE,8180,8185,Leiden
10702,10702_1873,1873,,8246,,,,,1870,39869,TRUE,8216,8246,Leiden
10702,10702_1874,1874,,8325,,,,,1870,40249,TRUE,8251,8325,Leiden
10702,10702_1875,1875,,8423,,,,,1880,40724,TRUE,8287,8423,Leiden
10702,10702_1876,1876,,8542,,,,,1880,41298,TRUE,8322,8542,Leiden
10702,10702_1877,1877,,8475,,,,,1880,40977,TRUE,8358,8475,Leiden
10702,10702_1878,1878,,8530,,,,,1880,41240,TRUE,8393,8530,Leiden
10702,10702_1879,1879,7475,8429,7148,1281,724,711,1880,40799,FALSE,8429,8439,Leiden
10702,10702_1880,1880,,8530,,,,,1880,41241,TRUE,8463,8530,Leiden
10702,10702_1881,1881,,8611,,,,,1880,41631,TRUE,8497,8611,Leiden
10702,10702_1882,1882,,8722,,,,,1880,42167,TRUE,8531,8722,Leiden
10702,10702_1883,1883,,8887,,,,,1880,42965,TRUE,8565,8887,Leiden
10702,10702_1884,1884,,9065,,,,,1880,43822,TRUE,8599,9065,Leiden
10702,10702_1885,1885,,9236,,,,,1880,44650,TRUE,8633,9236,Leiden
10702,10702_1886,1886,,9415,,,,,1890,45511,TRUE,8667,9415,Leiden
10702,10702_1887,1887,,9532,,,,,1890,46079,TRUE,8701,9532,Leiden
10702,10702_1888,1888,,9595,,,,,1890,46379,TRUE,8735,9595,Leiden
10702,10702_1889,1889,7881,8769,7420,1349,797,789,1890,43379,FALSE,8769,8973,Leiden
10702,10702_1890,1890,,9000,,,,,1890,43511,TRUE,8963,9000,Leiden
10702,10702_1891,1891,,9093,,,,,1890,43958,TRUE,9158,9093,Leiden
10702,10702_1892,1892,,9143,,,,,1890,44199,TRUE,9352,9143,Leiden
10702,10702_1893,1893,,9172,,,,,1890,44339,TRUE,9547,9172,Leiden
10702,10702_1894,1894,,9254,,,,,1890,44734,TRUE,9742,9254,Leiden
10702,10702_1895,1895,,9250,,,,,1900,44714,TRUE,9936,9250,Leiden
10702,10702_1896,1896,,11042,,,,,1900,53368,TRUE,10131,11042,Leiden
10702,10702_1897,1897,,11112,,,,,1900,53703,TRUE,10325,11112,Leiden
10702,10702_1898,1898,,11156,,,,,1900,53915,TRUE,10520,11156,Leiden
10702,10702_1899,1899,9739,10715,9124,1591,828,1045,1900,53657,FALSE,10715,11102,Leiden
10702,10702_1900,1900,,11260,,,,,1900,54421,TRUE,10862,11260,Leiden
10702,10702_1901,1901,,11351,,,,,1900,54857,TRUE,11010,11351,Leiden
10702,10702_1902,1902,,11405,,,,,1900,55117,TRUE,11158,11405,Leiden
10702,10702_1903,1903,,11478,,,,,1900,55470,TRUE,11305,11478,Leiden
10702,10702_1904,1904,,11597,,,,,1900,56044,TRUE,11453,11597,Leiden
10702,10702_1905,1905,,11738,,,,,1900,56724,TRUE,11601,11738,Leiden
10702,10702_1906,1906,,11814,,,,,1910,57095,TRUE,11749,11814,Leiden
10702,10702_1907,1907,,11911,,,,,1910,57559,TRUE,11896,11911,Leiden
10702,10702_1908,1908,,11985,,,,,1910,57919,TRUE,12044,11985,Leiden
10702,10702_1909,1909,10617,12054,,,,,1910,58253,TRUE,12192,12054,Leiden
10702,10702_1910,1910,,12233,,,,,1910,59114,TRUE,12339,12233,Leiden
10702,10702_1911,1911,,12237,,,,,1910,59133,TRUE,12487,12237,Leiden
10702,10702_1912,1912,,12252,,,,,1910,59207,TRUE,12635,12252,Leiden
10702,10702_1913,1913,,12313,,,,,1910,59500,TRUE,12783,12313,Leiden
10702,10702_1914,1914,,12325,,,,,1910,59560,TRUE,12930,12325,Leiden
10702,10702_1915,1915,,12361,,,,,1920,59733,TRUE,13078,12361,Leiden
10702,10702_1916,1916,,12471,,,,,1920,60266,TRUE,13226,12471,Leiden
10702,10702_1917,1917,,12585,,,,,1920,60817,TRUE,13373,12585,Leiden
10702,10702_1918,1918,,12647,,,,,1920,61113,TRUE,13521,12647,Leiden
10702,10702_1919,1919,,12708,,,,,1920,61408,TRUE,13669,12708,Leiden
10702,10702_1920,1920,11912,13817,12107,1710,876,1308,1920,65694,FALSE,13817,13596,Leiden
10702,10702_1921,1921,,13794,,,,,1920,66650,TRUE,,13794,Leiden
10712,10712_1849,1849,,,,,,,1850,,TRUE,,,Abcoude-Proosdij
10712,10712_1850,1850,,,,,,,1850,,TRUE,,,Abcoude-Proosdij
10712,10712_1851,1851,,213,,,,,1850,1094,TRUE,,213,Abcoude-Proosdij
10712,10712_1852,1852,,217,,,,,1850,1112,TRUE,,217,Abcoude-Proosdij
10712,10712_1853,1853,,224,,,,,1850,1144,TRUE,,224,Abcoude-Proosdij
10712,10712_1854,1854,,234,,,,,1850,1192,TRUE,,234,Abcoude-Proosdij
10712,10712_1855,1855,,238,,,,,1860,1214,TRUE,,238,Abcoude-Proosdij
10712,10712_1856,1856,,249,,,,,1860,1269,TRUE,,249,Abcoude-Proosdij
10712,10712_1857,1857,,262,,,,,1860,1329,TRUE,,262,Abcoude-Proosdij
10712,10712_1858,1858,,263,,,,,1860,1334,TRUE,,263,Abcoude-Proosdij
10712,10712_1859,1859,259,264,,,,,1860,1268,FALSE,264,249,Abcoude-Proosdij
10712,10712_1860,1860,,242,,,,,1860,1235,TRUE,266,242,Abcoude-Proosdij
10712,10712_1861,1861,,241,,,,,1860,1228,TRUE,269,241,Abcoude-Proosdij
10712,10712_1862,1862,,249,,,,,1860,1265,TRUE,272,249,Abcoude-Proosdij
10712,10712_1863,1863,,254,,,,,1860,1290,TRUE,275,254,Abcoude-Proosdij
10712,10712_1864,1864,,266,,,,,1860,1350,TRUE,278,266,Abcoude-Proosdij
10712,10712_1865,1865,,279,,,,,1860,1412,TRUE,281,279,Abcoude-Proosdij
10712,10712_1866,1866,,280,,,,,1870,1417,TRUE,284,280,Abcoude-Proosdij
10712,10712_1867,1867,,276,,,,,1870,1396,TRUE,287,276,Abcoude-Proosdij
10712,10712_1868,1868,,281,,,,,1870,1420,TRUE,290,281,Abcoude-Proosdij
10712,10712_1869,1869,291,293,,,,,1870,1403,FALSE,293,277,Abcoude-Proosdij
10712,10712_1870,1870,,283,,,,,1870,1430,TRUE,298,283,Abcoude-Proosdij
10712,10712_1871,1871,,275,,,,,1870,1394,TRUE,303,275,Abcoude-Proosdij
10712,10712_1872,1872,,281,,,,,1870,1421,TRUE,308,281,Abcoude-Proosdij
10712,10712_1873,1873,,291,,,,,1870,1469,TRUE,313,291,Abcoude-Proosdij
10712,10712_1874,1874,,292,,,,,1870,1472,TRUE,318,292,Abcoude-Proosdij
10712,10712_1875,1875,,300,,,,,1880,1511,TRUE,323,300,Abcoude-Proosdij
10712,10712_1876,1876,,310,,,,,1880,1562,TRUE,328,310,Abcoude-Proosdij
10712,10712_1877,1877,,311,,,,,1880,1564,TRUE,333,311,Abcoude-Proosdij
10712,10712_1878,1878,,316,,,,,1880,1588,TRUE,338,316,Abcoude-Proosdij
10712,10712_1879,1879,358,344,298,46,5,15,1880,1651,FALSE,344,329,Abcoude-Proosdij
10712,10712_1880,1880,,339,,,,,1880,1700,TRUE,342,339,Abcoude-Proosdij
10712,10712_1881,1881,,349,,,,,1880,1749,TRUE,341,349,Abcoude-Proosdij
10712,10712_1882,1882,,290,,,,,1880,1464,TRUE,339,290,Abcoude-Proosdij
10712,10712_1883,1883,,301,,,,,1880,1517,TRUE,338,301,Abcoude-Proosdij
10712,10712_1884,1884,,307,,,,,1880,1548,TRUE,337,307,Abcoude-Proosdij
10712,10712_1885,1885,,316,,,,,1880,1591,TRUE,335,316,Abcoude-Proosdij
10712,10712_1886,1886,,314,,,,,1890,1580,TRUE,334,314,Abcoude-Proosdij
10712,10712_1887,1887,,323,,,,,1890,1625,TRUE,332,323,Abcoude-Proosdij
10712,10712_1888,1888,,320,,,,,1890,1607,TRUE,331,320,Abcoude-Proosdij
10712,10712_1889,1889,340,330,293,37,5,14,1890,1576,FALSE,330,313,Abcoude-Proosdij
10712,10712_1890,1890,,306,,,,,1890,1540,TRUE,328,306,Abcoude-Proosdij
10712,10712_1891,1891,,316,,,,,1890,1590,TRUE,327,316,Abcoude-Proosdij
10712,10712_1892,1892,,328,,,,,1890,1647,TRUE,325,328,Abcoude-Proosdij
10712,10712_1893,1893,,325,,,,,1890,1632,TRUE,324,325,Abcoude-Proosdij
10712,10712_1894,1894,,320,,,,,1890,1609,TRUE,322,320,Abcoude-Proosdij
10712,10712_1895,1895,,324,,,,,1900,1630,TRUE,321,324,Abcoude-Proosdij
10712,10712_1896,1896,,318,,,,,1900,1602,TRUE,319,318,Abcoude-Proosdij
10712,10712_1897,1897,,310,,,,,1900,1563,TRUE,318,310,Abcoude-Proosdij
10712,10712_1898,1898,,318,,,,,1900,1598,TRUE,316,318,Abcoude-Proosdij
10712,10712_1899,1899,339,315,285,30,10,18,1900,1555,FALSE,315,309,Abcoude-Proosdij
10712,10712_1900,1900,,303,,,,,1900,1529,TRUE,,303,Abcoude-Proosdij
10712,10712_1901,1901,,310,,,,,1900,1560,TRUE,,310,Abcoude-Proosdij
10712,10712_1902,1902,,322,,,,,1900,1617,TRUE,,322,Abcoude-Proosdij
10712,10712_1903,1903,,312,,,,,1900,1573,TRUE,,312,Abcoude-Proosdij
10712,10712_1904,1904,,312,,,,,1900,1571,TRUE,,312,Abcoude-Proosdij
10712,10712_1905,1905,,312,,,,,1900,1569,TRUE,,312,Abcoude-Proosdij
10712,10712_1906,1906,,315,,,,,1910,1583,TRUE,,315,Abcoude-Proosdij
10712,10712_1907,1907,,310,,,,,1910,1563,TRUE,,310,Abcoude-Proosdij
10712,10712_1908,1908,,306,,,,,1910,1543,TRUE,,306,Abcoude-Proosdij
10712,10712_1909,1909,341,317,,,,,1910,1595,TRUE,,317,Abcoude-Proosdij
10712,10712_1910,1910,,313,,,,,1910,1574,TRUE,,313,Abcoude-Proosdij
10712,10712_1911,1911,,320,,,,,1910,1611,TRUE,,320,Abcoude-Proosdij
10712,10712_1912,1912,,316,,,,,1910,1588,TRUE,,316,Abcoude-Proosdij
10712,10712_1913,1913,,320,,,,,1910,1607,TRUE,,320,Abcoude-Proosdij
10712,10712_1914,1914,,318,,,,,1910,1599,TRUE,,318,Abcoude-Proosdij
10712,10712_1915,1915,,324,,,,,1920,1629,TRUE,,324,Abcoude-Proosdij
10712,10712_1916,1916,,326,,,,,1920,1637,TRUE,,326,Abcoude-Proosdij
10712,10712_1917,1917,,335,,,,,1920,1683,TRUE,,335,Abcoude-Proosdij
10712,10712_1918,1918,,345,,,,,1920,1729,TRUE,,345,Abcoude-Proosdij
10712,10712_1919,1919,,343,,,,,1920,1721,TRUE,,343,Abcoude-Proosdij
10712,10712_1920,1920,353,344,,,,,1920,1726,TRUE,,344,Abcoude-Proosdij
10712,10712_1921,1921,,340,,,,,1920,1708,TRUE,,340,Abcoude-Proosdij
10722,10722_1849,1849,8151,10940,,,,,1850,,FALSE,10940,,Utrecht
10722,10722_1850,1850,,,,,,,1850,,TRUE,10959,,Utrecht
10722,10722_1851,1851,,9940,,,,,1850,48046,TRUE,10978,9940,Utrecht
10722,10722_1852,1852,,10271,,,,,1850,49646,TRUE,10997,10271,Utrecht
10722,10722_1853,1853,,10344,,,,,1850,49998,TRUE,11016,10344,Utrecht
10722,10722_1854,1854,,10329,,,,,1850,49924,TRUE,11035,10329,Utrecht
10722,10722_1855,1855,,10314,,,,,1860,49850,TRUE,11054,10314,Utrecht
10722,10722_1856,1856,,10496,,,,,1860,50733,TRUE,11073,10496,Utrecht
10722,10722_1857,1857,,10593,,,,,1860,51197,TRUE,11092,10593,Utrecht
10722,10722_1858,1858,,10653,,,,,1860,51489,TRUE,11111,10653,Utrecht
10722,10722_1859,1859,8697,11130,,,,,1860,51597,FALSE,11130,10675,Utrecht
10722,10722_1860,1860,,11038,,,,,1860,53349,TRUE,11406,11038,Utrecht
10722,10722_1861,1861,,11276,,,,,1860,54495,TRUE,11682,11276,Utrecht
10722,10722_1862,1862,,11493,,,,,1860,55541,TRUE,11958,11493,Utrecht
10722,10722_1863,1863,,11778,,,,,1860,56921,TRUE,12234,11778,Utrecht
10722,10722_1864,1864,,11865,,,,,1860,57339,TRUE,12511,11865,Utrecht
10722,10722_1865,1865,,12208,,,,,1860,58995,TRUE,12787,12208,Utrecht
10722,10722_1866,1866,,12128,,,,,1870,58607,TRUE,13063,12128,Utrecht
10722,10722_1867,1867,,12367,,,,,1870,59763,TRUE,13339,12367,Utrecht
10722,10722_1868,1868,,12623,,,,,1870,60999,TRUE,13615,12623,Utrecht
10722,10722_1869,1869,19726,13892,,,,,1870,59820,FALSE,13892,12379,Utrecht
10722,10722_1870,1870,,12410,,,,,1870,59970,TRUE,13917,12410,Utrecht
10722,10722_1871,1871,,12572,,,,,1870,60752,TRUE,13943,12572,Utrecht
10722,10722_1872,1872,,12748,,,,,1870,61601,TRUE,13969,12748,Utrecht
10722,10722_1873,1873,,13067,,,,,1870,63140,TRUE,13994,13067,Utrecht
10722,10722_1874,1874,,13301,,,,,1870,64271,TRUE,14020,13301,Utrecht
10722,10722_1875,1875,,13463,,,,,1880,65052,TRUE,14046,13463,Utrecht
10722,10722_1876,1876,,13681,,,,,1880,66106,TRUE,14071,13681,Utrecht
10722,10722_1877,1877,,13937,,,,,1880,67341,TRUE,14097,13937,Utrecht
10722,10722_1878,1878,,14132,,,,,1880,68280,TRUE,14123,14132,Utrecht
10722,10722_1879,1879,12213,14149,11944,2205,702,924,1880,67633,FALSE,14149,13997,Utrecht
10722,10722_1880,1880,,14326,,,,,1880,69221,TRUE,14442,14326,Utrecht
10722,10722_1881,1881,,14765,,,,,1880,71337,TRUE,14735,14765,Utrecht
10722,10722_1882,1882,,15009,,,,,1880,72516,TRUE,15028,15009,Utrecht
10722,10722_1883,1883,,15392,,,,,1880,74364,TRUE,15321,15392,Utrecht
10722,10722_1884,1884,,15710,,,,,1880,75900,TRUE,15614,15710,Utrecht
10722,10722_1885,1885,,16027,,,,,1880,77431,TRUE,15907,16027,Utrecht
10722,10722_1886,1886,,16387,,,,,1890,79166,TRUE,16200,16387,Utrecht
10722,10722_1887,1887,,16849,,,,,1890,81398,TRUE,16493,16849,Utrecht
10722,10722_1888,1888,,17244,,,,,1890,83304,TRUE,16786,17244,Utrecht
10722,10722_1889,1889,14937,17080,14444,2636,885,1121,1890,84346,FALSE,17080,17460,Utrecht
10722,10722_1890,1890,,17826,,,,,1890,86116,TRUE,17419,17826,Utrecht
10722,10722_1891,1891,,18198,,,,,1890,87911,TRUE,17759,18198,Utrecht
10722,10722_1892,1892,,18514,,,,,1890,89436,TRUE,18099,18514,Utrecht
10722,10722_1893,1893,,18853,,,,,1890,91070,TRUE,18439,18853,Utrecht
10722,10722_1894,1894,,19166,,,,,1890,92581,TRUE,18779,19166,Utrecht
10722,10722_1895,1895,,19523,,,,,1900,94305,TRUE,19119,19523,Utrecht
10722,10722_1896,1896,,19946,,,,,1900,96349,TRUE,19459,19946,Utrecht
10722,10722_1897,1897,,20378,,,,,1900,98434,TRUE,19799,20378,Utrecht
10722,10722_1898,1898,,20716,,,,,1900,100066,TRUE,20139,20716,Utrecht
10722,10722_1899,1899,17723,20479,17365,3114,1435,1571,1900,102086,FALSE,20479,21135,Utrecht
10722,10722_1900,1900,,21571,,,,,1900,104194,TRUE,20924,21571,Utrecht
10722,10722_1901,1901,,22111,,,,,1900,106800,TRUE,21370,22111,Utrecht
10722,10722_1902,1902,,22465,,,,,1900,108505,TRUE,21816,22465,Utrecht
10722,10722_1903,1903,,22909,,,,,1900,110648,TRUE,22261,22909,Utrecht
10722,10722_1904,1904,,23353,,,,,1900,112796,TRUE,22707,23353,Utrecht
10722,10722_1905,1905,,23669,,,,,1900,114321,TRUE,23153,23669,Utrecht
10722,10722_1906,1906,,23747,,,,,1910,114695,TRUE,23598,23747,Utrecht
10722,10722_1907,1907,,23788,,,,,1910,114895,TRUE,24044,23788,Utrecht
10722,10722_1908,1908,,24179,,,,,1910,116782,TRUE,24490,24179,Utrecht
10722,10722_1909,1909,20847,24640,,,,,1910,119006,TRUE,24935,24640,Utrecht
10722,10722_1910,1910,,24889,,,,,1910,120208,TRUE,25381,24889,Utrecht
10722,10722_1911,1911,,25119,,,,,1910,121317,TRUE,25827,25119,Utrecht
10722,10722_1912,1912,,25437,,,,,1910,122853,TRUE,26272,25437,Utrecht
10722,10722_1913,1913,,25760,,,,,1910,124415,TRUE,26718,25760,Utrecht
10722,10722_1914,1914,,26314,,,,,1910,127087,TRUE,27164,26314,Utrecht
10722,10722_1915,1915,,26917,,,,,1920,130000,TRUE,27609,26917,Utrecht
10722,10722_1916,1916,,27610,,,,,1920,133344,TRUE,28055,27610,Utrecht
10722,10722_1917,1917,,28030,,,,,1920,135368,TRUE,28501,28030,Utrecht
10722,10722_1918,1918,,28286,,,,,1920,136605,TRUE,28946,28286,Utrecht
10722,10722_1919,1919,,28644,,,,,1920,138334,TRUE,29392,28644,Utrecht
10722,10722_1920,1920,24160,29838,26152,3686,1612,2763,1920,140309,FALSE,29838,29053,Utrecht
10722,10722_1921,1921,,29793,,,,,1920,143880,TRUE,,29793,Utrecht
10769,10769_1849,1849,414,591,,,,,1850,,FALSE,591,,Noordwijk
10769,10769_1850,1850,,,,,,,1850,,TRUE,593,,Noordwijk
10769,10769_1851,1851,,587,,,,,1850,2898,TRUE,596,587,Noordwijk
10769,10769_1852,1852,,597,,,,,1850,2945,TRUE,599,597,Noordwijk
10769,10769_1853,1853,,601,,,,,1850,2968,TRUE,602,601,Noordwijk
10769,10769_1854,1854,,614,,,,,1850,3030,TRUE,605,614,Noordwijk
10769,10769_1855,1855,,611,,,,,1860,3013,TRUE,607,611,Noordwijk
10769,10769_1856,1856,,619,,,,,1860,3051,TRUE,610,619,Noordwijk
10769,10769_1857,1857,,623,,,,,1860,3072,TRUE,613,623,Noordwijk
10769,10769_1858,1858,,632,,,,,1860,3114,TRUE,616,632,Noordwijk
10769,10769_1859,1859,470,619,,,,,1860,3099,FALSE,619,629,Noordwijk
10769,10769_1860,1860,,639,,,,,1860,3151,TRUE,624,639,Noordwijk
10769,10769_1861,1861,,650,,,,,1860,3203,TRUE,630,650,Noordwijk
10769,10769_1862,1862,,669,,,,,1860,3295,TRUE,635,669,Noordwijk
10769,10769_1863,1863,,681,,,,,1860,3353,TRUE,641,681,Noordwijk
10769,10769_1864,1864,,680,,,,,1860,3346,TRUE,646,680,Noordwijk
10769,10769_1865,1865,,667,,,,,1860,3283,TRUE,652,667,Noordwijk
10769,10769_1866,1866,,674,,,,,1870,3317,TRUE,657,674,Noordwijk
10769,10769_1867,1867,,683,,,,,1870,3361,TRUE,663,683,Noordwijk
10769,10769_1868,1868,,690,,,,,1870,3393,TRUE,668,690,Noordwijk
10769,10769_1869,1869,972,674,,,,,1870,3411,FALSE,674,693,Noordwijk
10769,10769_1870,1870,,700,,,,,1870,3443,TRUE,680,700,Noordwijk
10769,10769_1871,1871,,699,,,,,1870,3439,TRUE,686,699,Noordwijk
10769,10769_1872,1872,,706,,,,,1870,3473,TRUE,692,706,Noordwijk
10769,10769_1873,1873,,706,,,,,1870,3471,TRUE,698,706,Noordwijk
10769,10769_1874,1874,,710,,,,,1870,3494,TRUE,705,710,Noordwijk
10769,10769_1875,1875,,717,,,,,1880,3528,TRUE,711,717,Noordwijk
10769,10769_1876,1876,,725,,,,,1880,3562,TRUE,717,725,Noordwijk
10769,10769_1877,1877,,729,,,,,1880,3582,TRUE,723,729,Noordwijk
10769,10769_1878,1878,,739,,,,,1880,3630,TRUE,729,739,Noordwijk
10769,10769_1879,1879,754,736,645,91,30,31,1880,3697,FALSE,736,752,Noordwijk
10769,10769_1880,1880,,756,,,,,1880,3714,TRUE,748,756,Noordwijk
10769,10769_1881,1881,,770,,,,,1880,3781,TRUE,761,770,Noordwijk
10769,10769_1882,1882,,786,,,,,1880,3861,TRUE,774,786,Noordwijk
10769,10769_1883,1883,,800,,,,,1880,3927,TRUE,787,800,Noordwijk
10769,10769_1884,1884,,810,,,,,1880,3973,TRUE,800,810,Noordwijk
10769,10769_1885,1885,,834,,,,,1880,4092,TRUE,812,834,Noordwijk
10769,10769_1886,1886,,861,,,,,1890,4221,TRUE,825,861,Noordwijk
10769,10769_1887,1887,,864,,,,,1890,4237,TRUE,838,864,Noordwijk
10769,10769_1888,1888,,885,,,,,1890,4335,TRUE,851,885,Noordwijk
10769,10769_1889,1889,910,864,768,96,21,35,1890,4379,FALSE,864,894,Noordwijk
10769,10769_1890,1890,,908,,,,,1890,4450,TRUE,878,908,Noordwijk
10769,10769_1891,1891,,913,,,,,1890,4470,TRUE,892,913,Noordwijk
10769,10769_1892,1892,,929,,,,,1890,4549,TRUE,906,929,Noordwijk
10769,10769_1893,1893,,953,,,,,1890,4667,TRUE,920,953,Noordwijk
10769,10769_1894,1894,,978,,,,,1890,4785,TRUE,935,978,Noordwijk
10769,10769_1895,1895,,993,,,,,1900,4857,TRUE,949,993,Noordwijk
10769,10769_1896,1896,,1004,,,,,1900,4910,TRUE,963,1004,Noordwijk
10769,10769_1897,1897,,1022,,,,,1900,4999,TRUE,977,1022,Noordwijk
10769,10769_1898,1898,,1039,,,,,1900,5078,TRUE,991,1039,Noordwijk
10769,10769_1899,1899,995,1006,896,110,21,44,1900,5169,FALSE,1006,1057,Noordwijk
10769,10769_1900,1900,,1073,,,,,1900,5242,TRUE,,1073,Noordwijk
10769,10769_1901,1901,,1099,,,,,1900,5371,TRUE,,1099,Noordwijk
10769,10769_1902,1902,,1123,,,,,1900,5484,TRUE,,1123,Noordwijk
10769,10769_1903,1903,,1151,,,,,1900,5622,TRUE,,1151,Noordwijk
10769,10769_1904,1904,,1172,,,,,1900,5724,TRUE,,1172,Noordwijk
10769,10769_1905,1905,,1193,,,,,1900,5822,TRUE,,1193,Noordwijk
10769,10769_1906,1906,,1236,,,,,1910,6032,TRUE,,1236,Noordwijk
10769,10769_1907,1907,,1252,,,,,1910,6108,TRUE,,1252,Noordwijk
10769,10769_1908,1908,,1271,,,,,1910,6198,TRUE,,1271,Noordwijk
10769,10769_1909,1909,1260,1292,,,,,1910,6302,TRUE,,1292,Noordwijk
10769,10769_1910,1910,,1311,,,,,1910,6392,TRUE,,1311,Noordwijk
10769,10769_1911,1911,,1365,,,,,1910,6656,TRUE,,1365,Noordwijk
10769,10769_1912,1912,,1405,,,,,1910,6845,TRUE,,1405,Noordwijk
10769,10769_1913,1913,,1425,,,,,1910,6945,TRUE,,1425,Noordwijk
10769,10769_1914,1914,,1460,,,,,1910,7112,TRUE,,1460,Noordwijk
10769,10769_1915,1915,,1472,,,,,1920,7169,TRUE,,1472,Noordwijk
10769,10769_1916,1916,,1503,,,,,1920,7320,TRUE,,1503,Noordwijk
10769,10769_1917,1917,,1541,,,,,1920,7504,TRUE,,1541,Noordwijk
10769,10769_1918,1918,,1584,,,,,1920,7713,TRUE,,1584,Noordwijk
10769,10769_1919,1919,,1599,,,,,1920,7784,TRUE,,1599,Noordwijk
10769,10769_1920,1920,1645,1623,,,,,1920,7901,TRUE,,1623,Noordwijk
10769,10769_1921,1921,,1657,,,,,1920,8062,TRUE,,1657,Noordwijk
10787,10787_1849,1849,438,497,,,,,1850,,FALSE,497,,Anloo
10787,10787_1850,1850,,,,,,,1850,,TRUE,502,,Anloo
10787,10787_1851,1851,,510,,,,,1850,2528,TRUE,508,510,Anloo
10787,10787_1852,1852,,523,,,,,1850,2590,TRUE,514,523,Anloo
10787,10787_1853,1853,,530,,,,,1850,2622,TRUE,520,530,Anloo
10787,10787_1854,1854,,540,,,,,1850,2671,TRUE,526,540,Anloo
10787,10787_1855,1855,,545,,,,,1860,2694,TRUE,532,545,Anloo
10787,10787_1856,1856,,562,,,,,1860,2777,TRUE,538,562,Anloo
10787,10787_1857,1857,,567,,,,,1860,2800,TRUE,544,567,Anloo
10787,10787_1858,1858,,572,,,,,1860,2828,TRUE,550,572,Anloo
10787,10787_1859,1859,532,556,,,,,1860,2822,FALSE,556,571,Anloo
10787,10787_1860,1860,,589,,,,,1860,2907,TRUE,563,589,Anloo
10787,10787_1861,1861,,590,,,,,1860,2914,TRUE,571,590,Anloo
10787,10787_1862,1862,,597,,,,,1860,2945,TRUE,579,597,Anloo
10787,10787_1863,1863,,607,,,,,1860,2993,TRUE,587,607,Anloo
10787,10787_1864,1864,,606,,,,,1860,2991,TRUE,595,606,Anloo
10787,10787_1865,1865,,603,,,,,1860,2977,TRUE,603,603,Anloo
10787,10787_1866,1866,,616,,,,,1870,3037,TRUE,611,616,Anloo
10787,10787_1867,1867,,619,,,,,1870,3055,TRUE,619,619,Anloo
10787,10787_1868,1868,,637,,,,,1870,3140,TRUE,627,637,Anloo
10787,10787_1869,1869,1196,635,,,,,1870,3065,FALSE,635,622,Anloo
10787,10787_1870,1870,,621,,,,,1870,3062,TRUE,638,621,Anloo
10787,10787_1871,1871,,633,,,,,1870,3121,TRUE,641,633,Anloo
10787,10787_1872,1872,,631,,,,,1870,3111,TRUE,645,631,Anloo
10787,10787_1873,1873,,634,,,,,1870,3126,TRUE,648,634,Anloo
10787,10787_1874,1874,,646,,,,,1870,3185,TRUE,652,646,Anloo
10787,10787_1875,1875,,647,,,,,1880,3187,TRUE,655,647,Anloo
10787,10787_1876,1876,,658,,,,,1880,3242,TRUE,658,658,Anloo
10787,10787_1877,1877,,665,,,,,1880,3276,TRUE,662,665,Anloo
10787,10787_1878,1878,,677,,,,,1880,3332,TRUE,665,677,Anloo
10787,10787_1879,1879,684,669,603,66,12,12,1880,3360,FALSE,669,683,Anloo
10787,10787_1880,1880,,682,,,,,1880,3359,TRUE,,682,Anloo
10787,10787_1881,1881,,687,,,,,1880,3381,TRUE,,687,Anloo
10787,10787_1882,1882,,692,,,,,1880,3407,TRUE,,692,Anloo
10787,10787_1883,1883,,692,,,,,1880,3404,TRUE,,692,Anloo
10787,10787_1884,1884,,703,,,,,1880,3459,TRUE,,703,Anloo
10787,10787_1885,1885,,705,,,,,1880,3466,TRUE,,705,Anloo
10787,10787_1886,1886,,705,,,,,1890,3467,TRUE,,705,Anloo
10787,10787_1887,1887,,706,,,,,1890,3472,TRUE,,706,Anloo
10787,10787_1888,1888,,721,,,,,1890,3543,TRUE,,721,Anloo
10787,10787_1889,1889,,703,,,,,1890,3457,TRUE,,703,Anloo
10787,10787_1890,1890,,708,,,,,1890,3484,TRUE,,708,Anloo
10787,10787_1891,1891,,716,,,,,1890,3521,TRUE,,716,Anloo
10787,10787_1892,1892,,721,,,,,1890,3544,TRUE,,721,Anloo
10787,10787_1893,1893,,721,,,,,1890,3543,TRUE,,721,Anloo
10787,10787_1894,1894,,715,,,,,1890,3516,TRUE,,715,Anloo
10787,10787_1895,1895,,721,,,,,1900,3545,TRUE,,721,Anloo
10787,10787_1896,1896,,723,,,,,1900,3556,TRUE,,723,Anloo
10787,10787_1897,1897,,727,,,,,1900,3574,TRUE,,727,Anloo
10787,10787_1898,1898,,738,,,,,1900,3626,TRUE,,738,Anloo
10787,10787_1899,1899,735,736,638,745,9,13,1900,3618,TRUE,,736,Anloo
10787,10787_1900,1900,,741,,,,,1900,3641,TRUE,,741,Anloo
10787,10787_1901,1901,,752,,,,,1900,3696,TRUE,,752,Anloo
10787,10787_1902,1902,,761,,,,,1900,3738,TRUE,,761,Anloo
10787,10787_1903,1903,,784,,,,,1900,3847,TRUE,,784,Anloo
10787,10787_1904,1904,,798,,,,,1900,3917,TRUE,,798,Anloo
10787,10787_1905,1905,,820,,,,,1900,4022,TRUE,,820,Anloo
10787,10787_1906,1906,,844,,,,,1910,4141,TRUE,,844,Anloo
10787,10787_1907,1907,,869,,,,,1910,4258,TRUE,,869,Anloo
10787,10787_1908,1908,,894,,,,,1910,4381,TRUE,,894,Anloo
10787,10787_1909,1909,898,907,,,,,1910,4445,TRUE,,907,Anloo
10787,10787_1910,1910,,919,,,,,1910,4499,TRUE,,919,Anloo
10787,10787_1911,1911,,928,,,,,1910,4543,TRUE,,928,Anloo
10787,10787_1912,1912,,933,,,,,1910,4568,TRUE,,933,Anloo
10787,10787_1913,1913,,941,,,,,1910,4605,TRUE,,941,Anloo
10787,10787_1914,1914,,954,,,,,1910,4670,TRUE,,954,Anloo
10787,10787_1915,1915,,973,,,,,1920,4760,TRUE,,973,Anloo
10787,10787_1916,1916,,985,,,,,1920,4818,TRUE,,985,Anloo
10787,10787_1917,1917,,1000,,,,,1920,4890,TRUE,,1000,Anloo
10787,10787_1918,1918,,1003,,,,,1920,4904,TRUE,,1003,Anloo
10787,10787_1919,1919,,1011,,,,,1920,4944,TRUE,,1011,Anloo
10787,10787_1920,1920,1024,1023,,,,,1920,5005,TRUE,,1023,Anloo
10787,10787_1921,1921,,1025,,,,,1920,5014,TRUE,,1025,Anloo
10796,10796_1849,1849,166,173,,,,,1850,,FALSE,173,,Berg en Terblijt
10796,10796_1850,1850,,,,,,,1850,,TRUE,173,,Berg en Terblijt
10796,10796_1851,1851,,152,,,,,1850,799,TRUE,173,152,Berg en Terblijt
10796,10796_1852,1852,,155,,,,,1850,815,TRUE,173,155,Berg en Terblijt
10796,10796_1853,1853,,153,,,,,1850,803,TRUE,174,153,Berg en Terblijt
10796,10796_1854,1854,,145,,,,,1850,763,TRUE,174,145,Berg en Terblijt
10796,10796_1855,1855,,146,,,,,1860,771,TRUE,174,146,Berg en Terblijt
10796,10796_1856,1856,,150,,,,,1860,787,TRUE,175,150,Berg en Terblijt
10796,10796_1857,1857,,151,,,,,1860,792,TRUE,175,151,Berg en Terblijt
10796,10796_1858,1858,,151,,,,,1860,794,TRUE,175,151,Berg en Terblijt
10796,10796_1859,1859,174,176,,,,,1860,866,FALSE,176,166,Berg en Terblijt
10796,10796_1860,1860,,167,,,,,1860,869,TRUE,175,167,Berg en Terblijt
10796,10796_1861,1861,,167,,,,,1860,869,TRUE,175,167,Berg en Terblijt
10796,10796_1862,1862,,167,,,,,1860,873,TRUE,175,167,Berg en Terblijt
10796,10796_1863,1863,,166,,,,,1860,865,TRUE,175,166,Berg en Terblijt
10796,10796_1864,1864,,162,,,,,1860,847,TRUE,175,162,Berg en Terblijt
10796,10796_1865,1865,,161,,,,,1860,841,TRUE,175,161,Berg en Terblijt
10796,10796_1866,1866,,162,,,,,1870,849,TRUE,175,162,Berg en Terblijt
10796,10796_1867,1867,,164,,,,,1870,855,TRUE,175,164,Berg en Terblijt
10796,10796_1868,1868,,163,,,,,1870,850,TRUE,175,163,Berg en Terblijt
10796,10796_1869,1869,183,175,,,,,1870,951,FALSE,175,184,Berg en Terblijt
10796,10796_1870,1870,,181,,,,,1870,938,TRUE,176,181,Berg en Terblijt
10796,10796_1871,1871,,179,,,,,1870,928,TRUE,177,179,Berg en Terblijt
10796,10796_1872,1872,,176,,,,,1870,914,TRUE,178,176,Berg en Terblijt
10796,10796_1873,1873,,178,,,,,1870,925,TRUE,179,178,Berg en Terblijt
10796,10796_1874,1874,,179,,,,,1870,928,TRUE,180,179,Berg en Terblijt
10796,10796_1875,1875,,182,,,,,1880,944,TRUE,181,182,Berg en Terblijt
10796,10796_1876,1876,,185,,,,,1880,960,TRUE,182,185,Berg en Terblijt
10796,10796_1877,1877,,188,,,,,1880,974,TRUE,183,188,Berg en Terblijt
10796,10796_1878,1878,,190,,,,,1880,981,TRUE,184,190,Berg en Terblijt
10796,10796_1879,1879,195,186,151,35,6,5,1880,1086,FALSE,186,212,Berg en Terblijt
10796,10796_1880,1880,,212,,,,,1880,1090,TRUE,187,212,Berg en Terblijt
10796,10796_1881,1881,,222,,,,,1880,1135,TRUE,189,222,Berg en Terblijt
10796,10796_1882,1882,,224,,,,,1880,1146,TRUE,191,224,Berg en Terblijt
10796,10796_1883,1883,,226,,,,,1880,1156,TRUE,193,226,Berg en Terblijt
10796,10796_1884,1884,,228,,,,,1880,1164,TRUE,195,228,Berg en Terblijt
10796,10796_1885,1885,,229,,,,,1880,1169,TRUE,197,229,Berg en Terblijt
10796,10796_1886,1886,,227,,,,,1890,1162,TRUE,198,227,Berg en Terblijt
10796,10796_1887,1887,,234,,,,,1890,1196,TRUE,200,234,Berg en Terblijt
10796,10796_1888,1888,,238,,,,,1890,1214,TRUE,202,238,Berg en Terblijt
10796,10796_1889,1889,,233,,,,,1890,1188,TRUE,204,233,Berg en Terblijt
10796,10796_1890,1890,,235,,,,,1890,1200,TRUE,206,235,Berg en Terblijt
10796,10796_1891,1891,,240,,,,,1890,1222,TRUE,208,240,Berg en Terblijt
10796,10796_1892,1892,,244,,,,,1890,1242,TRUE,210,244,Berg en Terblijt
10796,10796_1893,1893,,249,,,,,1890,1269,TRUE,211,249,Berg en Terblijt
10796,10796_1894,1894,,252,,,,,1890,1283,TRUE,213,252,Berg en Terblijt
10796,10796_1895,1895,,258,,,,,1900,1309,TRUE,215,258,Berg en Terblijt
10796,10796_1896,1896,,261,,,,,1900,1326,TRUE,217,261,Berg en Terblijt
10796,10796_1897,1897,,261,,,,,1900,1326,TRUE,219,261,Berg en Terblijt
10796,10796_1898,1898,,263,,,,,1900,1335,TRUE,221,263,Berg en Terblijt
10796,10796_1899,1899,240,223,193,30,7,9,1900,1279,FALSE,223,252,Berg en Terblijt
10796,10796_1900,1900,,254,,,,,1900,1293,TRUE,,254,Berg en Terblijt
10796,10796_1901,1901,,256,,,,,1900,1298,TRUE,,256,Berg en Terblijt
10796,10796_1902,1902,,267,,,,,1900,1353,TRUE,,267,Berg en Terblijt
10796,10796_1903,1903,,265,,,,,1900,1343,TRUE,,265,Berg en Terblijt
10796,10796_1904,1904,,279,,,,,1900,1412,TRUE,,279,Berg en Terblijt
10796,10796_1905,1905,,290,,,,,1900,1466,TRUE,,290,Berg en Terblijt
10796,10796_1906,1906,,286,,,,,1910,1446,TRUE,,286,Berg en Terblijt
10796,10796_1907,1907,,298,,,,,1910,1502,TRUE,,298,Berg en Terblijt
10796,10796_1908,1908,,300,,,,,1910,1514,TRUE,,300,Berg en Terblijt
10796,10796_1909,1909,269,270,,,,,1910,1369,TRUE,,270,Berg en Terblijt
10796,10796_1910,1910,,276,,,,,1910,1398,TRUE,,276,Berg en Terblijt
10796,10796_1911,1911,,273,,,,,1910,1384,TRUE,,273,Berg en Terblijt
10796,10796_1912,1912,,287,,,,,1910,1448,TRUE,,287,Berg en Terblijt
10796,10796_1913,1913,,293,,,,,1910,1479,TRUE,,293,Berg en Terblijt
10796,10796_1914,1914,,289,,,,,1910,1460,TRUE,,289,Berg en Terblijt
10796,10796_1915,1915,,302,,,,,1920,1524,TRUE,,302,Berg en Terblijt
10796,10796_1916,1916,,309,,,,,1920,1556,TRUE,,309,Berg en Terblijt
10796,10796_1917,1917,,324,,,,,1920,1631,TRUE,,324,Berg en Terblijt
10796,10796_1918,1918,,346,,,,,1920,1734,TRUE,,346,Berg en Terblijt
10796,10796_1919,1919,,350,,,,,1920,1754,TRUE,,350,Berg en Terblijt
10796,10796_1920,1920,290,353,,,,,1920,1767,TRUE,,353,Berg en Terblijt
10796,10796_1921,1921,,357,,,,,1920,1787,TRUE,,357,Berg en Terblijt
10798,10798_1849,1849,803,1104,,,,,1850,,FALSE,1104,,Brummen
10798,10798_1850,1850,,,,,,,1850,,TRUE,1112,,Brummen
10798,10798_1851,1851,,1233,,,,,1850,6018,TRUE,1121,1233,Brummen
10798,10798_1852,1852,,1252,,,,,1850,6110,TRUE,1130,1252,Brummen
10798,10798_1853,1853,,1259,,,,,1850,6141,TRUE,1139,1259,Brummen
10798,10798_1854,1854,,1271,,,,,1850,6200,TRUE,1148,1271,Brummen
10798,10798_1855,1855,,1269,,,,,1860,6192,TRUE,1157,1269,Brummen
10798,10798_1856,1856,,1291,,,,,1860,6298,TRUE,1166,1291,Brummen
10798,10798_1857,1857,,1300,,,,,1860,6338,TRUE,1175,1300,Brummen
10798,10798_1858,1858,,1316,,,,,1860,6416,TRUE,1184,1316,Brummen
10798,10798_1859,1859,875,1193,,,,,1860,6300,FALSE,1193,1292,Brummen
10798,10798_1860,1860,,1298,,,,,1860,6331,TRUE,1204,1298,Brummen
10798,10798_1861,1861,,1289,,,,,1860,6288,TRUE,1215,1289,Brummen
10798,10798_1862,1862,,1296,,,,,1860,6322,TRUE,1226,1296,Brummen
10798,10798_1863,1863,,1273,,,,,1860,6212,TRUE,1237,1273,Brummen
10798,10798_1864,1864,,1295,,,,,1860,6318,TRUE,1248,1295,Brummen
10798,10798_1865,1865,,1289,,,,,1860,6289,TRUE,1259,1289,Brummen
10798,10798_1866,1866,,1283,,,,,1870,6257,TRUE,1270,1283,Brummen
10798,10798_1867,1867,,1304,,,,,1870,6359,TRUE,1281,1304,Brummen
10798,10798_1868,1868,,1322,,,,,1870,6447,TRUE,1292,1322,Brummen
10798,10798_1869,1869,2578,1303,,,,,1870,6445,FALSE,1303,1322,Brummen
10798,10798_1870,1870,,1312,,,,,1870,6399,TRUE,1305,1312,Brummen
10798,10798_1871,1871,,1310,,,,,1870,6390,TRUE,1307,1310,Brummen
10798,10798_1872,1872,,1302,,,,,1870,6349,TRUE,1309,1302,Brummen
10798,10798_1873,1873,,1318,,,,,1870,6427,TRUE,1311,1318,Brummen
10798,10798_1874,1874,,1323,,,,,1870,6451,TRUE,1313,1323,Brummen
10798,10798_1875,1875,,1352,,,,,1880,6591,TRUE,1315,1352,Brummen
10798,10798_1876,1876,,1358,,,,,1880,6619,TRUE,1317,1358,Brummen
10798,10798_1877,1877,,1373,,,,,1880,6692,TRUE,1319,1373,Brummen
10798,10798_1878,1878,,1384,,,,,1880,6746,TRUE,1321,1384,Brummen
10798,10798_1879,1879,1362,1323,1177,146,18,39,1880,6704,FALSE,1323,1375,Brummen
10798,10798_1880,1880,,1375,,,,,1880,6703,TRUE,1333,1375,Brummen
10798,10798_1881,1881,,1395,,,,,1880,6797,TRUE,1343,1395,Brummen
10798,10798_1882,1882,,1401,,,,,1880,6828,TRUE,1353,1401,Brummen
10798,10798_1883,1883,,1404,,,,,1880,6843,TRUE,1363,1404,Brummen
10798,10798_1884,1884,,1413,,,,,1880,6884,TRUE,1373,1413,Brummen
10798,10798_1885,1885,,1444,,,,,1880,7035,TRUE,1383,1444,Brummen
10798,10798_1886,1886,,1465,,,,,1890,7135,TRUE,1393,1465,Brummen
10798,10798_1887,1887,,1472,,,,,1890,7169,TRUE,1403,1472,Brummen
10798,10798_1888,1888,,1471,,,,,1890,7166,TRUE,1413,1471,Brummen
10798,10798_1889,1889,1473,1424,1261,163,16,29,1890,7194,FALSE,1424,1477,Brummen
10798,10798_1890,1890,,1483,,,,,1890,7223,TRUE,1426,1483,Brummen
10798,10798_1891,1891,,1474,,,,,1890,7182,TRUE,1429,1474,Brummen
10798,10798_1892,1892,,1474,,,,,1890,7178,TRUE,1431,1474,Brummen
10798,10798_1893,1893,,1482,,,,,1890,7218,TRUE,1434,1482,Brummen
10798,10798_1894,1894,,1494,,,,,1890,7275,TRUE,1436,1494,Brummen
10798,10798_1895,1895,,1504,,,,,1900,7326,TRUE,1439,1504,Brummen
10798,10798_1896,1896,,1514,,,,,1900,7375,TRUE,1441,1514,Brummen
10798,10798_1897,1897,,1520,,,,,1900,7401,TRUE,1444,1520,Brummen
10798,10798_1898,1898,,1499,,,,,1900,7301,TRUE,1446,1499,Brummen
10798,10798_1899,1899,1513,1449,1274,175,23,44,1900,7304,FALSE,1449,1500,Brummen
10798,10798_1900,1900,,1497,,,,,1900,7291,TRUE,,1497,Brummen
10798,10798_1901,1901,,1504,,,,,1900,7327,TRUE,,1504,Brummen
10798,10798_1902,1902,,1519,,,,,1900,7396,TRUE,,1519,Brummen
10798,10798_1903,1903,,1508,,,,,1900,7342,TRUE,,1508,Brummen
10798,10798_1904,1904,,1516,,,,,1900,7385,TRUE,,1516,Brummen
10798,10798_1905,1905,,1516,,,,,1900,7382,TRUE,,1516,Brummen
10798,10798_1906,1906,,1506,,,,,1910,7335,TRUE,,1506,Brummen
10798,10798_1907,1907,,1516,,,,,1910,7381,TRUE,,1516,Brummen
10798,10798_1908,1908,,1545,,,,,1910,7524,TRUE,,1545,Brummen
10798,10798_1909,1909,1568,1570,,,,,1910,7642,TRUE,,1570,Brummen
10798,10798_1910,1910,,1580,,,,,1910,7690,TRUE,,1580,Brummen
10798,10798_1911,1911,,1588,,,,,1910,7731,TRUE,,1588,Brummen
10798,10798_1912,1912,,1593,,,,,1910,7754,TRUE,,1593,Brummen
10798,10798_1913,1913,,1611,,,,,1910,7839,TRUE,,1611,Brummen
10798,10798_1914,1914,,1660,,,,,1910,8079,TRUE,,1660,Brummen
10798,10798_1915,1915,,1684,,,,,1920,8195,TRUE,,1684,Brummen
10798,10798_1916,1916,,1711,,,,,1920,8323,TRUE,,1711,Brummen
10798,10798_1917,1917,,1725,,,,,1920,8393,TRUE,,1725,Brummen
10798,10798_1918,1918,,1729,,,,,1920,8410,TRUE,,1729,Brummen
10798,10798_1919,1919,,1717,,,,,1920,8355,TRUE,,1717,Brummen
10798,10798_1920,1920,1810,1751,,,,,1920,8518,TRUE,,1751,Brummen
10798,10798_1921,1921,,1756,,,,,1920,8539,TRUE,,1756,Brummen
10820,10820_1849,1849,,,,,,,1850,,TRUE,,,Bunnik
10820,10820_1850,1850,,,,,,,1850,,TRUE,,,Bunnik
10820,10820_1851,1851,,167,,,,,1850,869,TRUE,,167,Bunnik
10820,10820_1852,1852,,168,,,,,1850,875,TRUE,,168,Bunnik
10820,10820_1853,1853,,168,,,,,1850,876,TRUE,,168,Bunnik
10820,10820_1854,1854,,170,,,,,1850,884,TRUE,,170,Bunnik
10820,10820_1855,1855,,173,,,,,1860,901,TRUE,,173,Bunnik
10820,10820_1856,1856,,192,,,,,1860,993,TRUE,,192,Bunnik
10820,10820_1857,1857,,194,,,,,1860,1002,TRUE,,194,Bunnik
10820,10820_1858,1858,,195,,,,,1860,1008,TRUE,,195,Bunnik
10820,10820_1859,1859,201,191,,,,,1860,1030,FALSE,191,200,Bunnik
10820,10820_1860,1860,,197,,,,,1860,1018,TRUE,201,197,Bunnik
10820,10820_1861,1861,,201,,,,,1860,1036,TRUE,212,201,Bunnik
10820,10820_1862,1862,,202,,,,,1860,1040,TRUE,223,202,Bunnik
10820,10820_1863,1863,,204,,,,,1860,1051,TRUE,234,204,Bunnik
10820,10820_1864,1864,,210,,,,,1860,1079,TRUE,245,210,Bunnik
10820,10820_1865,1865,,213,,,,,1860,1093,TRUE,255,213,Bunnik
10820,10820_1866,1866,,212,,,,,1870,1089,TRUE,266,212,Bunnik
10820,10820_1867,1867,,210,,,,,1870,1079,TRUE,277,210,Bunnik
10820,10820_1868,1868,,209,,,,,1870,1074,TRUE,288,209,Bunnik
10820,10820_1869,1869,582,299,,,,,1870,1113,FALSE,299,217,Bunnik
10820,10820_1870,1870,,211,,,,,1870,1081,TRUE,293,211,Bunnik
10820,10820_1871,1871,,209,,,,,1870,1072,TRUE,287,209,Bunnik
10820,10820_1872,1872,,214,,,,,1870,1096,TRUE,281,214,Bunnik
10820,10820_1873,1873,,218,,,,,1870,1118,TRUE,276,218,Bunnik
10820,10820_1874,1874,,223,,,,,1870,1142,TRUE,270,223,Bunnik
10820,10820_1875,1875,,228,,,,,1880,1165,TRUE,264,228,Bunnik
10820,10820_1876,1876,,232,,,,,1880,1186,TRUE,259,232,Bunnik
10820,10820_1877,1877,,242,,,,,1880,1232,TRUE,253,242,Bunnik
10820,10820_1878,1878,,246,,,,,1880,1250,TRUE,247,246,Bunnik
10820,10820_1879,1879,260,242,213,29,10,9,1880,1128,FALSE,242,220,Bunnik
10820,10820_1880,1880,,222,,,,,1880,1134,TRUE,241,222,Bunnik
10820,10820_1881,1881,,226,,,,,1880,1156,TRUE,240,226,Bunnik
10820,10820_1882,1882,,229,,,,,1880,1172,TRUE,240,229,Bunnik
10820,10820_1883,1883,,235,,,,,1880,1199,TRUE,239,235,Bunnik
10820,10820_1884,1884,,238,,,,,1880,1215,TRUE,239,238,Bunnik
10820,10820_1885,1885,,239,,,,,1880,1220,TRUE,238,239,Bunnik
10820,10820_1886,1886,,239,,,,,1890,1218,TRUE,237,239,Bunnik
10820,10820_1887,1887,,241,,,,,1890,1227,TRUE,237,241,Bunnik
10820,10820_1888,1888,,242,,,,,1890,1234,TRUE,236,242,Bunnik
10820,10820_1889,1889,250,236,210,26,10,6,1890,1098,FALSE,236,214,Bunnik
10820,10820_1890,1890,,212,,,,,1890,1087,TRUE,237,212,Bunnik
10820,10820_1891,1891,,217,,,,,1890,1111,TRUE,238,217,Bunnik
10820,10820_1892,1892,,222,,,,,1890,1136,TRUE,239,222,Bunnik
10820,10820_1893,1893,,224,,,,,1890,1146,TRUE,240,224,Bunnik
10820,10820_1894,1894,,226,,,,,1890,1158,TRUE,242,226,Bunnik
10820,10820_1895,1895,,228,,,,,1900,1164,TRUE,243,228,Bunnik
10820,10820_1896,1896,,228,,,,,1900,1166,TRUE,244,228,Bunnik
10820,10820_1897,1897,,231,,,,,1900,1178,TRUE,245,231,Bunnik
10820,10820_1898,1898,,237,,,,,1900,1208,TRUE,246,237,Bunnik
10820,10820_1899,1899,270,248,231,17,13,9,1900,1237,FALSE,248,243,Bunnik
10820,10820_1900,1900,,250,,,,,1900,1273,TRUE,,250,Bunnik
10820,10820_1901,1901,,249,,,,,1900,1268,TRUE,,249,Bunnik
10820,10820_1902,1902,,253,,,,,1900,1288,TRUE,,253,Bunnik
10820,10820_1903,1903,,251,,,,,1900,1278,TRUE,,251,Bunnik
10820,10820_1904,1904,,256,,,,,1900,1299,TRUE,,256,Bunnik
10820,10820_1905,1905,,256,,,,,1900,1298,TRUE,,256,Bunnik
10820,10820_1906,1906,,264,,,,,1910,1339,TRUE,,264,Bunnik
10820,10820_1907,1907,,274,,,,,1910,1387,TRUE,,274,Bunnik
10820,10820_1908,1908,,271,,,,,1910,1374,TRUE,,271,Bunnik
10820,10820_1909,1909,289,275,,,,,1910,1392,TRUE,,275,Bunnik
10820,10820_1910,1910,,277,,,,,1910,1401,TRUE,,277,Bunnik
10820,10820_1911,1911,,273,,,,,1910,1383,TRUE,,273,Bunnik
10820,10820_1912,1912,,276,,,,,1910,1396,TRUE,,276,Bunnik
10820,10820_1913,1913,,274,,,,,1910,1388,TRUE,,274,Bunnik
10820,10820_1914,1914,,274,,,,,1910,1389,TRUE,,274,Bunnik
10820,10820_1915,1915,,273,,,,,1920,1381,TRUE,,273,Bunnik
10820,10820_1916,1916,,273,,,,,1920,1383,TRUE,,273,Bunnik
10820,10820_1917,1917,,274,,,,,1920,1385,TRUE,,274,Bunnik
10820,10820_1918,1918,,274,,,,,1920,1388,TRUE,,274,Bunnik
10820,10820_1919,1919,,268,,,,,1920,1356,TRUE,,268,Bunnik
10820,10820_1920,1920,310,279,,,,,1920,1412,TRUE,,279,Bunnik
10820,10820_1921,1921,,282,,,,,1920,1426,TRUE,,282,Bunnik
10838,10838_1849,1849,290,393,,,,,1850,,FALSE,393,,Warnsveld
10838,10838_1850,1850,,,,,,,1850,,TRUE,396,,Warnsveld
10838,10838_1851,1851,,436,,,,,1850,2170,TRUE,399,436,Warnsveld
10838,10838_1852,1852,,439,,,,,1850,2185,TRUE,402,439,Warnsveld
10838,10838_1853,1853,,441,,,,,1850,2194,TRUE,405,441,Warnsveld
10838,10838_1854,1854,,444,,,,,1850,2209,TRUE,408,444,Warnsveld
10838,10838_1855,1855,,451,,,,,1860,2244,TRUE,411,451,Warnsveld
10838,10838_1856,1856,,451,,,,,1860,2240,TRUE,414,451,Warnsveld
10838,10838_1857,1857,,445,,,,,1860,2215,TRUE,417,445,Warnsveld
10838,10838_1858,1858,,450,,,,,1860,2236,TRUE,420,450,Warnsveld
10838,10838_1859,1859,336,423,,,,,1860,2325,FALSE,423,468,Warnsveld
10838,10838_1860,1860,,473,,,,,1860,2347,TRUE,429,473,Warnsveld
10838,10838_1861,1861,,475,,,,,1860,2356,TRUE,436,475,Warnsveld
10838,10838_1862,1862,,484,,,,,1860,2400,TRUE,442,484,Warnsveld
10838,10838_1863,1863,,492,,,,,1860,2439,TRUE,449,492,Warnsveld
10838,10838_1864,1864,,500,,,,,1860,2478,TRUE,455,500,Warnsveld
10838,10838_1865,1865,,501,,,,,1860,2483,TRUE,462,501,Warnsveld
10838,10838_1866,1866,,503,,,,,1870,2494,TRUE,468,503,Warnsveld
10838,10838_1867,1867,,517,,,,,1870,2562,TRUE,475,517,Warnsveld
10838,10838_1868,1868,,511,,,,,1870,2533,TRUE,481,511,Warnsveld
10838,10838_1869,1869,972,488,,,,,1870,2519,FALSE,488,508,Warnsveld
10838,10838_1870,1870,,510,,,,,1870,2525,TRUE,487,510,Warnsveld
10838,10838_1871,1871,,512,,,,,1870,2536,TRUE,487,512,Warnsveld
10838,10838_1872,1872,,515,,,,,1870,2553,TRUE,486,515,Warnsveld
10838,10838_1873,1873,,514,,,,,1870,2547,TRUE,486,514,Warnsveld
10838,10838_1874,1874,,503,,,,,1870,2495,TRUE,486,503,Warnsveld
10838,10838_1875,1875,,501,,,,,1880,2482,TRUE,485,501,Warnsveld
10838,10838_1876,1876,,501,,,,,1880,2484,TRUE,485,501,Warnsveld
10838,10838_1877,1877,,500,,,,,1880,2480,TRUE,484,500,Warnsveld
10838,10838_1878,1878,,505,,,,,1880,2500,TRUE,484,505,Warnsveld
10838,10838_1879,1879,498,484,433,51,7,7,1880,2493,FALSE,484,503,Warnsveld
10838,10838_1880,1880,,514,,,,,1880,2546,TRUE,484,514,Warnsveld
10838,10838_1881,1881,,519,,,,,1880,2572,TRUE,485,519,Warnsveld
10838,10838_1882,1882,,516,,,,,1880,2556,TRUE,486,516,Warnsveld
10838,10838_1883,1883,,506,,,,,1880,2505,TRUE,487,506,Warnsveld
10838,10838_1884,1884,,506,,,,,1880,2506,TRUE,488,506,Warnsveld
10838,10838_1885,1885,,516,,,,,1880,2556,TRUE,488,516,Warnsveld
10838,10838_1886,1886,,510,,,,,1890,2526,TRUE,489,510,Warnsveld
10838,10838_1887,1887,,518,,,,,1890,2566,TRUE,490,518,Warnsveld
10838,10838_1888,1888,,510,,,,,1890,2525,TRUE,491,510,Warnsveld
10838,10838_1889,1889,505,492,429,63,9,4,1890,2520,FALSE,492,509,Warnsveld
10838,10838_1890,1890,,510,,,,,1890,2528,TRUE,494,510,Warnsveld
10838,10838_1891,1891,,516,,,,,1890,2555,TRUE,496,516,Warnsveld
10838,10838_1892,1892,,515,,,,,1890,2550,TRUE,498,515,Warnsveld
10838,10838_1893,1893,,511,,,,,1890,2533,TRUE,501,511,Warnsveld
10838,10838_1894,1894,,514,,,,,1890,2545,TRUE,503,514,Warnsveld
10838,10838_1895,1895,,521,,,,,1900,2579,TRUE,505,521,Warnsveld
10838,10838_1896,1896,,525,,,,,1900,2601,TRUE,508,525,Warnsveld
10838,10838_1897,1897,,523,,,,,1900,2588,TRUE,510,523,Warnsveld
10838,10838_1898,1898,,527,,,,,1900,2609,TRUE,512,527,Warnsveld
10838,10838_1899,1899,528,515,439,76,9,4,1900,2634,FALSE,515,532,Warnsveld
10838,10838_1900,1900,,551,,,,,1900,2725,TRUE,,551,Warnsveld
10838,10838_1901,1901,,591,,,,,1900,2917,TRUE,,591,Warnsveld
10838,10838_1902,1902,,618,,,,,1900,3050,TRUE,,618,Warnsveld
10838,10838_1903,1903,,632,,,,,1900,3115,TRUE,,632,Warnsveld
10838,10838_1904,1904,,636,,,,,1900,3137,TRUE,,636,Warnsveld
10838,10838_1905,1905,,629,,,,,1900,3102,TRUE,,629,Warnsveld
10838,10838_1906,1906,,644,,,,,1910,3171,TRUE,,644,Warnsveld
10838,10838_1907,1907,,664,,,,,1910,3268,TRUE,,664,Warnsveld
10838,10838_1908,1908,,679,,,,,1910,3341,TRUE,,679,Warnsveld
10838,10838_1909,1909,604,698,,,,,1910,3434,TRUE,,698,Warnsveld
10838,10838_1910,1910,,712,,,,,1910,3500,TRUE,,712,Warnsveld
10838,10838_1911,1911,,722,,,,,1910,3552,TRUE,,722,Warnsveld
10838,10838_1912,1912,,725,,,,,1910,3563,TRUE,,725,Warnsveld
10838,10838_1913,1913,,731,,,,,1910,3592,TRUE,,731,Warnsveld
10838,10838_1914,1914,,747,,,,,1910,3669,TRUE,,747,Warnsveld
10838,10838_1915,1915,,743,,,,,1920,3652,TRUE,,743,Warnsveld
10838,10838_1916,1916,,744,,,,,1920,3658,TRUE,,744,Warnsveld
10838,10838_1917,1917,,748,,,,,1920,3677,TRUE,,748,Warnsveld
10838,10838_1918,1918,,745,,,,,1920,3661,TRUE,,745,Warnsveld
10838,10838_1919,1919,,760,,,,,1920,3733,TRUE,,760,Warnsveld
10838,10838_1920,1920,664,768,,,,,1920,3774,TRUE,,768,Warnsveld
10838,10838_1921,1921,,773,,,,,1920,3797,TRUE,,773,Warnsveld
10843,10843_1849,1849,1364,1566,,,,,1850,,FALSE,1566,,Zierikzee
10843,10843_1850,1850,,,,,,,1850,,TRUE,1561,,Zierikzee
10843,10843_1851,1851,,1481,,,,,1850,7214,TRUE,1556,1481,Zierikzee
10843,10843_1852,1852,,1497,,,,,1850,7292,TRUE,1551,1497,Zierikzee
10843,10843_1853,1853,,1510,,,,,1850,7355,TRUE,1547,1510,Zierikzee
10843,10843_1854,1854,,1501,,,,,1850,7310,TRUE,1542,1501,Zierikzee
10843,10843_1855,1855,,1482,,,,,1860,7219,TRUE,1537,1482,Zierikzee
10843,10843_1856,1856,,1474,,,,,1860,7180,TRUE,1533,1474,Zierikzee
10843,10843_1857,1857,,1491,,,,,1860,7260,TRUE,1528,1491,Zierikzee
10843,10843_1858,1858,,1502,,,,,1860,7313,TRUE,1523,1502,Zierikzee
10843,10843_1859,1859,1396,1519,,,,,1860,7294,FALSE,1519,1498,Zierikzee
10843,10843_1860,1860,,1524,,,,,1860,7419,TRUE,1524,1524,Zierikzee
10843,10843_1861,1861,,1534,,,,,1860,7470,TRUE,1529,1534,Zierikzee
10843,10843_1862,1862,,1578,,,,,1860,7683,TRUE,1534,1578,Zierikzee
10843,10843_1863,1863,,1590,,,,,1860,7738,TRUE,1539,1590,Zierikzee
10843,10843_1864,1864,,1599,,,,,1860,7782,TRUE,1545,1599,Zierikzee
10843,10843_1865,1865,,1612,,,,,1860,7844,TRUE,1550,1612,Zierikzee
10843,10843_1866,1866,,1622,,,,,1870,7894,TRUE,1555,1622,Zierikzee
10843,10843_1867,1867,,1629,,,,,1870,7928,TRUE,1560,1629,Zierikzee
10843,10843_1868,1868,,1645,,,,,1870,8007,TRUE,1565,1645,Zierikzee
10843,10843_1869,1869,3020,1571,,,,,1870,7868,FALSE,1571,1617,Zierikzee
10843,10843_1870,1870,,1640,,,,,1870,7980,TRUE,1557,1640,Zierikzee
10843,10843_1871,1871,,1640,,,,,1870,7979,TRUE,1543,1640,Zierikzee
10843,10843_1872,1872,,1653,,,,,1870,8045,TRUE,1529,1653,Zierikzee
10843,10843_1873,1873,,1649,,,,,1870,8024,TRUE,1516,1649,Zierikzee
10843,10843_1874,1874,,1653,,,,,1870,8043,TRUE,1502,1653,Zierikzee
10843,10843_1875,1875,,1603,,,,,1880,7805,TRUE,1488,1603,Zierikzee
10843,10843_1876,1876,,1565,,,,,1880,7617,TRUE,1475,1565,Zierikzee
10843,10843_1877,1877,,1519,,,,,1880,7395,TRUE,1461,1519,Zierikzee
10843,10843_1878,1878,,1502,,,,,1880,7316,TRUE,1447,1502,Zierikzee
10843,10843_1879,1879,1577,1434,1218,216,68,108,1880,7139,FALSE,1434,1466,Zierikzee
10843,10843_1880,1880,,1451,,,,,1880,7068,TRUE,1435,1451,Zierikzee
10843,10843_1881,1881,,1450,,,,,1880,7062,TRUE,1436,1450,Zierikzee
10843,10843_1882,1882,,1446,,,,,1880,7046,TRUE,1437,1446,Zierikzee
10843,10843_1883,1883,,1449,,,,,1880,7059,TRUE,1438,1449,Zierikzee
10843,10843_1884,1884,,1446,,,,,1880,7043,TRUE,1439,1446,Zierikzee
10843,10843_1885,1885,,1446,,,,,1880,7043,TRUE,1440,1446,Zierikzee
10843,10843_1886,1886,,1457,,,,,1890,7099,TRUE,1441,1457,Zierikzee
10843,10843_1887,1887,,1469,,,,,1890,7155,TRUE,1442,1469,Zierikzee
10843,10843_1888,1888,,1459,,,,,1890,7107,TRUE,1443,1459,Zierikzee
10843,10843_1889,1889,,1449,,,,,1890,7060,TRUE,1444,1449,Zierikzee
10843,10843_1890,1890,,1433,,,,,1890,6982,TRUE,1445,1433,Zierikzee
10843,10843_1891,1891,,1417,,,,,1890,6907,TRUE,1446,1417,Zierikzee
10843,10843_1892,1892,,1424,,,,,1890,6939,TRUE,1447,1424,Zierikzee
10843,10843_1893,1893,,1433,,,,,1890,6983,TRUE,1448,1433,Zierikzee
10843,10843_1894,1894,,1430,,,,,1890,6969,TRUE,1449,1430,Zierikzee
10843,10843_1895,1895,,1432,,,,,1900,6979,TRUE,1450,1432,Zierikzee
10843,10843_1896,1896,,1417,,,,,1900,6905,TRUE,1451,1417,Zierikzee
10843,10843_1897,1897,,1414,,,,,1900,6888,TRUE,1452,1414,Zierikzee
10843,10843_1898,1898,,1401,,,,,1900,6826,TRUE,1453,1401,Zierikzee
10843,10843_1899,1899,1524,1454,1213,241,55,109,1900,6818,FALSE,1454,1399,Zierikzee
10843,10843_1900,1900,,1403,,,,,1900,6835,TRUE,,1403,Zierikzee
10843,10843_1901,1901,,1400,,,,,1900,6825,TRUE,,1400,Zierikzee
10843,10843_1902,1902,,1426,,,,,1900,6948,TRUE,,1426,Zierikzee
10843,10843_1903,1903,,1426,,,,,1900,6948,TRUE,,1426,Zierikzee
10843,10843_1904,1904,,1435,,,,,1900,6991,TRUE,,1435,Zierikzee
10843,10843_1905,1905,,1444,,,,,1900,7035,TRUE,,1444,Zierikzee
10843,10843_1906,1906,,1429,,,,,1910,6963,TRUE,,1429,Zierikzee
10843,10843_1907,1907,,1419,,,,,1910,6912,TRUE,,1419,Zierikzee
10843,10843_1908,1908,,1398,,,,,1910,6811,TRUE,,1398,Zierikzee
10843,10843_1909,1909,1596,1397,,,,,1910,6808,TRUE,,1397,Zierikzee
10843,10843_1910,1910,,1403,,,,,1910,6836,TRUE,,1403,Zierikzee
10843,10843_1911,1911,,1389,,,,,1910,6769,TRUE,,1389,Zierikzee
10843,10843_1912,1912,,1402,,,,,1910,6831,TRUE,,1402,Zierikzee
10843,10843_1913,1913,,1387,,,,,1910,6759,TRUE,,1387,Zierikzee
10843,10843_1914,1914,,1394,,,,,1910,6793,TRUE,,1394,Zierikzee
10843,10843_1915,1915,,1418,,,,,1920,6908,TRUE,,1418,Zierikzee
10843,10843_1916,1916,,1433,,,,,1920,6984,TRUE,,1433,Zierikzee
10843,10843_1917,1917,,1445,,,,,1920,7041,TRUE,,1445,Zierikzee
10843,10843_1918,1918,,1455,,,,,1920,7086,TRUE,,1455,Zierikzee
10843,10843_1919,1919,,1430,,,,,1920,6967,TRUE,,1430,Zierikzee
10843,10843_1920,1920,1755,1403,,,,,1920,6835,TRUE,,1403,Zierikzee
10843,10843_1921,1921,,1390,,,,,1920,6775,TRUE,,1390,Zierikzee
10884,10884_1849,1849,905,985,,,,,1850,,FALSE,985,,Edam
10884,10884_1850,1850,,,,,,,1850,,TRUE,986,,Edam
10884,10884_1851,1851,,921,,,,,1850,4512,TRUE,988,921,Edam
10884,10884_1852,1852,,962,,,,,1850,4706,TRUE,989,962,Edam
10884,10884_1853,1853,,977,,,,,1850,4783,TRUE,991,977,Edam
10884,10884_1854,1854,,988,,,,,1850,4833,TRUE,992,988,Edam
10884,10884_1855,1855,,995,,,,,1860,4867,TRUE,994,995,Edam
10884,10884_1856,1856,,1013,,,,,1860,4955,TRUE,995,1013,Edam
10884,10884_1857,1857,,1007,,,,,1860,4924,TRUE,997,1007,Edam
10884,10884_1858,1858,,1002,,,,,1860,4900,TRUE,998,1002,Edam
10884,10884_1859,1859,1019,1000,,,,,1860,4994,FALSE,1000,1021,Edam
10884,10884_1860,1860,,995,,,,,1860,4867,TRUE,1014,995,Edam
10884,10884_1861,1861,,1006,,,,,1860,4920,TRUE,1029,1006,Edam
10884,10884_1862,1862,,1036,,,,,1860,5067,TRUE,1044,1036,Edam
10884,10884_1863,1863,,1056,,,,,1860,5161,TRUE,1059,1056,Edam
10884,10884_1864,1864,,1060,,,,,1860,5180,TRUE,1074,1060,Edam
10884,10884_1865,1865,,1092,,,,,1860,5334,TRUE,1088,1092,Edam
10884,10884_1866,1866,,1088,,,,,1870,5319,TRUE,1103,1088,Edam
10884,10884_1867,1867,,1078,,,,,1870,5267,TRUE,1118,1078,Edam
10884,10884_1868,1868,,1074,,,,,1870,5250,TRUE,1133,1074,Edam
10884,10884_1869,1869,2264,1148,,,,,1870,5195,FALSE,1148,1063,Edam
10884,10884_1870,1870,,1070,,,,,1870,5228,TRUE,1156,1070,Edam
10884,10884_1871,1871,,1070,,,,,1870,5231,TRUE,1164,1070,Edam
10884,10884_1872,1872,,1073,,,,,1870,5242,TRUE,1173,1073,Edam
10884,10884_1873,1873,,1082,,,,,1870,5288,TRUE,1181,1082,Edam
10884,10884_1874,1874,,1084,,,,,1870,5299,TRUE,1190,1084,Edam
10884,10884_1875,1875,,1089,,,,,1880,5321,TRUE,1198,1089,Edam
10884,10884_1876,1876,,1097,,,,,1880,5361,TRUE,1206,1097,Edam
10884,10884_1877,1877,,1122,,,,,1880,5482,TRUE,1215,1122,Edam
10884,10884_1878,1878,,1130,,,,,1880,5517,TRUE,1223,1130,Edam
10884,10884_1879,1879,1279,1232,1082,150,30,55,1880,5600,FALSE,1232,1147,Edam
10884,10884_1880,1880,,1160,,,,,1880,5666,TRUE,1243,1160,Edam
10884,10884_1881,1881,,1176,,,,,1880,5740,TRUE,1254,1176,Edam
10884,10884_1882,1882,,1193,,,,,1880,5824,TRUE,1266,1193,Edam
10884,10884_1883,1883,,1205,,,,,1880,5880,TRUE,1277,1205,Edam
10884,10884_1884,1884,,1223,,,,,1880,5967,TRUE,1289,1223,Edam
10884,10884_1885,1885,,1248,,,,,1880,6089,TRUE,1300,1248,Edam
10884,10884_1886,1886,,1280,,,,,1890,6242,TRUE,1311,1280,Edam
10884,10884_1887,1887,,1297,,,,,1890,6325,TRUE,1323,1297,Edam
10884,10884_1888,1888,,1311,,,,,1890,6394,TRUE,1334,1311,Edam
10884,10884_1889,1889,1454,1346,1193,153,47,75,1890,6325,FALSE,1346,1297,Edam
10884,10884_1890,1890,,1317,,,,,1890,6423,TRUE,1345,1317,Edam
10884,10884_1891,1891,,1329,,,,,1890,6478,TRUE,1344,1329,Edam
10884,10884_1892,1892,,1320,,,,,1890,6438,TRUE,1344,1320,Edam
10884,10884_1893,1893,,1332,,,,,1890,6495,TRUE,1343,1332,Edam
10884,10884_1894,1894,,1337,,,,,1890,6517,TRUE,1343,1337,Edam
10884,10884_1895,1895,,1340,,,,,1900,6534,TRUE,1342,1340,Edam
10884,10884_1896,1896,,1324,,,,,1900,6458,TRUE,1341,1324,Edam
10884,10884_1897,1897,,1323,,,,,1900,6452,TRUE,1341,1323,Edam
10884,10884_1898,1898,,1322,,,,,1900,6444,TRUE,1340,1322,Edam
10884,10884_1899,1899,1481,1340,1184,156,60,72,1900,6444,FALSE,1340,1322,Edam
10884,10884_1900,1900,,1317,,,,,1900,6421,TRUE,,1317,Edam
10884,10884_1901,1901,,1320,,,,,1900,6435,TRUE,,1320,Edam
10884,10884_1902,1902,,1319,,,,,1900,6430,TRUE,,1319,Edam
10884,10884_1903,1903,,1313,,,,,1900,6404,TRUE,,1313,Edam
10884,10884_1904,1904,,1321,,,,,1900,6443,TRUE,,1321,Edam
10884,10884_1905,1905,,1333,,,,,1900,6497,TRUE,,1333,Edam
10884,10884_1906,1906,,1334,,,,,1910,6504,TRUE,,1334,Edam
10884,10884_1907,1907,,1343,,,,,1910,6548,TRUE,,1343,Edam
10884,10884_1908,1908,,1347,,,,,1910,6566,TRUE,,1347,Edam
10884,10884_1909,1909,1595,1359,,,,,1910,6623,TRUE,,1359,Edam
10884,10884_1910,1910,,1371,,,,,1910,6681,TRUE,,1371,Edam
10884,10884_1911,1911,,1386,,,,,1910,6755,TRUE,,1386,Edam
10884,10884_1912,1912,,1387,,,,,1910,6762,TRUE,,1387,Edam
10884,10884_1913,1913,,1414,,,,,1910,6891,TRUE,,1414,Edam
10884,10884_1914,1914,,1451,,,,,1910,7071,TRUE,,1451,Edam
10884,10884_1915,1915,,1461,,,,,1920,7115,TRUE,,1461,Edam
10884,10884_1916,1916,,1482,,,,,1920,7220,TRUE,,1482,Edam
10884,10884_1917,1917,,1515,,,,,1920,7377,TRUE,,1515,Edam
10884,10884_1918,1918,,1525,,,,,1920,7427,TRUE,,1525,Edam
10884,10884_1919,1919,,1531,,,,,1920,7454,TRUE,,1531,Edam
10884,10884_1920,1920,1808,1522,,,,,1920,7412,TRUE,,1522,Edam
10884,10884_1921,1921,,1538,,,,,1920,7490,TRUE,,1538,Edam
10898,10898_1849,1849,98,146,,,,,1850,,FALSE,146,,Vreeland
10898,10898_1850,1850,,,,,,,1850,,TRUE,146,,Vreeland
10898,10898_1851,1851,,122,,,,,1850,653,TRUE,147,122,Vreeland
10898,10898_1852,1852,,124,,,,,1850,662,TRUE,148,124,Vreeland
10898,10898_1853,1853,,125,,,,,1850,666,TRUE,149,125,Vreeland
10898,10898_1854,1854,,132,,,,,1850,700,TRUE,150,132,Vreeland
10898,10898_1855,1855,,134,,,,,1860,713,TRUE,150,134,Vreeland
10898,10898_1856,1856,,131,,,,,1860,696,TRUE,151,131,Vreeland
10898,10898_1857,1857,,136,,,,,1860,719,TRUE,152,136,Vreeland
10898,10898_1858,1858,,139,,,,,1860,736,TRUE,153,139,Vreeland
10898,10898_1859,1859,162,154,,,,,1860,743,FALSE,154,141,Vreeland
10898,10898_1860,1860,,131,,,,,1860,695,TRUE,156,131,Vreeland
10898,10898_1861,1861,,137,,,,,1860,725,TRUE,158,137,Vreeland
10898,10898_1862,1862,,138,,,,,1860,733,TRUE,160,138,Vreeland
10898,10898_1863,1863,,139,,,,,1860,734,TRUE,162,139,Vreeland
10898,10898_1864,1864,,143,,,,,1860,755,TRUE,164,143,Vreeland
10898,10898_1865,1865,,140,,,,,1860,742,TRUE,166,140,Vreeland
10898,10898_1866,1866,,135,,,,,1870,717,TRUE,168,135,Vreeland
10898,10898_1867,1867,,141,,,,,1870,747,TRUE,170,141,Vreeland
10898,10898_1868,1868,,139,,,,,1870,737,TRUE,172,139,Vreeland
10898,10898_1869,1869,172,174,,,,,1870,732,FALSE,174,138,Vreeland
10898,10898_1870,1870,,141,,,,,1870,743,TRUE,174,141,Vreeland
10898,10898_1871,1871,,137,,,,,1870,725,TRUE,174,137,Vreeland
10898,10898_1872,1872,,134,,,,,1870,713,TRUE,174,134,Vreeland
10898,10898_1873,1873,,135,,,,,1870,718,TRUE,174,135,Vreeland
10898,10898_1874,1874,,138,,,,,1870,731,TRUE,174,138,Vreeland
10898,10898_1875,1875,,131,,,,,1880,697,TRUE,174,131,Vreeland
10898,10898_1876,1876,,133,,,,,1880,705,TRUE,174,133,Vreeland
10898,10898_1877,1877,,144,,,,,1880,759,TRUE,174,144,Vreeland
10898,10898_1878,1878,,151,,,,,1880,795,TRUE,174,151,Vreeland
10898,10898_1879,1879,179,174,149,25,,9,1880,780,FALSE,174,148,Vreeland
10898,10898_1880,1880,,151,,,,,1880,794,TRUE,174,151,Vreeland
10898,10898_1881,1881,,158,,,,,1880,826,TRUE,175,158,Vreeland
10898,10898_1882,1882,,159,,,,,1880,834,TRUE,176,159,Vreeland
10898,10898_1883,1883,,159,,,,,1880,833,TRUE,177,159,Vreeland
10898,10898_1884,1884,,160,,,,,1880,839,TRUE,178,160,Vreeland
10898,10898_1885,1885,,161,,,,,1880,843,TRUE,179,161,Vreeland
10898,10898_1886,1886,,161,,,,,1890,841,TRUE,180,161,Vreeland
10898,10898_1887,1887,,160,,,,,1890,838,TRUE,181,160,Vreeland
10898,10898_1888,1888,,158,,,,,1890,829,TRUE,182,158,Vreeland
10898,10898_1889,1889,199,183,164,19,3,13,1890,836,FALSE,183,160,Vreeland
10898,10898_1890,1890,,160,,,,,1890,835,TRUE,183,160,Vreeland
10898,10898_1891,1891,,162,,,,,1890,848,TRUE,183,162,Vreeland
10898,10898_1892,1892,,165,,,,,1890,863,TRUE,184,165,Vreeland
10898,10898_1893,1893,,165,,,,,1890,860,TRUE,184,165,Vreeland
10898,10898_1894,1894,,173,,,,,1890,898,TRUE,185,173,Vreeland
10898,10898_1895,1895,,167,,,,,1900,873,TRUE,185,167,Vreeland
10898,10898_1896,1896,,162,,,,,1900,848,TRUE,185,162,Vreeland
10898,10898_1897,1897,,166,,,,,1900,867,TRUE,186,166,Vreeland
10898,10898_1898,1898,,166,,,,,1900,867,TRUE,186,166,Vreeland
10898,10898_1899,1899,212,187,166,21,5,17,1900,825,FALSE,187,158,Vreeland
10898,10898_1900,1900,,160,,,,,1900,838,TRUE,,160,Vreeland
10898,10898_1901,1901,,162,,,,,1900,848,TRUE,,162,Vreeland
10898,10898_1902,1902,,160,,,,,1900,838,TRUE,,160,Vreeland
10898,10898_1903,1903,,162,,,,,1900,845,TRUE,,162,Vreeland
10898,10898_1904,1904,,161,,,,,1900,844,TRUE,,161,Vreeland
10898,10898_1905,1905,,156,,,,,1900,818,TRUE,,156,Vreeland
10898,10898_1906,1906,,152,,,,,1910,798,TRUE,,152,Vreeland
10898,10898_1907,1907,,153,,,,,1910,805,TRUE,,153,Vreeland
10898,10898_1908,1908,,157,,,,,1910,821,TRUE,,157,Vreeland
10898,10898_1909,1909,195,158,,,,,1910,827,TRUE,,158,Vreeland
10898,10898_1910,1910,,161,,,,,1910,843,TRUE,,161,Vreeland
10898,10898_1911,1911,,158,,,,,1910,826,TRUE,,158,Vreeland
10898,10898_1912,1912,,164,,,,,1910,855,TRUE,,164,Vreeland
10898,10898_1913,1913,,163,,,,,1910,850,TRUE,,163,Vreeland
10898,10898_1914,1914,,168,,,,,1910,874,TRUE,,168,Vreeland
10898,10898_1915,1915,,164,,,,,1920,858,TRUE,,164,Vreeland
10898,10898_1916,1916,,164,,,,,1920,856,TRUE,,164,Vreeland
10898,10898_1917,1917,,160,,,,,1920,835,TRUE,,160,Vreeland
10898,10898_1918,1918,,164,,,,,1920,857,TRUE,,164,Vreeland
10898,10898_1919,1919,,172,,,,,1920,895,TRUE,,172,Vreeland
10898,10898_1920,1920,212,172,,,,,1920,895,TRUE,,172,Vreeland
10898,10898_1921,1921,,175,,,,,1920,908,TRUE,,175,Vreeland
10909,10909_1849,1849,1440,2017,,,,,1850,,FALSE,2017,,Harlingen
10909,10909_1850,1850,,,,,,,1850,,TRUE,2022,,Harlingen
10909,10909_1851,1851,,1790,,,,,1850,8703,TRUE,2028,1790,Harlingen
10909,10909_1852,1852,,1812,,,,,1850,8812,TRUE,2034,1812,Harlingen
10909,10909_1853,1853,,1822,,,,,1850,8859,TRUE,2040,1822,Harlingen
10909,10909_1854,1854,,1874,,,,,1850,9109,TRUE,2046,1874,Harlingen
10909,10909_1855,1855,,1900,,,,,1860,9238,TRUE,2051,1900,Harlingen
10909,10909_1856,1856,,1931,,,,,1860,9385,TRUE,2057,1931,Harlingen
10909,10909_1857,1857,,1965,,,,,1860,9552,TRUE,2063,1965,Harlingen
10909,10909_1858,1858,,1993,,,,,1860,9685,TRUE,2069,1993,Harlingen
10909,10909_1859,1859,1463,2075,,,,,1860,9855,FALSE,2075,2028,Harlingen
10909,10909_1860,1860,,2036,,,,,1860,9891,TRUE,2089,2036,Harlingen
10909,10909_1861,1861,,2067,,,,,1860,10042,TRUE,2103,2067,Harlingen
10909,10909_1862,1862,,2078,,,,,1860,10097,TRUE,2117,2078,Harlingen
10909,10909_1863,1863,,2146,,,,,1860,10424,TRUE,2131,2146,Harlingen
10909,10909_1864,1864,,2149,,,,,1860,10439,TRUE,2146,2149,Harlingen
10909,10909_1865,1865,,2173,,,,,1860,10552,TRUE,2160,2173,Harlingen
10909,10909_1866,1866,,2170,,,,,1870,10538,TRUE,2174,2170,Harlingen
10909,10909_1867,1867,,2162,,,,,1870,10500,TRUE,2188,2162,Harlingen
10909,10909_1868,1868,,2151,,,,,1870,10447,TRUE,2202,2151,Harlingen
10909,10909_1869,1869,3870,2217,,,,,1870,10244,FALSE,2217,2109,Harlingen
10909,10909_1870,1870,,2131,,,,,1870,10350,TRUE,2222,2131,Harlingen
10909,10909_1871,1871,,2187,,,,,1870,10624,TRUE,2228,2187,Harlingen
10909,10909_1872,1872,,2209,,,,,1870,10727,TRUE,2234,2209,Harlingen
10909,10909_1873,1873,,2224,,,,,1870,10799,TRUE,2240,2224,Harlingen
10909,10909_1874,1874,,2234,,,,,1870,10849,TRUE,2246,2234,Harlingen
10909,10909_1875,1875,,2235,,,,,1880,10852,TRUE,2251,2235,Harlingen
10909,10909_1876,1876,,2274,,,,,1880,11043,TRUE,2257,2274,Harlingen
10909,10909_1877,1877,,2264,,,,,1880,10995,TRUE,2263,2264,Harlingen
10909,10909_1878,1878,,2257,,,,,1880,10960,TRUE,2269,2257,Harlingen
10909,10909_1879,1879,1939,2275,1912,363,36,165,1880,10735,FALSE,2275,2210,Harlingen
10909,10909_1880,1880,,2231,,,,,1880,10834,TRUE,2260,2231,Harlingen
10909,10909_1881,1881,,2141,,,,,1880,10400,TRUE,2246,2141,Harlingen
10909,10909_1882,1882,,2152,,,,,1880,10453,TRUE,2232,2152,Harlingen
10909,10909_1883,1883,,2104,,,,,1880,10223,TRUE,2218,2104,Harlingen
10909,10909_1884,1884,,2114,,,,,1880,10268,TRUE,2204,2114,Harlingen
10909,10909_1885,1885,,2121,,,,,1880,10303,TRUE,2189,2121,Harlingen
10909,10909_1886,1886,,2129,,,,,1890,10340,TRUE,2175,2129,Harlingen
10909,10909_1887,1887,,2121,,,,,1890,10301,TRUE,2161,2121,Harlingen
10909,10909_1888,1888,,2115,,,,,1890,10274,TRUE,2147,2115,Harlingen
10909,10909_1889,1889,,2133,1821,312,55,166,1890,10195,FALSE,2133,2099,Harlingen
10909,10909_1890,1890,,2069,,,,,1890,10053,TRUE,2136,2069,Harlingen
10909,10909_1891,1891,,2081,,,,,1890,10110,TRUE,2140,2081,Harlingen
10909,10909_1892,1892,,2105,,,,,1890,10224,TRUE,2143,2105,Harlingen
10909,10909_1893,1893,,2121,,,,,1890,10302,TRUE,2147,2121,Harlingen
10909,10909_1894,1894,,2122,,,,,1890,10308,TRUE,2150,2122,Harlingen
10909,10909_1895,1895,,2141,,,,,1900,10399,TRUE,2154,2141,Harlingen
10909,10909_1896,1896,,2166,,,,,1900,10520,TRUE,2157,2166,Harlingen
10909,10909_1897,1897,,2161,,,,,1900,10496,TRUE,2161,2161,Harlingen
10909,10909_1898,1898,,2172,,,,,1900,10548,TRUE,2164,2172,Harlingen
10909,10909_1899,1899,1933,2168,1877,291,42,182,1900,10267,FALSE,2168,2114,Harlingen
10909,10909_1900,1900,,2135,,,,,1900,10372,TRUE,,2135,Harlingen
10909,10909_1901,1901,,2132,,,,,1900,10356,TRUE,,2132,Harlingen
10909,10909_1902,1902,,2125,,,,,1900,10320,TRUE,,2125,Harlingen
10909,10909_1903,1903,,2128,,,,,1900,10335,TRUE,,2128,Harlingen
10909,10909_1904,1904,,2143,,,,,1900,10408,TRUE,,2143,Harlingen
10909,10909_1905,1905,,2150,,,,,1900,10441,TRUE,,2150,Harlingen
10909,10909_1906,1906,,2127,,,,,1910,10334,TRUE,,2127,Harlingen
10909,10909_1907,1907,,2126,,,,,1910,10329,TRUE,,2126,Harlingen
10909,10909_1908,1908,,2153,,,,,1910,10459,TRUE,,2153,Harlingen
10909,10909_1909,1909,2064,2102,,,,,1910,10209,TRUE,,2102,Harlingen
10909,10909_1910,1910,,2131,,,,,1910,10350,TRUE,,2131,Harlingen
10909,10909_1911,1911,,2166,,,,,1910,10518,TRUE,,2166,Harlingen
10909,10909_1912,1912,,2147,,,,,1910,10430,TRUE,,2147,Harlingen
10909,10909_1913,1913,,2138,,,,,1910,10384,TRUE,,2138,Harlingen
10909,10909_1914,1914,,2151,,,,,1910,10447,TRUE,,2151,Harlingen
10909,10909_1915,1915,,2144,,,,,1920,10414,TRUE,,2144,Harlingen
10909,10909_1916,1916,,2144,,,,,1920,10415,TRUE,,2144,Harlingen
10909,10909_1917,1917,,2166,,,,,1920,10520,TRUE,,2166,Harlingen
10909,10909_1918,1918,,2154,,,,,1920,10463,TRUE,,2154,Harlingen
10909,10909_1919,1919,,2124,,,,,1920,10319,TRUE,,2124,Harlingen
10909,10909_1920,1920,2109,2083,,,,,1920,10122,TRUE,,2083,Harlingen
10909,10909_1921,1921,,2097,,,,,1920,10185,TRUE,,2097,Harlingen
10944,10944_1849,1849,356,364,,,,,1850,,FALSE,364,,Ruinerwold
10944,10944_1850,1850,,,,,,,1850,,TRUE,362,,Ruinerwold
10944,10944_1851,1851,,357,,,,,1850,1786,TRUE,360,357,Ruinerwold
10944,10944_1852,1852,,357,,,,,1850,1789,TRUE,358,357,Ruinerwold
10944,10944_1853,1853,,356,,,,,1850,1781,TRUE,357,356,Ruinerwold
10944,10944_1854,1854,,361,,,,,1850,1809,TRUE,355,361,Ruinerwold
10944,10944_1855,1855,,364,,,,,1860,1822,TRUE,353,364,Ruinerwold
10944,10944_1856,1856,,359,,,,,1860,1796,TRUE,352,359,Ruinerwold
10944,10944_1857,1857,,358,,,,,1860,1791,TRUE,350,358,Ruinerwold
10944,10944_1858,1858,,361,,,,,1860,1805,TRUE,348,361,Ruinerwold
10944,10944_1859,1859,356,347,,,,,1860,1866,FALSE,347,373,Ruinerwold
10944,10944_1860,1860,,375,,,,,1860,1877,TRUE,351,375,Ruinerwold
10944,10944_1861,1861,,374,,,,,1860,1871,TRUE,356,374,Ruinerwold
10944,10944_1862,1862,,377,,,,,1860,1884,TRUE,361,377,Ruinerwold
10944,10944_1863,1863,,384,,,,,1860,1917,TRUE,365,384,Ruinerwold
10944,10944_1864,1864,,390,,,,,1860,1948,TRUE,370,390,Ruinerwold
10944,10944_1865,1865,,390,,,,,1860,1946,TRUE,375,390,Ruinerwold
10944,10944_1866,1866,,392,,,,,1870,1959,TRUE,379,392,Ruinerwold
10944,10944_1867,1867,,398,,,,,1870,1987,TRUE,384,398,Ruinerwold
10944,10944_1868,1868,,393,,,,,1870,1963,TRUE,389,393,Ruinerwold
10944,10944_1869,1869,367,394,,,,,1870,2014,FALSE,394,404,Ruinerwold
10944,10944_1870,1870,,411,,,,,1870,2047,TRUE,397,411,Ruinerwold
10944,10944_1871,1871,,411,,,,,1870,2047,TRUE,401,411,Ruinerwold
10944,10944_1872,1872,,413,,,,,1870,2058,TRUE,405,413,Ruinerwold
10944,10944_1873,1873,,423,,,,,1870,2105,TRUE,408,423,Ruinerwold
10944,10944_1874,1874,,426,,,,,1870,2121,TRUE,412,426,Ruinerwold
10944,10944_1875,1875,,430,,,,,1880,2138,TRUE,416,430,Ruinerwold
10944,10944_1876,1876,,438,,,,,1880,2181,TRUE,419,438,Ruinerwold
10944,10944_1877,1877,,445,,,,,1880,2213,TRUE,423,445,Ruinerwold
10944,10944_1878,1878,,446,,,,,1880,2219,TRUE,427,446,Ruinerwold
10944,10944_1879,1879,444,431,393,38,6,7,1880,2180,FALSE,431,438,Ruinerwold
10944,10944_1880,1880,,446,,,,,1880,2217,TRUE,431,446,Ruinerwold
10944,10944_1881,1881,,451,,,,,1880,2242,TRUE,432,451,Ruinerwold
10944,10944_1882,1882,,451,,,,,1880,2242,TRUE,433,451,Ruinerwold
10944,10944_1883,1883,,452,,,,,1880,2245,TRUE,434,452,Ruinerwold
10944,10944_1884,1884,,455,,,,,1880,2261,TRUE,435,455,Ruinerwold
10944,10944_1885,1885,,456,,,,,1880,2264,TRUE,435,456,Ruinerwold
10944,10944_1886,1886,,457,,,,,1890,2272,TRUE,436,457,Ruinerwold
10944,10944_1887,1887,,464,,,,,1890,2306,TRUE,437,464,Ruinerwold
10944,10944_1888,1888,,467,,,,,1890,2320,TRUE,438,467,Ruinerwold
10944,10944_1889,1889,,439,388,51,6,8,1890,2229,FALSE,439,448,Ruinerwold
10944,10944_1890,1890,,448,,,,,1890,2227,TRUE,442,448,Ruinerwold
10944,10944_1891,1891,,455,,,,,1890,2260,TRUE,445,455,Ruinerwold
10944,10944_1892,1892,,456,,,,,1890,2266,TRUE,448,456,Ruinerwold
10944,10944_1893,1893,,465,,,,,1890,2311,TRUE,451,465,Ruinerwold
10944,10944_1894,1894,,470,,,,,1890,2334,TRUE,455,470,Ruinerwold
10944,10944_1895,1895,,474,,,,,1900,2352,TRUE,458,474,Ruinerwold
10944,10944_1896,1896,,478,,,,,1900,2370,TRUE,461,478,Ruinerwold
10944,10944_1897,1897,,481,,,,,1900,2388,TRUE,464,481,Ruinerwold
10944,10944_1898,1898,,488,,,,,1900,2421,TRUE,467,488,Ruinerwold
10944,10944_1899,1899,484,471,427,44,6,7,1900,2424,FALSE,471,489,Ruinerwold
10944,10944_1900,1900,,495,,,,,1900,2453,TRUE,,495,Ruinerwold
10944,10944_1901,1901,,499,,,,,1900,2475,TRUE,,499,Ruinerwold
10944,10944_1902,1902,,498,,,,,1900,2468,TRUE,,498,Ruinerwold
10944,10944_1903,1903,,501,,,,,1900,2485,TRUE,,501,Ruinerwold
10944,10944_1904,1904,,512,,,,,1900,2535,TRUE,,512,Ruinerwold
10944,10944_1905,1905,,518,,,,,1900,2564,TRUE,,518,Ruinerwold
10944,10944_1906,1906,,519,,,,,1910,2568,TRUE,,519,Ruinerwold
10944,10944_1907,1907,,520,,,,,1910,2575,TRUE,,520,Ruinerwold
10944,10944_1908,1908,,527,,,,,1910,2610,TRUE,,527,Ruinerwold
10944,10944_1909,1909,539,520,,,,,1910,2573,TRUE,,520,Ruinerwold
10944,10944_1910,1910,,525,,,,,1910,2597,TRUE,,525,Ruinerwold
10944,10944_1911,1911,,533,,,,,1910,2636,TRUE,,533,Ruinerwold
10944,10944_1912,1912,,537,,,,,1910,2659,TRUE,,537,Ruinerwold
10944,10944_1913,1913,,544,,,,,1910,2689,TRUE,,544,Ruinerwold
10944,10944_1914,1914,,549,,,,,1910,2716,TRUE,,549,Ruinerwold
10944,10944_1915,1915,,554,,,,,1920,2740,TRUE,,554,Ruinerwold
10944,10944_1916,1916,,559,,,,,1920,2764,TRUE,,559,Ruinerwold
10944,10944_1917,1917,,564,,,,,1920,2787,TRUE,,564,Ruinerwold
10944,10944_1918,1918,,560,,,,,1920,2768,TRUE,,560,Ruinerwold
10944,10944_1919,1919,,550,,,,,1920,2721,TRUE,,550,Ruinerwold
10944,10944_1920,1920,579,549,,,,,1920,2713,TRUE,,549,Ruinerwold
10944,10944_1921,1921,,552,,,,,1920,2727,TRUE,,552,Ruinerwold
10948,10948_1849,1849,,,,,,,1850,,TRUE,,,Amersfoort
10948,10948_1850,1850,,,,,,,1850,,TRUE,,,Amersfoort
10948,10948_1851,1851,,2504,,,,,1850,12154,TRUE,,2504,Amersfoort
10948,10948_1852,1852,,2547,,,,,1850,12360,TRUE,,2547,Amersfoort
10948,10948_1853,1853,,2544,,,,,1850,12346,TRUE,,2544,Amersfoort
10948,10948_1854,1854,,2531,,,,,1850,12282,TRUE,,2531,Amersfoort
10948,10948_1855,1855,,2578,,,,,1860,12507,TRUE,,2578,Amersfoort
10948,10948_1856,1856,,2578,,,,,1860,12507,TRUE,,2578,Amersfoort
10948,10948_1857,1857,,2596,,,,,1860,12596,TRUE,,2596,Amersfoort
10948,10948_1858,1858,,2601,,,,,1860,12621,TRUE,,2601,Amersfoort
10948,10948_1859,1859,2490,2661,,,,,1860,12709,FALSE,2661,2619,Amersfoort
10948,10948_1860,1860,,2617,,,,,1860,12698,TRUE,2694,2617,Amersfoort
10948,10948_1861,1861,,2617,,,,,1860,12699,TRUE,2727,2617,Amersfoort
10948,10948_1862,1862,,2647,,,,,1860,12842,TRUE,2760,2647,Amersfoort
10948,10948_1863,1863,,2695,,,,,1860,13074,TRUE,2793,2695,Amersfoort
10948,10948_1864,1864,,2714,,,,,1860,13164,TRUE,2827,2714,Amersfoort
10948,10948_1865,1865,,2731,,,,,1860,13248,TRUE,2860,2731,Amersfoort
10948,10948_1866,1866,,2718,,,,,1870,13184,TRUE,2893,2718,Amersfoort
10948,10948_1867,1867,,2733,,,,,1870,13258,TRUE,2926,2733,Amersfoort
10948,10948_1868,1868,,2769,,,,,1870,13431,TRUE,2959,2769,Amersfoort
10948,10948_1869,1869,5178,2993,,,,,1870,13266,FALSE,2993,2735,Amersfoort
10948,10948_1870,1870,,2721,,,,,1870,13200,TRUE,2974,2721,Amersfoort
10948,10948_1871,1871,,2685,,,,,1870,13028,TRUE,2955,2685,Amersfoort
10948,10948_1872,1872,,2730,,,,,1870,13243,TRUE,2936,2730,Amersfoort
10948,10948_1873,1873,,2747,,,,,1870,13324,TRUE,2917,2747,Amersfoort
10948,10948_1874,1874,,2763,,,,,1870,13402,TRUE,2898,2763,Amersfoort
10948,10948_1875,1875,,2788,,,,,1880,13524,TRUE,2879,2788,Amersfoort
10948,10948_1876,1876,,2799,,,,,1880,13578,TRUE,2860,2799,Amersfoort
10948,10948_1877,1877,,2815,,,,,1880,13654,TRUE,2841,2815,Amersfoort
10948,10948_1878,1878,,2843,,,,,1880,13786,TRUE,2822,2843,Amersfoort
10948,10948_1879,1879,2776,2803,2369,434,114,245,1880,13704,FALSE,2803,2826,Amersfoort
10948,10948_1880,1880,,2798,,,,,1880,13569,TRUE,2833,2798,Amersfoort
10948,10948_1881,1881,,2820,,,,,1880,13679,TRUE,2864,2820,Amersfoort
10948,10948_1882,1882,,2925,,,,,1880,14182,TRUE,2894,2925,Amersfoort
10948,10948_1883,1883,,3000,,,,,1880,14548,TRUE,2925,3000,Amersfoort
10948,10948_1884,1884,,3064,,,,,1880,14854,TRUE,2955,3064,Amersfoort
10948,10948_1885,1885,,3066,,,,,1880,14863,TRUE,2986,3066,Amersfoort
10948,10948_1886,1886,,3131,,,,,1890,15178,TRUE,3016,3131,Amersfoort
10948,10948_1887,1887,,3139,,,,,1890,15218,TRUE,3047,3139,Amersfoort
10948,10948_1888,1888,,3145,,,,,1890,15244,TRUE,3077,3145,Amersfoort
10948,10948_1889,1889,3394,3108,2650,458,129,160,1890,15380,FALSE,3108,3173,Amersfoort
10948,10948_1890,1890,,3208,,,,,1890,15550,TRUE,3158,3208,Amersfoort
10948,10948_1891,1891,,3312,,,,,1890,16050,TRUE,3208,3312,Amersfoort
10948,10948_1892,1892,,3394,,,,,1890,16449,TRUE,3258,3394,Amersfoort
10948,10948_1893,1893,,3483,,,,,1890,16878,TRUE,3308,3483,Amersfoort
10948,10948_1894,1894,,3531,,,,,1890,17107,TRUE,3358,3531,Amersfoort
10948,10948_1895,1895,,3630,,,,,1900,17586,TRUE,3408,3630,Amersfoort
10948,10948_1896,1896,,3711,,,,,1900,17979,TRUE,3458,3711,Amersfoort
10948,10948_1897,1897,,3781,,,,,1900,18316,TRUE,3508,3781,Amersfoort
10948,10948_1898,1898,,3906,,,,,1900,18920,TRUE,3558,3906,Amersfoort
10948,10948_1899,1899,3756,3609,3112,497,204,232,1900,19089,FALSE,3609,3941,Amersfoort
10948,10948_1900,1900,,4049,,,,,1900,19612,TRUE,3740,4049,Amersfoort
10948,10948_1901,1901,,4238,,,,,1900,20520,TRUE,3871,4238,Amersfoort
10948,10948_1902,1902,,4354,,,,,1900,21082,TRUE,4003,4354,Amersfoort
10948,10948_1903,1903,,4471,,,,,1900,21646,TRUE,4134,4471,Amersfoort
10948,10948_1904,1904,,4656,,,,,1900,22540,TRUE,4266,4656,Amersfoort
10948,10948_1905,1905,,4756,,,,,1900,23021,TRUE,4397,4756,Amersfoort
10948,10948_1906,1906,,4918,,,,,1910,23807,TRUE,4529,4918,Amersfoort
10948,10948_1907,1907,,4979,,,,,1910,24097,TRUE,4660,4979,Amersfoort
10948,10948_1908,1908,,5020,,,,,1910,24296,TRUE,4791,5020,Amersfoort
10948,10948_1909,1909,4852,4880,,,,,1910,23620,TRUE,4923,4880,Amersfoort
10948,10948_1910,1910,,4947,,,,,1910,23945,TRUE,5054,4947,Amersfoort
10948,10948_1911,1911,,4958,,,,,1910,23997,TRUE,5186,4958,Amersfoort
10948,10948_1912,1912,,4994,,,,,1910,24173,TRUE,5317,4994,Amersfoort
10948,10948_1913,1913,,5052,,,,,1910,24451,TRUE,5449,5052,Amersfoort
10948,10948_1914,1914,,5232,,,,,1910,25321,TRUE,5580,5232,Amersfoort
10948,10948_1915,1915,,5356,,,,,1920,25920,TRUE,5711,5356,Amersfoort
10948,10948_1916,1916,,5492,,,,,1920,26576,TRUE,5843,5492,Amersfoort
10948,10948_1917,1917,,5948,,,,,1920,28777,TRUE,5974,5948,Amersfoort
10948,10948_1918,1918,,6147,,,,,1920,29736,TRUE,6106,6147,Amersfoort
10948,10948_1919,1919,,6368,,,,,1920,30804,TRUE,6237,6368,Amersfoort
10948,10948_1920,1920,5987,6369,5761,608,344,606,1920,31130,FALSE,6369,6436,Amersfoort
10948,10948_1921,1921,,6672,,,,,1920,32273,TRUE,,6672,Amersfoort
10962,10962_1849,1849,,,,,,,1850,,TRUE,,,Bergambacht
10962,10962_1850,1850,,,,,,,1850,,TRUE,,,Bergambacht
10962,10962_1851,1851,,348,,,,,1850,1744,TRUE,,348,Bergambacht
10962,10962_1852,1852,,351,,,,,1850,1760,TRUE,,351,Bergambacht
10962,10962_1853,1853,,351,,,,,1850,1761,TRUE,,351,Bergambacht
10962,10962_1854,1854,,360,,,,,1850,1804,TRUE,,360,Bergambacht
10962,10962_1855,1855,,366,,,,,1860,1831,TRUE,,366,Bergambacht
10962,10962_1856,1856,,388,,,,,1860,1939,TRUE,,388,Bergambacht
10962,10962_1857,1857,,404,,,,,1860,2016,TRUE,,404,Bergambacht
10962,10962_1858,1858,,405,,,,,1860,2018,TRUE,,405,Bergambacht
10962,10962_1859,1859,328,404,,,,,1860,2073,FALSE,404,416,Bergambacht
10962,10962_1860,1860,,414,,,,,1860,2061,TRUE,409,414,Bergambacht
10962,10962_1861,1861,,429,,,,,1860,2135,TRUE,415,429,Bergambacht
10962,10962_1862,1862,,428,,,,,1860,2132,TRUE,420,428,Bergambacht
10962,10962_1863,1863,,441,,,,,1860,2192,TRUE,426,441,Bergambacht
10962,10962_1864,1864,,443,,,,,1860,2201,TRUE,431,443,Bergambacht
10962,10962_1865,1865,,443,,,,,1860,2201,TRUE,437,443,Bergambacht
10962,10962_1866,1866,,442,,,,,1870,2199,TRUE,442,442,Bergambacht
10962,10962_1867,1867,,454,,,,,1870,2256,TRUE,448,454,Bergambacht
10962,10962_1868,1868,,458,,,,,1870,2277,TRUE,453,458,Bergambacht
10962,10962_1869,1869,784,459,,,,,1870,2329,FALSE,459,469,Bergambacht
10962,10962_1870,1870,,472,,,,,1870,2345,TRUE,463,472,Bergambacht
10962,10962_1871,1871,,479,,,,,1870,2379,TRUE,467,479,Bergambacht
10962,10962_1872,1872,,486,,,,,1870,2412,TRUE,471,486,Bergambacht
10962,10962_1873,1873,,487,,,,,1870,2415,TRUE,475,487,Bergambacht
10962,10962_1874,1874,,497,,,,,1870,2462,TRUE,479,497,Bergambacht
10962,10962_1875,1875,,493,,,,,1880,2445,TRUE,483,493,Bergambacht
10962,10962_1876,1876,,496,,,,,1880,2460,TRUE,487,496,Bergambacht
10962,10962_1877,1877,,508,,,,,1880,2519,TRUE,491,508,Bergambacht
10962,10962_1878,1878,,511,,,,,1880,2533,TRUE,495,511,Bergambacht
10962,10962_1879,1879,448,499,447,52,12,17,1880,2552,FALSE,499,515,Bergambacht
10962,10962_1880,1880,,531,,,,,1880,2629,TRUE,507,531,Bergambacht
10962,10962_1881,1881,,534,,,,,1880,2644,TRUE,516,534,Bergambacht
10962,10962_1882,1882,,548,,,,,1880,2709,TRUE,524,548,Bergambacht
10962,10962_1883,1883,,552,,,,,1880,2727,TRUE,533,552,Bergambacht
10962,10962_1884,1884,,552,,,,,1880,2730,TRUE,541,552,Bergambacht
10962,10962_1885,1885,,558,,,,,1880,2760,TRUE,550,558,Bergambacht
10962,10962_1886,1886,,573,,,,,1890,2830,TRUE,558,573,Bergambacht
10962,10962_1887,1887,,579,,,,,1890,2858,TRUE,567,579,Bergambacht
10962,10962_1888,1888,,597,,,,,1890,2948,TRUE,575,597,Bergambacht
10962,10962_1889,1889,623,584,510,74,19,20,1890,2903,FALSE,584,588,Bergambacht
10962,10962_1890,1890,,597,,,,,1890,2947,TRUE,585,597,Bergambacht
10962,10962_1891,1891,,601,,,,,1890,2966,TRUE,587,601,Bergambacht
10962,10962_1892,1892,,610,,,,,1890,3008,TRUE,588,610,Bergambacht
10962,10962_1893,1893,,607,,,,,1890,2997,TRUE,590,607,Bergambacht
10962,10962_1894,1894,,611,,,,,1890,3012,TRUE,592,611,Bergambacht
10962,10962_1895,1895,,610,,,,,1900,3010,TRUE,593,610,Bergambacht
10962,10962_1896,1896,,613,,,,,1900,3024,TRUE,595,613,Bergambacht
10962,10962_1897,1897,,616,,,,,1900,3038,TRUE,596,616,Bergambacht
10962,10962_1898,1898,,619,,,,,1900,3053,TRUE,598,619,Bergambacht
10962,10962_1899,1899,607,600,517,83,17,27,1900,3046,FALSE,600,618,Bergambacht
10962,10962_1900,1900,,626,,,,,1900,3087,TRUE,,626,Bergambacht
10962,10962_1901,1901,,628,,,,,1900,3097,TRUE,,628,Bergambacht
10962,10962_1902,1902,,638,,,,,1900,3145,TRUE,,638,Bergambacht
10962,10962_1903,1903,,652,,,,,1900,3212,TRUE,,652,Bergambacht
10962,10962_1904,1904,,654,,,,,1900,3220,TRUE,,654,Bergambacht
10962,10962_1905,1905,,654,,,,,1900,3220,TRUE,,654,Bergambacht
10962,10962_1906,1906,,647,,,,,1910,3186,TRUE,,647,Bergambacht
10962,10962_1907,1907,,661,,,,,1910,3257,TRUE,,661,Bergambacht
10962,10962_1908,1908,,657,,,,,1910,3237,TRUE,,657,Bergambacht
10962,10962_1909,1909,700,655,,,,,1910,3227,TRUE,,655,Bergambacht
10962,10962_1910,1910,,654,,,,,1910,3224,TRUE,,654,Bergambacht
10962,10962_1911,1911,,660,,,,,1910,3252,TRUE,,660,Bergambacht
10962,10962_1912,1912,,662,,,,,1910,3260,TRUE,,662,Bergambacht
10962,10962_1913,1913,,663,,,,,1910,3263,TRUE,,663,Bergambacht
10962,10962_1914,1914,,671,,,,,1910,3306,TRUE,,671,Bergambacht
10962,10962_1915,1915,,682,,,,,1920,3356,TRUE,,682,Bergambacht
10962,10962_1916,1916,,680,,,,,1920,3346,TRUE,,680,Bergambacht
10962,10962_1917,1917,,696,,,,,1920,3425,TRUE,,696,Bergambacht
10962,10962_1918,1918,,699,,,,,1920,3437,TRUE,,699,Bergambacht
10962,10962_1919,1919,,704,,,,,1920,3461,TRUE,,704,Bergambacht
10962,10962_1920,1920,776,704,,,,,1920,3461,TRUE,,704,Bergambacht
10962,10962_1921,1921,,708,,,,,1920,3481,TRUE,,708,Bergambacht
11006,11006_1849,1849,227,255,,,,,1850,,FALSE,255,,Bladel en Netersel
11006,11006_1850,1850,,,,,,,1850,,TRUE,257,,Bladel en Netersel
11006,11006_1851,1851,,254,,,,,1850,1290,TRUE,259,254,Bladel en Netersel
11006,11006_1852,1852,,255,,,,,1850,1297,TRUE,261,255,Bladel en Netersel
11006,11006_1853,1853,,259,,,,,1850,1314,TRUE,263,259,Bladel en Netersel
11006,11006_1854,1854,,263,,,,,1850,1333,TRUE,265,263,Bladel en Netersel
11006,11006_1855,1855,,266,,,,,1860,1348,TRUE,267,266,Bladel en Netersel
11006,11006_1856,1856,,270,,,,,1860,1368,TRUE,269,270,Bladel en Netersel
11006,11006_1857,1857,,277,,,,,1860,1401,TRUE,271,277,Bladel en Netersel
11006,11006_1858,1858,,280,,,,,1860,1416,TRUE,273,280,Bladel en Netersel
11006,11006_1859,1859,252,275,,,,,1860,1424,FALSE,275,282,Bladel en Netersel
11006,11006_1860,1860,,272,,,,,1860,1376,TRUE,276,272,Bladel en Netersel
11006,11006_1861,1861,,276,,,,,1860,1397,TRUE,277,276,Bladel en Netersel
11006,11006_1862,1862,,294,,,,,1860,1486,TRUE,278,294,Bladel en Netersel
11006,11006_1863,1863,,298,,,,,1860,1502,TRUE,279,298,Bladel en Netersel
11006,11006_1864,1864,,303,,,,,1860,1529,TRUE,281,303,Bladel en Netersel
11006,11006_1865,1865,,304,,,,,1860,1530,TRUE,282,304,Bladel en Netersel
11006,11006_1866,1866,,309,,,,,1870,1555,TRUE,283,309,Bladel en Netersel
11006,11006_1867,1867,,314,,,,,1870,1580,TRUE,284,314,Bladel en Netersel
11006,11006_1868,1868,,318,,,,,1870,1601,TRUE,285,318,Bladel en Netersel
11006,11006_1869,1869,286,287,,,,,1870,1374,FALSE,287,271,Bladel en Netersel
11006,11006_1870,1870,,267,,,,,1870,1352,TRUE,284,267,Bladel en Netersel
11006,11006_1871,1871,,265,,,,,1870,1345,TRUE,281,265,Bladel en Netersel
11006,11006_1872,1872,,269,,,,,1870,1362,TRUE,278,269,Bladel en Netersel
11006,11006_1873,1873,,270,,,,,1870,1366,TRUE,275,270,Bladel en Netersel
11006,11006_1874,1874,,274,,,,,1870,1386,TRUE,272,274,Bladel en Netersel
11006,11006_1875,1875,,273,,,,,1880,1381,TRUE,269,273,Bladel en Netersel
11006,11006_1876,1876,,273,,,,,1880,1383,TRUE,266,273,Bladel en Netersel
11006,11006_1877,1877,,265,,,,,1880,1346,TRUE,263,265,Bladel en Netersel
11006,11006_1878,1878,,269,,,,,1880,1362,TRUE,260,269,Bladel en Netersel
11006,11006_1879,1879,275,258,218,40,5,11,1880,1293,FALSE,258,254,Bladel en Netersel
11006,11006_1880,1880,,252,,,,,1880,1283,TRUE,258,252,Bladel en Netersel
11006,11006_1881,1881,,256,,,,,1880,1300,TRUE,259,256,Bladel en Netersel
11006,11006_1882,1882,,259,,,,,1880,1315,TRUE,259,259,Bladel en Netersel
11006,11006_1883,1883,,263,,,,,1880,1334,TRUE,260,263,Bladel en Netersel
11006,11006_1884,1884,,261,,,,,1880,1324,TRUE,261,261,Bladel en Netersel
11006,11006_1885,1885,,266,,,,,1880,1348,TRUE,261,266,Bladel en Netersel
11006,11006_1886,1886,,268,,,,,1890,1359,TRUE,262,268,Bladel en Netersel
11006,11006_1887,1887,,272,,,,,1890,1379,TRUE,262,272,Bladel en Netersel
11006,11006_1888,1888,,271,,,,,1890,1372,TRUE,263,271,Bladel en Netersel
11006,11006_1889,1889,275,264,222,42,9,7,1890,1341,FALSE,264,264,Bladel en Netersel
11006,11006_1890,1890,,266,,,,,1890,1348,TRUE,265,266,Bladel en Netersel
11006,11006_1891,1891,,269,,,,,1890,1361,TRUE,266,269,Bladel en Netersel
11006,11006_1892,1892,,268,,,,,1890,1358,TRUE,267,268,Bladel en Netersel
11006,11006_1893,1893,,271,,,,,1890,1375,TRUE,268,271,Bladel en Netersel
11006,11006_1894,1894,,272,,,,,1890,1380,TRUE,270,272,Bladel en Netersel
11006,11006_1895,1895,,270,,,,,1900,1366,TRUE,271,270,Bladel en Netersel
11006,11006_1896,1896,,274,,,,,1900,1388,TRUE,272,274,Bladel en Netersel
11006,11006_1897,1897,,273,,,,,1900,1382,TRUE,273,273,Bladel en Netersel
11006,11006_1898,1898,,277,,,,,1900,1402,TRUE,274,277,Bladel en Netersel
11006,11006_1899,1899,289,276,234,42,7,11,1900,1408,FALSE,276,278,Bladel en Netersel
11006,11006_1900,1900,,283,,,,,1900,1430,TRUE,,283,Bladel en Netersel
11006,11006_1901,1901,,287,,,,,1900,1452,TRUE,,287,Bladel en Netersel
11006,11006_1902,1902,,290,,,,,1900,1465,TRUE,,290,Bladel en Netersel
11006,11006_1903,1903,,299,,,,,1900,1506,TRUE,,299,Bladel en Netersel
11006,11006_1904,1904,,298,,,,,1900,1502,TRUE,,298,Bladel en Netersel
11006,11006_1905,1905,,296,,,,,1900,1494,TRUE,,296,Bladel en Netersel
11006,11006_1906,1906,,302,,,,,1910,1522,TRUE,,302,Bladel en Netersel
11006,11006_1907,1907,,304,,,,,1910,1533,TRUE,,304,Bladel en Netersel
11006,11006_1908,1908,,306,,,,,1910,1543,TRUE,,306,Bladel en Netersel
11006,11006_1909,1909,313,309,,,,,1910,1557,TRUE,,309,Bladel en Netersel
11006,11006_1910,1910,,310,,,,,1910,1563,TRUE,,310,Bladel en Netersel
11006,11006_1911,1911,,322,,,,,1910,1617,TRUE,,322,Bladel en Netersel
11006,11006_1912,1912,,320,,,,,1910,1607,TRUE,,320,Bladel en Netersel
11006,11006_1913,1913,,325,,,,,1910,1632,TRUE,,325,Bladel en Netersel
11006,11006_1914,1914,,337,,,,,1910,1693,TRUE,,337,Bladel en Netersel
11006,11006_1915,1915,,344,,,,,1920,1727,TRUE,,344,Bladel en Netersel
11006,11006_1916,1916,,346,,,,,1920,1733,TRUE,,346,Bladel en Netersel
11006,11006_1917,1917,,354,,,,,1920,1775,TRUE,,354,Bladel en Netersel
11006,11006_1918,1918,,361,,,,,1920,1805,TRUE,,361,Bladel en Netersel
11006,11006_1919,1919,,364,,,,,1920,1822,TRUE,,364,Bladel en Netersel
11006,11006_1920,1920,351,377,,,,,1920,1886,TRUE,,377,Bladel en Netersel
11006,11006_1921,1921,,378,,,,,1920,1888,TRUE,,378,Bladel en Netersel
11017,11017_1849,1849,280,320,,,,,1850,,FALSE,320,,Leende
11017,11017_1850,1850,,,,,,,1850,,TRUE,319,,Leende
11017,11017_1851,1851,,307,,,,,1850,1549,TRUE,319,307,Leende
11017,11017_1852,1852,,306,,,,,1850,1543,TRUE,319,306,Leende
11017,11017_1853,1853,,295,,,,,1850,1487,TRUE,319,295,Leende
11017,11017_1854,1854,,294,,,,,1850,1483,TRUE,319,294,Leende
11017,11017_1855,1855,,292,,,,,1860,1476,TRUE,318,292,Leende
11017,11017_1856,1856,,294,,,,,1860,1486,TRUE,318,294,Leende
11017,11017_1857,1857,,298,,,,,1860,1503,TRUE,318,298,Leende
11017,11017_1858,1858,,303,,,,,1860,1528,TRUE,318,303,Leende
11017,11017_1859,1859,317,318,,,,,1860,1466,FALSE,318,290,Leende
11017,11017_1860,1860,,288,,,,,1860,1453,TRUE,316,288,Leende
11017,11017_1861,1861,,292,,,,,1860,1474,TRUE,315,292,Leende
11017,11017_1862,1862,,292,,,,,1860,1476,TRUE,314,292,Leende
11017,11017_1863,1863,,297,,,,,1860,1499,TRUE,313,297,Leende
11017,11017_1864,1864,,295,,,,,1860,1488,TRUE,312,295,Leende
11017,11017_1865,1865,,291,,,,,1860,1471,TRUE,310,291,Leende
11017,11017_1866,1866,,290,,,,,1870,1463,TRUE,309,290,Leende
11017,11017_1867,1867,,295,,,,,1870,1488,TRUE,308,295,Leende
11017,11017_1868,1868,,295,,,,,1870,1488,TRUE,307,295,Leende
11017,11017_1869,1869,306,306,,,,,1870,1391,FALSE,306,275,Leende
11017,11017_1870,1870,,271,,,,,1870,1372,TRUE,304,271,Leende
11017,11017_1871,1871,,273,,,,,1870,1382,TRUE,302,273,Leende
11017,11017_1872,1872,,270,,,,,1870,1370,TRUE,300,270,Leende
11017,11017_1873,1873,,278,,,,,1870,1408,TRUE,298,278,Leende
11017,11017_1874,1874,,277,,,,,1870,1404,TRUE,296,277,Leende
11017,11017_1875,1875,,275,,,,,1880,1393,TRUE,294,275,Leende
11017,11017_1876,1876,,274,,,,,1880,1389,TRUE,292,274,Leende
11017,11017_1877,1877,,275,,,,,1880,1391,TRUE,290,275,Leende
11017,11017_1878,1878,,278,,,,,1880,1406,TRUE,288,278,Leende
11017,11017_1879,1879,305,287,234,53,9,10,1880,1369,FALSE,287,270,Leende
11017,11017_1880,1880,,274,,,,,1880,1385,TRUE,286,274,Leende
11017,11017_1881,1881,,275,,,,,1880,1394,TRUE,286,275,Leende
11017,11017_1882,1882,,284,,,,,1880,1436,TRUE,285,284,Leende
11017,11017_1883,1883,,287,,,,,1880,1449,TRUE,285,287,Leende
11017,11017_1884,1884,,285,,,,,1880,1441,TRUE,285,285,Leende
11017,11017_1885,1885,,285,,,,,1880,1442,TRUE,284,285,Leende
11017,11017_1886,1886,,282,,,,,1890,1427,TRUE,284,282,Leende
11017,11017_1887,1887,,285,,,,,1890,1442,TRUE,283,285,Leende
11017,11017_1888,1888,,284,,,,,1890,1436,TRUE,283,284,Leende
11017,11017_1889,1889,296,283,236,47,7,6,1890,1313,FALSE,283,259,Leende
11017,11017_1890,1890,,253,,,,,1890,1285,TRUE,280,253,Leende
11017,11017_1891,1891,,248,,,,,1890,1264,TRUE,278,248,Leende
11017,11017_1892,1892,,247,,,,,1890,1256,TRUE,276,247,Leende
11017,11017_1893,1893,,247,,,,,1890,1258,TRUE,274,247,Leende
11017,11017_1894,1894,,245,,,,,1890,1247,TRUE,272,245,Leende
11017,11017_1895,1895,,243,,,,,1900,1236,TRUE,270,243,Leende
11017,11017_1896,1896,,247,,,,,1900,1256,TRUE,268,247,Leende
11017,11017_1897,1897,,252,,,,,1900,1279,TRUE,266,252,Leende
11017,11017_1898,1898,,249,,,,,1900,1269,TRUE,264,249,Leende
11017,11017_1899,1899,271,262,220,42,7,9,1900,1254,FALSE,262,246,Leende
11017,11017_1900,1900,,245,,,,,1900,1247,TRUE,,245,Leende
11017,11017_1901,1901,,241,,,,,1900,1227,TRUE,,241,Leende
11017,11017_1902,1902,,243,,,,,1900,1239,TRUE,,243,Leende
11017,11017_1903,1903,,247,,,,,1900,1259,TRUE,,247,Leende
11017,11017_1904,1904,,247,,,,,1900,1258,TRUE,,247,Leende
11017,11017_1905,1905,,251,,,,,1900,1276,TRUE,,251,Leende
11017,11017_1906,1906,,253,,,,,1910,1286,TRUE,,253,Leende
11017,11017_1907,1907,,257,,,,,1910,1303,TRUE,,257,Leende
11017,11017_1908,1908,,253,,,,,1910,1286,TRUE,,253,Leende
11017,11017_1909,1909,265,259,,,,,1910,1313,TRUE,,259,Leende
11017,11017_1910,1910,,264,,,,,1910,1340,TRUE,,264,Leende
11017,11017_1911,1911,,264,,,,,1910,1339,TRUE,,264,Leende
11017,11017_1912,1912,,273,,,,,1910,1383,TRUE,,273,Leende
11017,11017_1913,1913,,277,,,,,1910,1401,TRUE,,277,Leende
11017,11017_1914,1914,,283,,,,,1910,1429,TRUE,,283,Leende
11017,11017_1915,1915,,285,,,,,1920,1438,TRUE,,285,Leende
11017,11017_1916,1916,,295,,,,,1920,1488,TRUE,,295,Leende
11017,11017_1917,1917,,310,,,,,1920,1562,TRUE,,310,Leende
11017,11017_1918,1918,,313,,,,,1920,1575,TRUE,,313,Leende
11017,11017_1919,1919,,306,,,,,1920,1541,TRUE,,306,Leende
11017,11017_1920,1920,629,308,,,,,1920,1552,TRUE,,308,Leende
11017,11017_1921,1921,,316,,,,,1920,1592,TRUE,,316,Leende
11020,11020_1849,1849,282,369,,,,,1850,,FALSE,369,,Aardenburg
11020,11020_1850,1850,,,,,,,1850,,TRUE,365,,Aardenburg
11020,11020_1851,1851,,315,,,,,1850,1587,TRUE,362,315,Aardenburg
11020,11020_1852,1852,,324,,,,,1850,1628,TRUE,359,324,Aardenburg
11020,11020_1853,1853,,333,,,,,1850,1671,TRUE,356,333,Aardenburg
11020,11020_1854,1854,,323,,,,,1850,1624,TRUE,353,323,Aardenburg
11020,11020_1855,1855,,321,,,,,1860,1612,TRUE,349,321,Aardenburg
11020,11020_1856,1856,,320,,,,,1860,1610,TRUE,346,320,Aardenburg
11020,11020_1857,1857,,330,,,,,1860,1659,TRUE,343,330,Aardenburg
11020,11020_1858,1858,,325,,,,,1860,1633,TRUE,340,325,Aardenburg
11020,11020_1859,1859,308,337,,,,,1860,1626,FALSE,337,323,Aardenburg
11020,11020_1860,1860,,333,,,,,1860,1672,TRUE,337,333,Aardenburg
11020,11020_1861,1861,,337,,,,,1860,1692,TRUE,338,337,Aardenburg
11020,11020_1862,1862,,336,,,,,1860,1688,TRUE,339,336,Aardenburg
11020,11020_1863,1863,,336,,,,,1860,1688,TRUE,340,336,Aardenburg
11020,11020_1864,1864,,353,,,,,1860,1768,TRUE,341,353,Aardenburg
11020,11020_1865,1865,,349,,,,,1860,1750,TRUE,342,349,Aardenburg
11020,11020_1866,1866,,346,,,,,1870,1737,TRUE,343,346,Aardenburg
11020,11020_1867,1867,,344,,,,,1870,1723,TRUE,344,344,Aardenburg
11020,11020_1868,1868,,350,,,,,1870,1753,TRUE,345,350,Aardenburg
11020,11020_1869,1869,339,346,,,,,1870,1711,FALSE,346,341,Aardenburg
11020,11020_1870,1870,,333,,,,,1870,1670,TRUE,347,333,Aardenburg
11020,11020_1871,1871,,332,,,,,1870,1668,TRUE,349,332,Aardenburg
11020,11020_1872,1872,,331,,,,,1870,1664,TRUE,350,331,Aardenburg
11020,11020_1873,1873,,331,,,,,1870,1663,TRUE,352,331,Aardenburg
11020,11020_1874,1874,,347,,,,,1870,1738,TRUE,353,347,Aardenburg
11020,11020_1875,1875,,347,,,,,1880,1739,TRUE,355,347,Aardenburg
11020,11020_1876,1876,,354,,,,,1880,1774,TRUE,356,354,Aardenburg
11020,11020_1877,1877,,353,,,,,1880,1769,TRUE,358,353,Aardenburg
11020,11020_1878,1878,,351,,,,,1880,1758,TRUE,359,351,Aardenburg
11020,11020_1879,1879,366,361,289,72,9,19,1880,1819,FALSE,361,363,Aardenburg
11020,11020_1880,1880,,758,,,,,1880,3722,TRUE,364,758,Aardenburg
11020,11020_1881,1881,,363,,,,,1880,1819,TRUE,367,363,Aardenburg
11020,11020_1882,1882,,358,,,,,1880,1793,TRUE,370,358,Aardenburg
11020,11020_1883,1883,,364,,,,,1880,1821,TRUE,374,364,Aardenburg
11020,11020_1884,1884,,372,,,,,1880,1858,TRUE,377,372,Aardenburg
11020,11020_1885,1885,,379,,,,,1880,1894,TRUE,380,379,Aardenburg
11020,11020_1886,1886,,383,,,,,1890,1913,TRUE,384,383,Aardenburg
11020,11020_1887,1887,,400,,,,,1890,1997,TRUE,387,400,Aardenburg
11020,11020_1888,1888,,398,,,,,1890,1985,TRUE,390,398,Aardenburg
11020,11020_1889,1889,,394,318,76,7,21,1890,1947,FALSE,394,390,Aardenburg
11020,11020_1890,1890,,393,,,,,1890,1962,TRUE,396,393,Aardenburg
11020,11020_1891,1891,,391,,,,,1890,1954,TRUE,398,391,Aardenburg
11020,11020_1892,1892,,378,,,,,1890,1889,TRUE,400,378,Aardenburg
11020,11020_1893,1893,,380,,,,,1890,1900,TRUE,402,380,Aardenburg
11020,11020_1894,1894,,383,,,,,1890,1912,TRUE,405,383,Aardenburg
11020,11020_1895,1895,,385,,,,,1900,1921,TRUE,407,385,Aardenburg
11020,11020_1896,1896,,391,,,,,1900,1950,TRUE,409,391,Aardenburg
11020,11020_1897,1897,,392,,,,,1900,1958,TRUE,411,392,Aardenburg
11020,11020_1898,1898,,395,,,,,1900,1972,TRUE,413,395,Aardenburg
11020,11020_1899,1899,436,416,349,67,16,21,1900,1985,FALSE,416,398,Aardenburg
11020,11020_1900,1900,,393,,,,,1900,1964,TRUE,,393,Aardenburg
11020,11020_1901,1901,,404,,,,,1900,2016,TRUE,,404,Aardenburg
11020,11020_1902,1902,,406,,,,,1900,2026,TRUE,,406,Aardenburg
11020,11020_1903,1903,,401,,,,,1900,2000,TRUE,,401,Aardenburg
11020,11020_1904,1904,,403,,,,,1900,2009,TRUE,,403,Aardenburg
11020,11020_1905,1905,,399,,,,,1900,1992,TRUE,,399,Aardenburg
11020,11020_1906,1906,,402,,,,,1910,2007,TRUE,,402,Aardenburg
11020,11020_1907,1907,,406,,,,,1910,2025,TRUE,,406,Aardenburg
11020,11020_1908,1908,,412,,,,,1910,2052,TRUE,,412,Aardenburg
11020,11020_1909,1909,402,408,,,,,1910,2036,TRUE,,408,Aardenburg
11020,11020_1910,1910,,407,,,,,1910,2027,TRUE,,407,Aardenburg
11020,11020_1911,1911,,409,,,,,1910,2039,TRUE,,409,Aardenburg
11020,11020_1912,1912,,416,,,,,1910,2071,TRUE,,416,Aardenburg
11020,11020_1913,1913,,422,,,,,1910,2103,TRUE,,422,Aardenburg
11020,11020_1914,1914,,434,,,,,1910,2160,TRUE,,434,Aardenburg
11020,11020_1915,1915,,441,,,,,1920,2195,TRUE,,441,Aardenburg
11020,11020_1916,1916,,445,,,,,1920,2214,TRUE,,445,Aardenburg
11020,11020_1917,1917,,451,,,,,1920,2242,TRUE,,451,Aardenburg
11020,11020_1918,1918,,457,,,,,1920,2269,TRUE,,457,Aardenburg
11020,11020_1919,1919,,454,,,,,1920,2257,TRUE,,454,Aardenburg
11020,11020_1920,1920,536,429,,,,,1920,2136,TRUE,,429,Aardenburg
11020,11020_1921,1921,,432,,,,,1920,2152,TRUE,,432,Aardenburg
11048,11048_1849,1849,303,418,,,,,1850,,FALSE,418,,Vinkeveen en Waverveen
11048,11048_1850,1850,,,,,,,1850,,TRUE,423,,Vinkeveen en Waverveen
11048,11048_1851,1851,,413,,,,,1850,2058,TRUE,428,413,Vinkeveen en Waverveen
11048,11048_1852,1852,,418,,,,,1850,2080,TRUE,434,418,Vinkeveen en Waverveen
11048,11048_1853,1853,,421,,,,,1850,2098,TRUE,439,421,Vinkeveen en Waverveen
11048,11048_1854,1854,,430,,,,,1850,2140,TRUE,445,430,Vinkeveen en Waverveen
11048,11048_1855,1855,,434,,,,,1860,2158,TRUE,450,434,Vinkeveen en Waverveen
11048,11048_1856,1856,,439,,,,,1860,2185,TRUE,455,439,Vinkeveen en Waverveen
11048,11048_1857,1857,,450,,,,,1860,2235,TRUE,461,450,Vinkeveen en Waverveen
11048,11048_1858,1858,,454,,,,,1860,2255,TRUE,466,454,Vinkeveen en Waverveen
11048,11048_1859,1859,328,472,,,,,1860,2174,FALSE,472,437,Vinkeveen en Waverveen
11048,11048_1860,1860,,456,,,,,1860,2265,TRUE,481,456,Vinkeveen en Waverveen
11048,11048_1861,1861,,470,,,,,1860,2332,TRUE,490,470,Vinkeveen en Waverveen
11048,11048_1862,1862,,480,,,,,1860,2383,TRUE,500,480,Vinkeveen en Waverveen
11048,11048_1863,1863,,489,,,,,1860,2423,TRUE,509,489,Vinkeveen en Waverveen
11048,11048_1864,1864,,500,,,,,1860,2480,TRUE,518,500,Vinkeveen en Waverveen
11048,11048_1865,1865,,510,,,,,1860,2525,TRUE,528,510,Vinkeveen en Waverveen
11048,11048_1866,1866,,495,,,,,1870,2456,TRUE,537,495,Vinkeveen en Waverveen
11048,11048_1867,1867,,498,,,,,1870,2470,TRUE,546,498,Vinkeveen en Waverveen
11048,11048_1868,1868,,496,,,,,1870,2458,TRUE,556,496,Vinkeveen en Waverveen
11048,11048_1869,1869,,496,,,,,1870,2461,TRUE,565,496,Vinkeveen en Waverveen
11048,11048_1870,1870,,500,,,,,1870,2477,TRUE,574,500,Vinkeveen en Waverveen
11048,11048_1871,1871,,490,,,,,1870,2432,TRUE,584,490,Vinkeveen en Waverveen
11048,11048_1872,1872,,496,,,,,1870,2460,TRUE,593,496,Vinkeveen en Waverveen
11048,11048_1873,1873,,505,,,,,1870,2504,TRUE,602,505,Vinkeveen en Waverveen
11048,11048_1874,1874,,518,,,,,1870,2564,TRUE,612,518,Vinkeveen en Waverveen
11048,11048_1875,1875,,524,,,,,1880,2596,TRUE,621,524,Vinkeveen en Waverveen
11048,11048_1876,1876,,533,,,,,1880,2639,TRUE,630,533,Vinkeveen en Waverveen
11048,11048_1877,1877,,562,,,,,1880,2777,TRUE,640,562,Vinkeveen en Waverveen
11048,11048_1878,1878,,606,,,,,1880,2991,TRUE,649,606,Vinkeveen en Waverveen
11048,11048_1879,1879,687,659,607,52,13,29,1880,3140,FALSE,659,637,Vinkeveen en Waverveen
11048,11048_1880,1880,,649,,,,,1880,3197,TRUE,670,649,Vinkeveen en Waverveen
11048,11048_1881,1881,,657,,,,,1880,3234,TRUE,682,657,Vinkeveen en Waverveen
11048,11048_1882,1882,,739,,,,,1880,3633,TRUE,693,739,Vinkeveen en Waverveen
11048,11048_1883,1883,,728,,,,,1880,3579,TRUE,705,728,Vinkeveen en Waverveen
11048,11048_1884,1884,,728,,,,,1880,3578,TRUE,717,728,Vinkeveen en Waverveen
11048,11048_1885,1885,,739,,,,,1880,3633,TRUE,728,739,Vinkeveen en Waverveen
11048,11048_1886,1886,,752,,,,,1890,3694,TRUE,740,752,Vinkeveen en Waverveen
11048,11048_1887,1887,,762,,,,,1890,3742,TRUE,751,762,Vinkeveen en Waverveen
11048,11048_1888,1888,,777,,,,,1890,3816,TRUE,763,777,Vinkeveen en Waverveen
11048,11048_1889,1889,816,775,694,81,16,22,1890,3864,FALSE,775,787,Vinkeveen en Waverveen
11048,11048_1890,1890,,791,,,,,1890,3881,TRUE,,791,Vinkeveen en Waverveen
11048,11048_1891,1891,,793,,,,,1890,3895,TRUE,,793,Vinkeveen en Waverveen
11048,11048_1892,1892,,788,,,,,1890,3868,TRUE,,788,Vinkeveen en Waverveen
11048,11048_1893,1893,,804,,,,,1890,3945,TRUE,,804,Vinkeveen en Waverveen
11048,11048_1894,1894,,815,,,,,1890,4000,TRUE,,815,Vinkeveen en Waverveen
11048,11048_1895,1895,,812,,,,,1900,3983,TRUE,,812,Vinkeveen en Waverveen
11048,11048_1896,1896,,795,,,,,1900,3902,TRUE,,795,Vinkeveen en Waverveen
11048,11048_1897,1897,,797,,,,,1900,3913,TRUE,,797,Vinkeveen en Waverveen
11048,11048_1898,1898,,805,,,,,1900,3952,TRUE,,805,Vinkeveen en Waverveen
11048,11048_1899,1899,739,767,,,,,1900,3767,TRUE,,767,Vinkeveen en Waverveen
11048,11048_1900,1900,,757,,,,,1900,3717,TRUE,,757,Vinkeveen en Waverveen
11048,11048_1901,1901,,770,,,,,1900,3780,TRUE,,770,Vinkeveen en Waverveen
11048,11048_1902,1902,,772,,,,,1900,3793,TRUE,,772,Vinkeveen en Waverveen
11048,11048_1903,1903,,775,,,,,1900,3804,TRUE,,775,Vinkeveen en Waverveen
11048,11048_1904,1904,,771,,,,,1900,3788,TRUE,,771,Vinkeveen en Waverveen
11048,11048_1905,1905,,775,,,,,1900,3806,TRUE,,775,Vinkeveen en Waverveen
11048,11048_1906,1906,,788,,,,,1910,3868,TRUE,,788,Vinkeveen en Waverveen
11048,11048_1907,1907,,795,,,,,1910,3904,TRUE,,795,Vinkeveen en Waverveen
11048,11048_1908,1908,,805,,,,,1910,3952,TRUE,,805,Vinkeveen en Waverveen
11048,11048_1909,1909,780,794,,,,,1910,3899,TRUE,,794,Vinkeveen en Waverveen
11048,11048_1910,1910,,807,,,,,1910,3961,TRUE,,807,Vinkeveen en Waverveen
11048,11048_1911,1911,,809,,,,,1910,3969,TRUE,,809,Vinkeveen en Waverveen
11048,11048_1912,1912,,793,,,,,1910,3893,TRUE,,793,Vinkeveen en Waverveen
11048,11048_1913,1913,,806,,,,,1910,3956,TRUE,,806,Vinkeveen en Waverveen
11048,11048_1914,1914,,809,,,,,1910,3969,TRUE,,809,Vinkeveen en Waverveen
11048,11048_1915,1915,,834,,,,,1920,4090,TRUE,,834,Vinkeveen en Waverveen
11048,11048_1916,1916,,845,,,,,1920,4142,TRUE,,845,Vinkeveen en Waverveen
11048,11048_1917,1917,,851,,,,,1920,4174,TRUE,,851,Vinkeveen en Waverveen
11048,11048_1918,1918,,861,,,,,1920,4219,TRUE,,861,Vinkeveen en Waverveen
11048,11048_1919,1919,,866,,,,,1920,4246,TRUE,,866,Vinkeveen en Waverveen
11048,11048_1920,1920,846,858,,,,,1920,4206,TRUE,,858,Vinkeveen en Waverveen
11048,11048_1921,1921,,855,,,,,1920,4193,TRUE,,855,Vinkeveen en Waverveen
11064,11064_1849,1849,165,188,,,,,1850,,FALSE,188,,Varik
11064,11064_1850,1850,,,,,,,1850,,TRUE,189,,Varik
11064,11064_1851,1851,,191,,,,,1850,989,TRUE,191,191,Varik
11064,11064_1852,1852,,195,,,,,1850,1004,TRUE,192,195,Varik
11064,11064_1853,1853,,195,,,,,1850,1005,TRUE,194,195,Varik
11064,11064_1854,1854,,204,,,,,1850,1047,TRUE,196,204,Varik
11064,11064_1855,1855,,201,,,,,1860,1033,TRUE,197,201,Varik
11064,11064_1856,1856,,207,,,,,1860,1065,TRUE,199,207,Varik
11064,11064_1857,1857,,209,,,,,1860,1075,TRUE,200,209,Varik
11064,11064_1858,1858,,203,,,,,1860,1045,TRUE,202,203,Varik
11064,11064_1859,1859,196,204,,,,,1860,1004,FALSE,204,195,Varik
11064,11064_1860,1860,,198,,,,,1860,1019,TRUE,207,198,Varik
11064,11064_1861,1861,,199,,,,,1860,1025,TRUE,210,199,Varik
11064,11064_1862,1862,,199,,,,,1860,1023,TRUE,213,199,Varik
11064,11064_1863,1863,,199,,,,,1860,1027,TRUE,216,199,Varik
11064,11064_1864,1864,,201,,,,,1860,1037,TRUE,219,201,Varik
11064,11064_1865,1865,,200,,,,,1860,1031,TRUE,222,200,Varik
11064,11064_1866,1866,,209,,,,,1870,1074,TRUE,225,209,Varik
11064,11064_1867,1867,,211,,,,,1870,1084,TRUE,228,211,Varik
11064,11064_1868,1868,,209,,,,,1870,1074,TRUE,231,209,Varik
11064,11064_1869,1869,456,235,,,,,1870,1075,FALSE,235,209,Varik
11064,11064_1870,1870,,210,,,,,1870,1077,TRUE,232,210,Varik
11064,11064_1871,1871,,211,,,,,1870,1082,TRUE,230,211,Varik
11064,11064_1872,1872,,212,,,,,1870,1089,TRUE,228,212,Varik
11064,11064_1873,1873,,212,,,,,1870,1090,TRUE,226,212,Varik
11064,11064_1874,1874,,211,,,,,1870,1085,TRUE,224,211,Varik
11064,11064_1875,1875,,210,,,,,1880,1076,TRUE,222,210,Varik
11064,11064_1876,1876,,207,,,,,1880,1066,TRUE,220,207,Varik
11064,11064_1877,1877,,210,,,,,1880,1077,TRUE,218,210,Varik
11064,11064_1878,1878,,213,,,,,1880,1091,TRUE,216,213,Varik
11064,11064_1879,1879,219,214,177,37,4,8,1880,1096,FALSE,214,214,Varik
11064,11064_1880,1880,,214,,,,,1880,1096,TRUE,214,214,Varik
11064,11064_1881,1881,,211,,,,,1880,1083,TRUE,214,211,Varik
11064,11064_1882,1882,,214,,,,,1880,1099,TRUE,215,214,Varik
11064,11064_1883,1883,,224,,,,,1880,1148,TRUE,215,224,Varik
11064,11064_1884,1884,,222,,,,,1880,1134,TRUE,216,222,Varik
11064,11064_1885,1885,,221,,,,,1880,1132,TRUE,216,221,Varik
11064,11064_1886,1886,,217,,,,,1890,1114,TRUE,216,217,Varik
11064,11064_1887,1887,,217,,,,,1890,1114,TRUE,217,217,Varik
11064,11064_1888,1888,,218,,,,,1890,1119,TRUE,217,218,Varik
11064,11064_1889,1889,233,218,185,33,14,5,1890,1106,FALSE,218,216,Varik
11064,11064_1890,1890,,218,,,,,1890,1116,TRUE,219,218,Varik
11064,11064_1891,1891,,224,,,,,1890,1144,TRUE,220,224,Varik
11064,11064_1892,1892,,223,,,,,1890,1139,TRUE,221,223,Varik
11064,11064_1893,1893,,232,,,,,1890,1183,TRUE,222,232,Varik
11064,11064_1894,1894,,233,,,,,1890,1188,TRUE,224,233,Varik
11064,11064_1895,1895,,232,,,,,1900,1186,TRUE,225,232,Varik
11064,11064_1896,1896,,232,,,,,1900,1184,TRUE,226,232,Varik
11064,11064_1897,1897,,236,,,,,1900,1204,TRUE,227,236,Varik
11064,11064_1898,1898,,234,,,,,1900,1193,TRUE,228,234,Varik
11064,11064_1899,1899,244,230,200,30,9,7,1900,1178,FALSE,230,231,Varik
11064,11064_1900,1900,,230,,,,,1900,1177,TRUE,,230,Varik
11064,11064_1901,1901,,238,,,,,1900,1213,TRUE,,238,Varik
11064,11064_1902,1902,,230,,,,,1900,1176,TRUE,,230,Varik
11064,11064_1903,1903,,233,,,,,1900,1187,TRUE,,233,Varik
11064,11064_1904,1904,,231,,,,,1900,1179,TRUE,,231,Varik
11064,11064_1905,1905,,233,,,,,1900,1190,TRUE,,233,Varik
11064,11064_1906,1906,,227,,,,,1910,1160,TRUE,,227,Varik
11064,11064_1907,1907,,224,,,,,1910,1147,TRUE,,224,Varik
11064,11064_1908,1908,,229,,,,,1910,1172,TRUE,,229,Varik
11064,11064_1909,1909,243,222,,,,,1910,1138,TRUE,,222,Varik
11064,11064_1910,1910,,220,,,,,1910,1126,TRUE,,220,Varik
11064,11064_1911,1911,,219,,,,,1910,1122,TRUE,,219,Varik
11064,11064_1912,1912,,219,,,,,1910,1121,TRUE,,219,Varik
11064,11064_1913,1913,,218,,,,,1910,1115,TRUE,,218,Varik
11064,11064_1914,1914,,213,,,,,1910,1094,TRUE,,213,Varik
11064,11064_1915,1915,,217,,,,,1920,1112,TRUE,,217,Varik
11064,11064_1916,1916,,213,,,,,1920,1095,TRUE,,213,Varik
11064,11064_1917,1917,,212,,,,,1920,1087,TRUE,,212,Varik
11064,11064_1918,1918,,215,,,,,1920,1102,TRUE,,215,Varik
11064,11064_1919,1919,,214,,,,,1920,1100,TRUE,,214,Varik
11064,11064_1920,1920,244,208,,,,,1920,1071,TRUE,,208,Varik
11064,11064_1921,1921,,209,,,,,1920,1075,TRUE,,209,Varik
11081,11081_1849,1849,1131,1399,,,,,1850,,FALSE,1399,,Weert
11081,11081_1850,1850,,,,,,,1850,,TRUE,1392,,Weert
11081,11081_1851,1851,,1419,,,,,1850,6915,TRUE,1385,1419,Weert
11081,11081_1852,1852,,1427,,,,,1850,6952,TRUE,1378,1427,Weert
11081,11081_1853,1853,,1433,,,,,1850,6982,TRUE,1371,1433,Weert
11081,11081_1854,1854,,1423,,,,,1850,6936,TRUE,1364,1423,Weert
11081,11081_1855,1855,,1420,,,,,1860,6920,TRUE,1357,1420,Weert
11081,11081_1856,1856,,1413,,,,,1860,6885,TRUE,1350,1413,Weert
11081,11081_1857,1857,,1412,,,,,1860,6879,TRUE,1343,1412,Weert
11081,11081_1858,1858,,1410,,,,,1860,6872,TRUE,1336,1410,Weert
11081,11081_1859,1859,1068,1329,,,,,1860,6806,FALSE,1329,1397,Weert
11081,11081_1860,1860,,1404,,,,,1860,6842,TRUE,1333,1404,Weert
11081,11081_1861,1861,,1414,,,,,1860,6889,TRUE,1337,1414,Weert
11081,11081_1862,1862,,1406,,,,,1860,6850,TRUE,1342,1406,Weert
11081,11081_1863,1863,,1404,,,,,1860,6844,TRUE,1346,1404,Weert
11081,11081_1864,1864,,1402,,,,,1860,6833,TRUE,1351,1402,Weert
11081,11081_1865,1865,,1393,,,,,1860,6788,TRUE,1355,1393,Weert
11081,11081_1866,1866,,1404,,,,,1870,6844,TRUE,1359,1404,Weert
11081,11081_1867,1867,,1408,,,,,1870,6863,TRUE,1364,1408,Weert
11081,11081_1868,1868,,1403,,,,,1870,6836,TRUE,1368,1403,Weert
11081,11081_1869,1869,2616,1373,,,,,1870,7060,FALSE,1373,1449,Weert
11081,11081_1870,1870,,1448,,,,,1870,7055,TRUE,1376,1448,Weert
11081,11081_1871,1871,,1452,,,,,1870,7072,TRUE,1379,1452,Weert
11081,11081_1872,1872,,1448,,,,,1870,7053,TRUE,1382,1448,Weert
11081,11081_1873,1873,,1457,,,,,1870,7099,TRUE,1385,1457,Weert
11081,11081_1874,1874,,1465,,,,,1870,7136,TRUE,1388,1465,Weert
11081,11081_1875,1875,,1471,,,,,1880,7164,TRUE,1391,1471,Weert
11081,11081_1876,1876,,1492,,,,,1880,7268,TRUE,1394,1492,Weert
11081,11081_1877,1877,,1504,,,,,1880,7327,TRUE,1397,1504,Weert
11081,11081_1878,1878,,1521,,,,,1880,7407,TRUE,1400,1521,Weert
11081,11081_1879,1879,1488,1403,1241,162,56,90,1880,7477,FALSE,1403,1536,Weert
11081,11081_1880,1880,,1535,,,,,1880,7472,TRUE,1410,1535,Weert
11081,11081_1881,1881,,1545,,,,,1880,7522,TRUE,1418,1545,Weert
11081,11081_1882,1882,,1558,,,,,1880,7586,TRUE,1425,1558,Weert
11081,11081_1883,1883,,1587,,,,,1880,7727,TRUE,1433,1587,Weert
11081,11081_1884,1884,,1600,,,,,1880,7787,TRUE,1440,1600,Weert
11081,11081_1885,1885,,1607,,,,,1880,7824,TRUE,1448,1607,Weert
11081,11081_1886,1886,,1625,,,,,1890,7911,TRUE,1455,1625,Weert
11081,11081_1887,1887,,1636,,,,,1890,7962,TRUE,1463,1636,Weert
11081,11081_1888,1888,,1645,,,,,1890,8005,TRUE,1470,1645,Weert
11081,11081_1889,1889,,1637,,,,,1890,7969,TRUE,1478,1637,Weert
11081,11081_1890,1890,,1656,,,,,1890,8059,TRUE,1486,1656,Weert
11081,11081_1891,1891,,1659,,,,,1890,8075,TRUE,1493,1659,Weert
11081,11081_1892,1892,,1669,,,,,1890,8119,TRUE,1501,1669,Weert
11081,11081_1893,1893,,1682,,,,,1890,8183,TRUE,1508,1682,Weert
11081,11081_1894,1894,,1707,,,,,1890,8304,TRUE,1516,1707,Weert
11081,11081_1895,1895,,1723,,,,,1900,8383,TRUE,1523,1723,Weert
11081,11081_1896,1896,,1741,,,,,1900,8471,TRUE,1531,1741,Weert
11081,11081_1897,1897,,1742,,,,,1900,8473,TRUE,1538,1742,Weert
11081,11081_1898,1898,,1766,,,,,1900,8589,TRUE,1546,1766,Weert
11081,11081_1899,1899,1493,1554,1321,233,34,146,1900,8677,FALSE,1554,1784,Weert
11081,11081_1900,1900,,1810,,,,,1900,8804,TRUE,,1810,Weert
11081,11081_1901,1901,,1843,,,,,1900,8960,TRUE,,1843,Weert
11081,11081_1902,1902,,1869,,,,,1900,9088,TRUE,,1869,Weert
11081,11081_1903,1903,,1904,,,,,1900,9256,TRUE,,1904,Weert
11081,11081_1904,1904,,1945,,,,,1900,9455,TRUE,,1945,Weert
11081,11081_1905,1905,,1979,,,,,1900,9616,TRUE,,1979,Weert
11081,11081_1906,1906,,2010,,,,,1910,9768,TRUE,,2010,Weert
11081,11081_1907,1907,,2052,,,,,1910,9968,TRUE,,2052,Weert
11081,11081_1908,1908,,2081,,,,,1910,10108,TRUE,,2081,Weert
11081,11081_1909,1909,1876,2077,,,,,1910,10090,TRUE,,2077,Weert
11081,11081_1910,1910,,2126,,,,,1910,10325,TRUE,,2126,Weert
11081,11081_1911,1911,,2160,,,,,1910,10489,TRUE,,2160,Weert
11081,11081_1912,1912,,2223,,,,,1910,10797,TRUE,,2223,Weert
11081,11081_1913,1913,,2296,,,,,1910,11148,TRUE,,2296,Weert
11081,11081_1914,1914,,2351,,,,,1910,11413,TRUE,,2351,Weert
11081,11081_1915,1915,,2377,,,,,1920,11538,TRUE,,2377,Weert
11081,11081_1916,1916,,2440,,,,,1920,11845,TRUE,,2440,Weert
11081,11081_1917,1917,,2500,,,,,1920,12133,TRUE,,2500,Weert
11081,11081_1918,1918,,2566,,,,,1920,12452,TRUE,,2566,Weert
11081,11081_1919,1919,,2584,,,,,1920,12539,TRUE,,2584,Weert
11081,11081_1920,1920,2020,2517,,,,,1920,12215,TRUE,,2517,Weert
11081,11081_1921,1921,,2557,,,,,1920,12409,TRUE,,2557,Weert
11141,11141_1849,1849,1167,1180,,,,,1850,,FALSE,1180,,Uden
11141,11141_1850,1850,,,,,,,1850,,TRUE,1179,,Uden
11141,11141_1851,1851,,1145,,,,,1850,5591,TRUE,1179,1145,Uden
11141,11141_1852,1852,,1145,,,,,1850,5591,TRUE,1178,1145,Uden
11141,11141_1853,1853,,1137,,,,,1850,5552,TRUE,1178,1137,Uden
11141,11141_1854,1854,,1138,,,,,1850,5558,TRUE,1178,1138,Uden
11141,11141_1855,1855,,1131,,,,,1860,5524,TRUE,1177,1131,Uden
11141,11141_1856,1856,,1124,,,,,1860,5488,TRUE,1177,1124,Uden
11141,11141_1857,1857,,1133,,,,,1860,5532,TRUE,1176,1133,Uden
11141,11141_1858,1858,,1145,,,,,1860,5594,TRUE,1176,1145,Uden
11141,11141_1859,1859,1168,1176,,,,,1860,5604,FALSE,1176,1148,Uden
11141,11141_1860,1860,,1142,,,,,1860,5575,TRUE,1178,1142,Uden
11141,11141_1861,1861,,1139,,,,,1860,5561,TRUE,1180,1139,Uden
11141,11141_1862,1862,,1134,,,,,1860,5541,TRUE,1183,1134,Uden
11141,11141_1863,1863,,1136,,,,,1860,5548,TRUE,1185,1136,Uden
11141,11141_1864,1864,,1135,,,,,1860,5542,TRUE,1188,1135,Uden
11141,11141_1865,1865,,1130,,,,,1860,5519,TRUE,1190,1130,Uden
11141,11141_1866,1866,,1147,,,,,1870,5602,TRUE,1192,1147,Uden
11141,11141_1867,1867,,1147,,,,,1870,5602,TRUE,1195,1147,Uden
11141,11141_1868,1868,,1145,,,,,1870,5591,TRUE,1197,1145,Uden
11141,11141_1869,1869,1194,1200,,,,,1870,5367,FALSE,1200,1098,Uden
11141,11141_1870,1870,,1088,,,,,1870,5315,TRUE,1193,1088,Uden
11141,11141_1871,1871,,1086,,,,,1870,5306,TRUE,1187,1086,Uden
11141,11141_1872,1872,,1093,,,,,1870,5342,TRUE,1181,1093,Uden
11141,11141_1873,1873,,1096,,,,,1870,5356,TRUE,1174,1096,Uden
11141,11141_1874,1874,,1111,,,,,1870,5426,TRUE,1168,1111,Uden
11141,11141_1875,1875,,1109,,,,,1880,5419,TRUE,1162,1109,Uden
11141,11141_1876,1876,,1119,,,,,1880,5464,TRUE,1155,1119,Uden
11141,11141_1877,1877,,1139,,,,,1880,5562,TRUE,1149,1139,Uden
11141,11141_1878,1878,,1148,,,,,1880,5608,TRUE,1143,1148,Uden
11141,11141_1879,1879,1219,1137,943,194,22,72,1880,5527,FALSE,1137,1132,Uden
11141,11141_1880,1880,,1141,,,,,1880,5571,TRUE,1138,1141,Uden
11141,11141_1881,1881,,1159,,,,,1880,5658,TRUE,1139,1159,Uden
11141,11141_1882,1882,,1169,,,,,1880,5706,TRUE,1140,1169,Uden
11141,11141_1883,1883,,1177,,,,,1880,5744,TRUE,1141,1177,Uden
11141,11141_1884,1884,,1186,,,,,1880,5790,TRUE,1142,1186,Uden
11141,11141_1885,1885,,1197,,,,,1880,5842,TRUE,1143,1197,Uden
11141,11141_1886,1886,,1207,,,,,1890,5892,TRUE,1144,1207,Uden
11141,11141_1887,1887,,1222,,,,,1890,5964,TRUE,1145,1222,Uden
11141,11141_1888,1888,,1241,,,,,1890,6053,TRUE,1146,1241,Uden
11141,11141_1889,1889,1249,1148,944,204,25,49,1890,5709,FALSE,1148,1169,Uden
11141,11141_1890,1890,,1169,,,,,1890,5708,TRUE,1146,1169,Uden
11141,11141_1891,1891,,1172,,,,,1890,5721,TRUE,1144,1172,Uden
11141,11141_1892,1892,,1175,,,,,1890,5737,TRUE,1142,1175,Uden
11141,11141_1893,1893,,1174,,,,,1890,5733,TRUE,1140,1174,Uden
11141,11141_1894,1894,,1170,,,,,1890,5711,TRUE,1138,1170,Uden
11141,11141_1895,1895,,1168,,,,,1900,5702,TRUE,1136,1168,Uden
11141,11141_1896,1896,,1177,,,,,1900,5744,TRUE,1134,1177,Uden
11141,11141_1897,1897,,1192,,,,,1900,5817,TRUE,1132,1192,Uden
11141,11141_1898,1898,,1182,,,,,1900,5770,TRUE,1130,1182,Uden
11141,11141_1899,1899,1206,1129,923,206,43,64,1900,5839,FALSE,1129,1196,Uden
11141,11141_1900,1900,,1206,,,,,1900,5885,TRUE,,1206,Uden
11141,11141_1901,1901,,1208,,,,,1900,5898,TRUE,,1208,Uden
11141,11141_1902,1902,,1192,,,,,1900,5820,TRUE,,1192,Uden
11141,11141_1903,1903,,1189,,,,,1900,5805,TRUE,,1189,Uden
11141,11141_1904,1904,,1204,,,,,1900,5877,TRUE,,1204,Uden
11141,11141_1905,1905,,1201,,,,,1900,5864,TRUE,,1201,Uden
11141,11141_1906,1906,,1218,,,,,1910,5942,TRUE,,1218,Uden
11141,11141_1907,1907,,1246,,,,,1910,6080,TRUE,,1246,Uden
11141,11141_1908,1908,,1243,,,,,1910,6066,TRUE,,1243,Uden
11141,11141_1909,1909,1193,1228,,,,,1910,5993,TRUE,,1228,Uden
11141,11141_1910,1910,,1234,,,,,1910,6019,TRUE,,1234,Uden
11141,11141_1911,1911,,1249,,,,,1910,6094,TRUE,,1249,Uden
11141,11141_1912,1912,,1268,,,,,1910,6185,TRUE,,1268,Uden
11141,11141_1913,1913,,1296,,,,,1910,6319,TRUE,,1296,Uden
11141,11141_1914,1914,,1323,,,,,1910,6452,TRUE,,1323,Uden
11141,11141_1915,1915,,1357,,,,,1920,6617,TRUE,,1357,Uden
11141,11141_1916,1916,,1426,,,,,1920,6947,TRUE,,1426,Uden
11141,11141_1917,1917,,1508,,,,,1920,7344,TRUE,,1508,Uden
11141,11141_1918,1918,,1524,,,,,1920,7422,TRUE,,1524,Uden
11141,11141_1919,1919,,1462,,,,,1920,7121,TRUE,,1462,Uden
11141,11141_1920,1920,1228,1414,,,,,1920,6888,TRUE,,1414,Uden
11141,11141_1921,1921,,1411,,,,,1920,6878,TRUE,,1411,Uden
11143,11143_1849,1849,116,131,,,,,1850,,FALSE,131,,Maarheeze
11143,11143_1850,1850,,,,,,,1850,,TRUE,130,,Maarheeze
11143,11143_1851,1851,,118,,,,,1850,633,TRUE,130,118,Maarheeze
11143,11143_1852,1852,,125,,,,,1850,670,TRUE,129,125,Maarheeze
11143,11143_1853,1853,,126,,,,,1850,671,TRUE,129,126,Maarheeze
11143,11143_1854,1854,,128,,,,,1850,682,TRUE,128,128,Maarheeze
11143,11143_1855,1855,,129,,,,,1860,685,TRUE,128,129,Maarheeze
11143,11143_1856,1856,,127,,,,,1860,679,TRUE,127,127,Maarheeze
11143,11143_1857,1857,,127,,,,,1860,680,TRUE,127,127,Maarheeze
11143,11143_1858,1858,,127,,,,,1860,680,TRUE,126,127,Maarheeze
11143,11143_1859,1859,116,126,,,,,1860,612,FALSE,126,113,Maarheeze
11143,11143_1860,1860,,118,,,,,1860,635,TRUE,126,118,Maarheeze
11143,11143_1861,1861,,118,,,,,1860,636,TRUE,126,118,Maarheeze
11143,11143_1862,1862,,120,,,,,1860,646,TRUE,126,120,Maarheeze
11143,11143_1863,1863,,125,,,,,1860,667,TRUE,126,125,Maarheeze
11143,11143_1864,1864,,128,,,,,1860,681,TRUE,127,128,Maarheeze
11143,11143_1865,1865,,126,,,,,1860,673,TRUE,127,126,Maarheeze
11143,11143_1866,1866,,128,,,,,1870,683,TRUE,127,128,Maarheeze
11143,11143_1867,1867,,129,,,,,1870,686,TRUE,127,129,Maarheeze
11143,11143_1868,1868,,127,,,,,1870,680,TRUE,127,127,Maarheeze
11143,11143_1869,1869,115,128,,,,,1870,587,FALSE,128,108,Maarheeze
11143,11143_1870,1870,,112,,,,,1870,606,TRUE,127,112,Maarheeze
11143,11143_1871,1871,,114,,,,,1870,617,TRUE,126,114,Maarheeze
11143,11143_1872,1872,,114,,,,,1870,617,TRUE,125,114,Maarheeze
11143,11143_1873,1873,,117,,,,,1870,629,TRUE,125,117,Maarheeze
11143,11143_1874,1874,,118,,,,,1870,633,TRUE,124,118,Maarheeze
11143,11143_1875,1875,,119,,,,,1880,637,TRUE,123,119,Maarheeze
11143,11143_1876,1876,,116,,,,,1880,624,TRUE,123,116,Maarheeze
11143,11143_1877,1877,,116,,,,,1880,625,TRUE,122,116,Maarheeze
11143,11143_1878,1878,,112,,,,,1880,606,TRUE,121,112,Maarheeze
11143,11143_1879,1879,127,121,112,9,1,6,1880,630,FALSE,121,117,Maarheeze
11143,11143_1880,1880,,307,,,,,1880,1549,TRUE,120,307,Maarheeze
11143,11143_1881,1881,,115,,,,,1880,620,TRUE,120,115,Maarheeze
11143,11143_1882,1882,,117,,,,,1880,628,TRUE,119,117,Maarheeze
11143,11143_1883,1883,,112,,,,,1880,604,TRUE,119,112,Maarheeze
11143,11143_1884,1884,,114,,,,,1880,614,TRUE,118,114,Maarheeze
11143,11143_1885,1885,,115,,,,,1880,622,TRUE,118,115,Maarheeze
11143,11143_1886,1886,,114,,,,,1890,615,TRUE,117,114,Maarheeze
11143,11143_1887,1887,,113,,,,,1890,610,TRUE,117,113,Maarheeze
11143,11143_1888,1888,,114,,,,,1890,616,TRUE,116,114,Maarheeze
11143,11143_1889,1889,127,116,100,16,3,8,1890,578,FALSE,116,106,Maarheeze
11143,11143_1890,1890,,111,,,,,1890,599,TRUE,115,111,Maarheeze
11143,11143_1891,1891,,107,,,,,1890,579,TRUE,115,107,Maarheeze
11143,11143_1892,1892,,106,,,,,1890,577,TRUE,114,106,Maarheeze
11143,11143_1893,1893,,106,,,,,1890,575,TRUE,114,106,Maarheeze
11143,11143_1894,1894,,106,,,,,1890,576,TRUE,113,106,Maarheeze
11143,11143_1895,1895,,102,,,,,1900,559,TRUE,113,102,Maarheeze
11143,11143_1896,1896,,102,,,,,1900,556,TRUE,112,102,Maarheeze
11143,11143_1897,1897,,106,,,,,1900,577,TRUE,112,106,Maarheeze
11143,11143_1898,1898,,108,,,,,1900,587,TRUE,111,108,Maarheeze
11143,11143_1899,1899,114,111,89,22,2,5,1900,542,FALSE,111,99,Maarheeze
11143,11143_1900,1900,,104,,,,,1900,565,TRUE,,104,Maarheeze
11143,11143_1901,1901,,101,,,,,1900,553,TRUE,,101,Maarheeze
11143,11143_1902,1902,,101,,,,,1900,554,TRUE,,101,Maarheeze
11143,11143_1903,1903,,103,,,,,1900,560,TRUE,,103,Maarheeze
11143,11143_1904,1904,,103,,,,,1900,562,TRUE,,103,Maarheeze
11143,11143_1905,1905,,106,,,,,1900,576,TRUE,,106,Maarheeze
11143,11143_1906,1906,,106,,,,,1910,578,TRUE,,106,Maarheeze
11143,11143_1907,1907,,104,,,,,1910,567,TRUE,,104,Maarheeze
11143,11143_1908,1908,,107,,,,,1910,583,TRUE,,107,Maarheeze
11143,11143_1909,1909,111,106,,,,,1910,576,TRUE,,106,Maarheeze
11143,11143_1910,1910,,108,,,,,1910,586,TRUE,,108,Maarheeze
11143,11143_1911,1911,,110,,,,,1910,594,TRUE,,110,Maarheeze
11143,11143_1912,1912,,117,,,,,1910,629,TRUE,,117,Maarheeze
11143,11143_1913,1913,,124,,,,,1910,663,TRUE,,124,Maarheeze
11143,11143_1914,1914,,126,,,,,1910,675,TRUE,,126,Maarheeze
11143,11143_1915,1915,,133,,,,,1920,707,TRUE,,133,Maarheeze
11143,11143_1916,1916,,134,,,,,1920,710,TRUE,,134,Maarheeze
11143,11143_1917,1917,,138,,,,,1920,732,TRUE,,138,Maarheeze
11143,11143_1918,1918,,141,,,,,1920,744,TRUE,,141,Maarheeze
11143,11143_1919,1919,,144,,,,,1920,759,TRUE,,144,Maarheeze
11143,11143_1920,1920,132,137,,,,,1920,727,TRUE,,137,Maarheeze
11143,11143_1921,1921,,140,,,,,1920,739,TRUE,,140,Maarheeze
11173,11173_1849,1849,414,484,,,,,1850,,FALSE,484,,Zaamslag
11173,11173_1850,1850,,,,,,,1850,,TRUE,487,,Zaamslag
11173,11173_1851,1851,,499,,,,,1850,2475,TRUE,491,499,Zaamslag
11173,11173_1852,1852,,504,,,,,1850,2497,TRUE,495,504,Zaamslag
11173,11173_1853,1853,,507,,,,,1850,2512,TRUE,498,507,Zaamslag
11173,11173_1854,1854,,507,,,,,1850,2514,TRUE,502,507,Zaamslag
11173,11173_1855,1855,,498,,,,,1860,2469,TRUE,506,498,Zaamslag
11173,11173_1856,1856,,514,,,,,1860,2546,TRUE,509,514,Zaamslag
11173,11173_1857,1857,,515,,,,,1860,2550,TRUE,513,515,Zaamslag
11173,11173_1858,1858,,526,,,,,1860,2602,TRUE,517,526,Zaamslag
11173,11173_1859,1859,469,521,,,,,1860,2519,FALSE,521,508,Zaamslag
11173,11173_1860,1860,,513,,,,,1860,2539,TRUE,524,513,Zaamslag
11173,11173_1861,1861,,528,,,,,1860,2615,TRUE,527,528,Zaamslag
11173,11173_1862,1862,,535,,,,,1860,2649,TRUE,530,535,Zaamslag
11173,11173_1863,1863,,540,,,,,1860,2669,TRUE,533,540,Zaamslag
11173,11173_1864,1864,,546,,,,,1860,2702,TRUE,536,546,Zaamslag
11173,11173_1865,1865,,553,,,,,1860,2735,TRUE,539,553,Zaamslag
11173,11173_1866,1866,,565,,,,,1870,2794,TRUE,542,565,Zaamslag
11173,11173_1867,1867,,567,,,,,1870,2802,TRUE,545,567,Zaamslag
11173,11173_1868,1868,,577,,,,,1870,2849,TRUE,548,577,Zaamslag
11173,11173_1869,1869,550,552,,,,,1870,2730,FALSE,552,552,Zaamslag
11173,11173_1870,1870,,557,,,,,1870,2752,TRUE,556,557,Zaamslag
11173,11173_1871,1871,,551,,,,,1870,2726,TRUE,560,551,Zaamslag
11173,11173_1872,1872,,557,,,,,1870,2751,TRUE,564,557,Zaamslag
11173,11173_1873,1873,,555,,,,,1870,2745,TRUE,569,555,Zaamslag
11173,11173_1874,1874,,565,,,,,1870,2790,TRUE,573,565,Zaamslag
11173,11173_1875,1875,,565,,,,,1880,2790,TRUE,577,565,Zaamslag
11173,11173_1876,1876,,571,,,,,1880,2823,TRUE,582,571,Zaamslag
11173,11173_1877,1877,,573,,,,,1880,2830,TRUE,586,573,Zaamslag
11173,11173_1878,1878,,577,,,,,1880,2850,TRUE,590,577,Zaamslag
11173,11173_1879,1879,599,595,543,52,4,14,1880,2867,FALSE,595,581,Zaamslag
11173,11173_1880,1880,,580,,,,,1880,2863,TRUE,597,580,Zaamslag
11173,11173_1881,1881,,578,,,,,1880,2853,TRUE,600,578,Zaamslag
11173,11173_1882,1882,,565,,,,,1880,2791,TRUE,603,565,Zaamslag
11173,11173_1883,1883,,576,,,,,1880,2844,TRUE,606,576,Zaamslag
11173,11173_1884,1884,,581,,,,,1880,2870,TRUE,609,581,Zaamslag
11173,11173_1885,1885,,584,,,,,1880,2885,TRUE,612,584,Zaamslag
11173,11173_1886,1886,,583,,,,,1890,2878,TRUE,615,583,Zaamslag
11173,11173_1887,1887,,588,,,,,1890,2905,TRUE,618,588,Zaamslag
11173,11173_1888,1888,,590,,,,,1890,2915,TRUE,621,590,Zaamslag
11173,11173_1889,1889,,624,569,55,7,20,1890,2913,FALSE,624,590,Zaamslag
11173,11173_1890,1890,,599,,,,,1890,2957,TRUE,629,599,Zaamslag
11173,11173_1891,1891,,607,,,,,1890,2993,TRUE,635,607,Zaamslag
11173,11173_1892,1892,,616,,,,,1890,3040,TRUE,641,616,Zaamslag
11173,11173_1893,1893,,618,,,,,1890,3047,TRUE,646,618,Zaamslag
11173,11173_1894,1894,,625,,,,,1890,3080,TRUE,652,625,Zaamslag
11173,11173_1895,1895,,626,,,,,1900,3086,TRUE,658,626,Zaamslag
11173,11173_1896,1896,,628,,,,,1900,3097,TRUE,663,628,Zaamslag
11173,11173_1897,1897,,632,,,,,1900,3116,TRUE,669,632,Zaamslag
11173,11173_1898,1898,,637,,,,,1900,3138,TRUE,675,637,Zaamslag
11173,11173_1899,1899,716,681,613,68,6,32,1900,3220,FALSE,681,654,Zaamslag
11173,11173_1900,1900,,651,,,,,1900,3206,TRUE,,651,Zaamslag
11173,11173_1901,1901,,661,,,,,1900,3255,TRUE,,661,Zaamslag
11173,11173_1902,1902,,664,,,,,1900,3270,TRUE,,664,Zaamslag
11173,11173_1903,1903,,674,,,,,1900,3317,TRUE,,674,Zaamslag
11173,11173_1904,1904,,680,,,,,1900,3346,TRUE,,680,Zaamslag
11173,11173_1905,1905,,697,,,,,1900,3430,TRUE,,697,Zaamslag
11173,11173_1906,1906,,701,,,,,1910,3447,TRUE,,701,Zaamslag
11173,11173_1907,1907,,695,,,,,1910,3421,TRUE,,695,Zaamslag
11173,11173_1908,1908,,690,,,,,1910,3394,TRUE,,690,Zaamslag
11173,11173_1909,1909,754,698,,,,,1910,3434,TRUE,,698,Zaamslag
11173,11173_1910,1910,,696,,,,,1910,3426,TRUE,,696,Zaamslag
11173,11173_1911,1911,,690,,,,,1910,3397,TRUE,,690,Zaamslag
11173,11173_1912,1912,,696,,,,,1910,3423,TRUE,,696,Zaamslag
11173,11173_1913,1913,,692,,,,,1910,3403,TRUE,,692,Zaamslag
11173,11173_1914,1914,,693,,,,,1910,3410,TRUE,,693,Zaamslag
11173,11173_1915,1915,,725,,,,,1920,3565,TRUE,,725,Zaamslag
11173,11173_1916,1916,,726,,,,,1920,3570,TRUE,,726,Zaamslag
11173,11173_1917,1917,,724,,,,,1920,3559,TRUE,,724,Zaamslag
11173,11173_1918,1918,,732,,,,,1920,3597,TRUE,,732,Zaamslag
11173,11173_1919,1919,,713,,,,,1920,3505,TRUE,,713,Zaamslag
11173,11173_1920,1920,814,713,,,,,1920,3505,TRUE,,713,Zaamslag
11173,11173_1921,1921,,723,,,,,1920,3553,TRUE,,723,Zaamslag
11184,11184_1849,1849,280,279,,,,,1850,,FALSE,279,,Abcoude-Baambrugge
11184,11184_1850,1850,,,,,,,1850,,TRUE,277,,Abcoude-Baambrugge
11184,11184_1851,1851,,253,,,,,1850,1285,TRUE,276,253,Abcoude-Baambrugge
11184,11184_1852,1852,,253,,,,,1850,1288,TRUE,275,253,Abcoude-Baambrugge
11184,11184_1853,1853,,266,,,,,1850,1349,TRUE,273,266,Abcoude-Baambrugge
11184,11184_1854,1854,,275,,,,,1850,1390,TRUE,272,275,Abcoude-Baambrugge
11184,11184_1855,1855,,281,,,,,1860,1419,TRUE,271,281,Abcoude-Baambrugge
11184,11184_1856,1856,,293,,,,,1860,1477,TRUE,269,293,Abcoude-Baambrugge
11184,11184_1857,1857,,294,,,,,1860,1485,TRUE,268,294,Abcoude-Baambrugge
11184,11184_1858,1858,,302,,,,,1860,1521,TRUE,267,302,Abcoude-Baambrugge
11184,11184_1859,1859,275,266,,,,,1860,1455,FALSE,266,288,Abcoude-Baambrugge
11184,11184_1860,1860,,279,,,,,1860,1411,TRUE,267,279,Abcoude-Baambrugge
11184,11184_1861,1861,,283,,,,,1860,1431,TRUE,268,283,Abcoude-Baambrugge
11184,11184_1862,1862,,275,,,,,1860,1391,TRUE,269,275,Abcoude-Baambrugge
11184,11184_1863,1863,,265,,,,,1860,1345,TRUE,270,265,Abcoude-Baambrugge
11184,11184_1864,1864,,276,,,,,1860,1399,TRUE,272,276,Abcoude-Baambrugge
11184,11184_1865,1865,,273,,,,,1860,1381,TRUE,273,273,Abcoude-Baambrugge
11184,11184_1866,1866,,271,,,,,1870,1372,TRUE,274,271,Abcoude-Baambrugge
11184,11184_1867,1867,,273,,,,,1870,1383,TRUE,275,273,Abcoude-Baambrugge
11184,11184_1868,1868,,269,,,,,1870,1365,TRUE,276,269,Abcoude-Baambrugge
11184,11184_1869,1869,548,278,,,,,1870,1356,FALSE,278,268,Abcoude-Baambrugge
11184,11184_1870,1870,,262,,,,,1870,1330,TRUE,278,262,Abcoude-Baambrugge
11184,11184_1871,1871,,271,,,,,1870,1375,TRUE,278,271,Abcoude-Baambrugge
11184,11184_1872,1872,,271,,,,,1870,1375,TRUE,278,271,Abcoude-Baambrugge
11184,11184_1873,1873,,272,,,,,1870,1379,TRUE,278,272,Abcoude-Baambrugge
11184,11184_1874,1874,,272,,,,,1870,1379,TRUE,279,272,Abcoude-Baambrugge
11184,11184_1875,1875,,278,,,,,1880,1409,TRUE,279,278,Abcoude-Baambrugge
11184,11184_1876,1876,,273,,,,,1880,1384,TRUE,279,273,Abcoude-Baambrugge
11184,11184_1877,1877,,278,,,,,1880,1407,TRUE,279,278,Abcoude-Baambrugge
11184,11184_1878,1878,,281,,,,,1880,1421,TRUE,279,281,Abcoude-Baambrugge
11184,11184_1879,1879,297,280,247,33,8,9,1880,1385,FALSE,280,274,Abcoude-Baambrugge
11184,11184_1880,1880,,279,,,,,1880,1411,TRUE,284,279,Abcoude-Baambrugge
11184,11184_1881,1881,,281,,,,,1880,1420,TRUE,288,281,Abcoude-Baambrugge
11184,11184_1882,1882,,284,,,,,1880,1435,TRUE,292,284,Abcoude-Baambrugge
11184,11184_1883,1883,,278,,,,,1880,1407,TRUE,296,278,Abcoude-Baambrugge
11184,11184_1884,1884,,296,,,,,1880,1495,TRUE,301,296,Abcoude-Baambrugge
11184,11184_1885,1885,,304,,,,,1880,1532,TRUE,305,304,Abcoude-Baambrugge
11184,11184_1886,1886,,302,,,,,1890,1523,TRUE,309,302,Abcoude-Baambrugge
11184,11184_1887,1887,,297,,,,,1890,1499,TRUE,313,297,Abcoude-Baambrugge
11184,11184_1888,1888,,299,,,,,1890,1509,TRUE,317,299,Abcoude-Baambrugge
11184,11184_1889,1889,335,322,287,35,3,16,1890,1604,FALSE,322,319,Abcoude-Baambrugge
11184,11184_1890,1890,,305,,,,,1890,1539,TRUE,321,305,Abcoude-Baambrugge
11184,11184_1891,1891,,295,,,,,1890,1491,TRUE,321,295,Abcoude-Baambrugge
11184,11184_1892,1892,,300,,,,,1890,1514,TRUE,320,300,Abcoude-Baambrugge
11184,11184_1893,1893,,305,,,,,1890,1539,TRUE,320,305,Abcoude-Baambrugge
11184,11184_1894,1894,,307,,,,,1890,1545,TRUE,319,307,Abcoude-Baambrugge
11184,11184_1895,1895,,306,,,,,1900,1543,TRUE,319,306,Abcoude-Baambrugge
11184,11184_1896,1896,,303,,,,,1900,1528,TRUE,318,303,Abcoude-Baambrugge
11184,11184_1897,1897,,312,,,,,1900,1572,TRUE,318,312,Abcoude-Baambrugge
11184,11184_1898,1898,,309,,,,,1900,1557,TRUE,317,309,Abcoude-Baambrugge
11184,11184_1899,1899,331,317,269,48,2,14,1900,1555,FALSE,317,309,Abcoude-Baambrugge
11184,11184_1900,1900,,307,,,,,1900,1549,TRUE,,307,Abcoude-Baambrugge
11184,11184_1901,1901,,313,,,,,1900,1576,TRUE,,313,Abcoude-Baambrugge
11184,11184_1902,1902,,315,,,,,1900,1586,TRUE,,315,Abcoude-Baambrugge
11184,11184_1903,1903,,311,,,,,1900,1567,TRUE,,311,Abcoude-Baambrugge
11184,11184_1904,1904,,305,,,,,1900,1537,TRUE,,305,Abcoude-Baambrugge
11184,11184_1905,1905,,304,,,,,1900,1532,TRUE,,304,Abcoude-Baambrugge
11184,11184_1906,1906,,304,,,,,1910,1533,TRUE,,304,Abcoude-Baambrugge
11184,11184_1907,1907,,308,,,,,1910,1550,TRUE,,308,Abcoude-Baambrugge
11184,11184_1908,1908,,310,,,,,1910,1563,TRUE,,310,Abcoude-Baambrugge
11184,11184_1909,1909,317,298,,,,,1910,1503,TRUE,,298,Abcoude-Baambrugge
11184,11184_1910,1910,,303,,,,,1910,1526,TRUE,,303,Abcoude-Baambrugge
11184,11184_1911,1911,,306,,,,,1910,1542,TRUE,,306,Abcoude-Baambrugge
11184,11184_1912,1912,,300,,,,,1910,1515,TRUE,,300,Abcoude-Baambrugge
11184,11184_1913,1913,,303,,,,,1910,1527,TRUE,,303,Abcoude-Baambrugge
11184,11184_1914,1914,,306,,,,,1910,1541,TRUE,,306,Abcoude-Baambrugge
11184,11184_1915,1915,,297,,,,,1920,1496,TRUE,,297,Abcoude-Baambrugge
11184,11184_1916,1916,,291,,,,,1920,1470,TRUE,,291,Abcoude-Baambrugge
11184,11184_1917,1917,,294,,,,,1920,1485,TRUE,,294,Abcoude-Baambrugge
11184,11184_1918,1918,,288,,,,,1920,1457,TRUE,,288,Abcoude-Baambrugge
11184,11184_1919,1919,,279,,,,,1920,1413,TRUE,,279,Abcoude-Baambrugge
11184,11184_1920,1920,315,277,,,,,1920,1402,TRUE,,277,Abcoude-Baambrugge
11184,11184_1921,1921,,281,,,,,1920,1422,TRUE,,281,Abcoude-Baambrugge
11202,11202_1849,1849,514,550,,,,,1850,,FALSE,550,,Loenen
11202,11202_1850,1850,,,,,,,1850,,TRUE,519,,Loenen
11202,11202_1851,1851,,207,,,,,1850,1064,TRUE,488,207,Loenen
11202,11202_1852,1852,,215,,,,,1850,1102,TRUE,458,215,Loenen
11202,11202_1853,1853,,212,,,,,1850,1090,TRUE,427,212,Loenen
11202,11202_1854,1854,,200,,,,,1850,1030,TRUE,397,200,Loenen
11202,11202_1855,1855,,201,,,,,1860,1036,TRUE,366,201,Loenen
11202,11202_1856,1856,,224,,,,,1860,1148,TRUE,335,224,Loenen
11202,11202_1857,1857,,226,,,,,1860,1157,TRUE,305,226,Loenen
11202,11202_1858,1858,,231,,,,,1860,1178,TRUE,274,231,Loenen
11202,11202_1859,1859,242,244,,,,,1860,1151,FALSE,244,225,Loenen
11202,11202_1860,1860,,245,,,,,1860,1248,TRUE,246,245,Loenen
11202,11202_1861,1861,,248,,,,,1860,1260,TRUE,248,248,Loenen
11202,11202_1862,1862,,248,,,,,1860,1263,TRUE,250,248,Loenen
11202,11202_1863,1863,,245,,,,,1860,1249,TRUE,252,245,Loenen
11202,11202_1864,1864,,253,,,,,1860,1285,TRUE,255,253,Loenen
11202,11202_1865,1865,,251,,,,,1860,1277,TRUE,257,251,Loenen
11202,11202_1866,1866,,247,,,,,1870,1258,TRUE,259,247,Loenen
11202,11202_1867,1867,,248,,,,,1870,1264,TRUE,261,248,Loenen
11202,11202_1868,1868,,252,,,,,1870,1280,TRUE,263,252,Loenen
11202,11202_1869,1869,476,266,,,,,1870,1208,FALSE,266,237,Loenen
11202,11202_1870,1870,,246,,,,,1870,1252,TRUE,266,246,Loenen
11202,11202_1871,1871,,246,,,,,1870,1251,TRUE,266,246,Loenen
11202,11202_1872,1872,,242,,,,,1870,1232,TRUE,266,242,Loenen
11202,11202_1873,1873,,252,,,,,1870,1282,TRUE,266,252,Loenen
11202,11202_1874,1874,,241,,,,,1870,1226,TRUE,267,241,Loenen
11202,11202_1875,1875,,245,,,,,1880,1246,TRUE,267,245,Loenen
11202,11202_1876,1876,,247,,,,,1880,1258,TRUE,267,247,Loenen
11202,11202_1877,1877,,255,,,,,1880,1297,TRUE,267,255,Loenen
11202,11202_1878,1878,,251,,,,,1880,1275,TRUE,267,251,Loenen
11202,11202_1879,1879,278,268,241,27,8,14,1880,1242,FALSE,268,244,Loenen
11202,11202_1880,1880,,249,,,,,1880,1266,TRUE,269,249,Loenen
11202,11202_1881,1881,,254,,,,,1880,1291,TRUE,271,254,Loenen
11202,11202_1882,1882,,250,,,,,1880,1270,TRUE,272,250,Loenen
11202,11202_1883,1883,,247,,,,,1880,1255,TRUE,274,247,Loenen
11202,11202_1884,1884,,251,,,,,1880,1275,TRUE,276,251,Loenen
11202,11202_1885,1885,,246,,,,,1880,1253,TRUE,277,246,Loenen
11202,11202_1886,1886,,249,,,,,1890,1269,TRUE,279,249,Loenen
11202,11202_1887,1887,,250,,,,,1890,1273,TRUE,280,250,Loenen
11202,11202_1888,1888,,254,,,,,1890,1291,TRUE,282,254,Loenen
11202,11202_1889,1889,296,284,253,31,17,10,1890,1355,FALSE,284,267,Loenen
11202,11202_1890,1890,,274,,,,,1890,1386,TRUE,284,274,Loenen
11202,11202_1891,1891,,269,,,,,1890,1364,TRUE,285,269,Loenen
11202,11202_1892,1892,,265,,,,,1890,1345,TRUE,286,265,Loenen
11202,11202_1893,1893,,268,,,,,1890,1357,TRUE,287,268,Loenen
11202,11202_1894,1894,,275,,,,,1890,1391,TRUE,288,275,Loenen
11202,11202_1895,1895,,278,,,,,1900,1407,TRUE,288,278,Loenen
11202,11202_1896,1896,,275,,,,,1900,1392,TRUE,289,275,Loenen
11202,11202_1897,1897,,276,,,,,1900,1399,TRUE,290,276,Loenen
11202,11202_1898,1898,,265,,,,,1900,1343,TRUE,291,265,Loenen
11202,11202_1899,1899,305,292,268,24,8,15,1900,1388,FALSE,292,274,Loenen
11202,11202_1900,1900,,280,,,,,1900,1418,TRUE,,280,Loenen
11202,11202_1901,1901,,278,,,,,1900,1407,TRUE,,278,Loenen
11202,11202_1902,1902,,275,,,,,1900,1391,TRUE,,275,Loenen
11202,11202_1903,1903,,271,,,,,1900,1375,TRUE,,271,Loenen
11202,11202_1904,1904,,266,,,,,1900,1348,TRUE,,266,Loenen
11202,11202_1905,1905,,265,,,,,1900,1344,TRUE,,265,Loenen
11202,11202_1906,1906,,267,,,,,1910,1352,TRUE,,267,Loenen
11202,11202_1907,1907,,259,,,,,1910,1313,TRUE,,259,Loenen
11202,11202_1908,1908,,260,,,,,1910,1321,TRUE,,260,Loenen
11202,11202_1909,1909,300,259,,,,,1910,1317,TRUE,,259,Loenen
11202,11202_1910,1910,,253,,,,,1910,1285,TRUE,,253,Loenen
11202,11202_1911,1911,,253,,,,,1910,1285,TRUE,,253,Loenen
11202,11202_1912,1912,,252,,,,,1910,1280,TRUE,,252,Loenen
11202,11202_1913,1913,,256,,,,,1910,1298,TRUE,,256,Loenen
11202,11202_1914,1914,,253,,,,,1910,1285,TRUE,,253,Loenen
11202,11202_1915,1915,,268,,,,,1920,1356,TRUE,,268,Loenen
11202,11202_1916,1916,,260,,,,,1920,1321,TRUE,,260,Loenen
11202,11202_1917,1917,,252,,,,,1920,1283,TRUE,,252,Loenen
11202,11202_1918,1918,,258,,,,,1920,1309,TRUE,,258,Loenen
11202,11202_1919,1919,,263,,,,,1920,1336,TRUE,,263,Loenen
11202,11202_1920,1920,323,266,,,,,1920,1350,TRUE,,266,Loenen
11202,11202_1921,1921,,267,,,,,1920,1355,TRUE,,267,Loenen
11209,11209_1849,1849,2801,4522,,,,,1850,,FALSE,4522,,Nijmegen
11209,11209_1850,1850,,,,,,,1850,,TRUE,4511,,Nijmegen
11209,11209_1851,1851,,4201,,,,,1850,20344,TRUE,4501,4201,Nijmegen
11209,11209_1852,1852,,4277,,,,,1850,20711,TRUE,4491,4277,Nijmegen
11209,11209_1853,1853,,4340,,,,,1850,21013,TRUE,4481,4340,Nijmegen
11209,11209_1854,1854,,4351,,,,,1850,21067,TRUE,4471,4351,Nijmegen
11209,11209_1855,1855,,4333,,,,,1860,20979,TRUE,4461,4333,Nijmegen
11209,11209_1856,1856,,4326,,,,,1860,20945,TRUE,4451,4326,Nijmegen
11209,11209_1857,1857,,4336,,,,,1860,20995,TRUE,4441,4336,Nijmegen
11209,11209_1858,1858,,4353,,,,,1860,21077,TRUE,4431,4353,Nijmegen
11209,11209_1859,1859,2564,4421,,,,,1860,21493,FALSE,4421,4439,Nijmegen
11209,11209_1860,1860,,4467,,,,,1860,21628,TRUE,4485,4467,Nijmegen
11209,11209_1861,1861,,4434,,,,,1860,21468,TRUE,4549,4434,Nijmegen
11209,11209_1862,1862,,4495,,,,,1860,21765,TRUE,4614,4495,Nijmegen
11209,11209_1863,1863,,4573,,,,,1860,22140,TRUE,4678,4573,Nijmegen
11209,11209_1864,1864,,4601,,,,,1860,22274,TRUE,4743,4601,Nijmegen
11209,11209_1865,1865,,4649,,,,,1860,22508,TRUE,4807,4649,Nijmegen
11209,11209_1866,1866,,4658,,,,,1870,22551,TRUE,4871,4658,Nijmegen
11209,11209_1867,1867,,4692,,,,,1870,22712,TRUE,4936,4692,Nijmegen
11209,11209_1868,1868,,4722,,,,,1870,22860,TRUE,5000,4722,Nijmegen
11209,11209_1869,1869,5326,5065,,,,,1870,22903,FALSE,5065,4731,Nijmegen
11209,11209_1870,1870,,4771,,,,,1870,23093,TRUE,5054,4771,Nijmegen
11209,11209_1871,1871,,4759,,,,,1870,23038,TRUE,5044,4759,Nijmegen
11209,11209_1872,1872,,4707,,,,,1870,22785,TRUE,5033,4707,Nijmegen
11209,11209_1873,1873,,4694,,,,,1870,22721,TRUE,5023,4694,Nijmegen
11209,11209_1874,1874,,4737,,,,,1870,22929,TRUE,5013,4737,Nijmegen
11209,11209_1875,1875,,4792,,,,,1880,23198,TRUE,5002,4792,Nijmegen
11209,11209_1876,1876,,4857,,,,,1880,23509,TRUE,4992,4857,Nijmegen
11209,11209_1877,1877,,4929,,,,,1880,23859,TRUE,4981,4929,Nijmegen
11209,11209_1878,1878,,5010,,,,,1880,24251,TRUE,4971,5010,Nijmegen
11209,11209_1879,1879,3798,4961,4221,740,211,373,1880,24980,FALSE,4961,5161,Nijmegen
11209,11209_1880,1880,,5343,,,,,1880,25856,TRUE,5086,5343,Nijmegen
11209,11209_1881,1881,,5503,,,,,1880,26629,TRUE,5211,5503,Nijmegen
11209,11209_1882,1882,,5688,,,,,1880,27522,TRUE,5336,5688,Nijmegen
11209,11209_1883,1883,,5829,,,,,1880,28204,TRUE,5461,5829,Nijmegen
11209,11209_1884,1884,,5951,,,,,1880,28793,TRUE,5586,5951,Nijmegen
11209,11209_1885,1885,,6141,,,,,1880,29710,TRUE,5711,6141,Nijmegen
11209,11209_1886,1886,,6278,,,,,1890,30372,TRUE,5836,6278,Nijmegen
11209,11209_1887,1887,,6432,,,,,1890,31113,TRUE,5961,6432,Nijmegen
11209,11209_1888,1888,,6562,,,,,1890,31742,TRUE,6086,6562,Nijmegen
11209,11209_1889,1889,5139,6212,5177,1035,257,387,1890,32101,FALSE,6212,6637,Nijmegen
11209,11209_1890,1890,,6744,,,,,1890,32618,TRUE,6411,6744,Nijmegen
11209,11209_1891,1891,,6821,,,,,1890,32990,TRUE,6611,6821,Nijmegen
11209,11209_1892,1892,,7057,,,,,1890,34128,TRUE,6810,7057,Nijmegen
11209,11209_1893,1893,,7169,,,,,1890,34671,TRUE,7010,7169,Nijmegen
11209,11209_1894,1894,,7402,,,,,1890,35795,TRUE,7210,7402,Nijmegen
11209,11209_1895,1895,,7653,,,,,1900,37008,TRUE,7409,7653,Nijmegen
11209,11209_1896,1896,,7978,,,,,1900,38576,TRUE,7609,7978,Nijmegen
11209,11209_1897,1897,,8293,,,,,1900,40098,TRUE,7808,8293,Nijmegen
11209,11209_1898,1898,,8515,,,,,1900,41166,TRUE,8008,8515,Nijmegen
11209,11209_1899,1899,6242,8208,6874,1334,334,467,1900,42756,FALSE,8208,8844,Nijmegen
11209,11209_1900,1900,,9109,,,,,1900,44034,TRUE,8465,9109,Nijmegen
11209,11209_1901,1901,,9372,,,,,1900,45304,TRUE,8722,9372,Nijmegen
11209,11209_1902,1902,,9608,,,,,1900,46445,TRUE,8979,9608,Nijmegen
11209,11209_1903,1903,,9863,,,,,1900,47673,TRUE,9236,9863,Nijmegen
11209,11209_1904,1904,,10208,,,,,1900,49342,TRUE,9493,10208,Nijmegen
11209,11209_1905,1905,,10486,,,,,1900,50684,TRUE,9750,10486,Nijmegen
11209,11209_1906,1906,,10789,,,,,1910,52147,TRUE,10007,10789,Nijmegen
11209,11209_1907,1907,,11010,,,,,1910,53213,TRUE,10264,11010,Nijmegen
11209,11209_1908,1908,,11326,,,,,1910,54735,TRUE,10521,11326,Nijmegen
11209,11209_1909,1909,7123,11340,,,,,1910,54803,TRUE,10778,11340,Nijmegen
11209,11209_1910,1910,,11595,,,,,1910,56035,TRUE,11035,11595,Nijmegen
11209,11209_1911,1911,,11819,,,,,1910,57116,TRUE,11292,11819,Nijmegen
11209,11209_1912,1912,,12083,,,,,1910,58390,TRUE,11549,12083,Nijmegen
11209,11209_1913,1913,,12240,,,,,1910,59147,TRUE,11806,12240,Nijmegen
11209,11209_1914,1914,,12523,,,,,1910,60515,TRUE,12063,12523,Nijmegen
11209,11209_1915,1915,,12908,,,,,1920,62372,TRUE,12320,12908,Nijmegen
11209,11209_1916,1916,,13390,,,,,1920,64699,TRUE,12577,13390,Nijmegen
11209,11209_1917,1917,,13758,,,,,1920,66479,TRUE,12834,13758,Nijmegen
11209,11209_1918,1918,,13750,,,,,1920,66439,TRUE,13091,13750,Nijmegen
11209,11209_1919,1919,,13832,,,,,1920,66833,TRUE,13348,13832,Nijmegen
11209,11209_1920,1920,9928,13606,11689,1917,603,1042,1920,66911,FALSE,13606,13848,Nijmegen
11209,11209_1921,1921,,14162,,,,,1920,68425,TRUE,,14162,Nijmegen
11225,11225_1849,1849,173,235,,,,,1850,,FALSE,235,,Landsmeer
11225,11225_1850,1850,,,,,,,1850,,TRUE,235,,Landsmeer
11225,11225_1851,1851,,224,,,,,1850,1144,TRUE,236,224,Landsmeer
11225,11225_1852,1852,,230,,,,,1850,1176,TRUE,237,230,Landsmeer
11225,11225_1853,1853,,239,,,,,1850,1218,TRUE,237,239,Landsmeer
11225,11225_1854,1854,,239,,,,,1850,1217,TRUE,238,239,Landsmeer
11225,11225_1855,1855,,243,,,,,1860,1237,TRUE,239,243,Landsmeer
11225,11225_1856,1856,,243,,,,,1860,1236,TRUE,239,243,Landsmeer
11225,11225_1857,1857,,244,,,,,1860,1242,TRUE,240,244,Landsmeer
11225,11225_1858,1858,,234,,,,,1860,1195,TRUE,241,234,Landsmeer
11225,11225_1859,1859,198,242,,,,,1860,1219,FALSE,242,239,Landsmeer
11225,11225_1860,1860,,226,,,,,1860,1155,TRUE,243,226,Landsmeer
11225,11225_1861,1861,,239,,,,,1860,1219,TRUE,245,239,Landsmeer
11225,11225_1862,1862,,244,,,,,1860,1243,TRUE,246,244,Landsmeer
11225,11225_1863,1863,,249,,,,,1860,1269,TRUE,248,249,Landsmeer
11225,11225_1864,1864,,253,,,,,1860,1287,TRUE,249,253,Landsmeer
11225,11225_1865,1865,,259,,,,,1860,1315,TRUE,251,259,Landsmeer
11225,11225_1866,1866,,267,,,,,1870,1355,TRUE,252,267,Landsmeer
11225,11225_1867,1867,,271,,,,,1870,1374,TRUE,254,271,Landsmeer
11225,11225_1868,1868,,272,,,,,1870,1380,TRUE,255,272,Landsmeer
11225,11225_1869,1869,416,257,,,,,1870,1230,FALSE,257,241,Landsmeer
11225,11225_1870,1870,,243,,,,,1870,1238,TRUE,262,243,Landsmeer
11225,11225_1871,1871,,248,,,,,1870,1261,TRUE,267,248,Landsmeer
11225,11225_1872,1872,,260,,,,,1870,1320,TRUE,272,260,Landsmeer
11225,11225_1873,1873,,266,,,,,1870,1348,TRUE,277,266,Landsmeer
11225,11225_1874,1874,,270,,,,,1870,1369,TRUE,282,270,Landsmeer
11225,11225_1875,1875,,273,,,,,1880,1384,TRUE,287,273,Landsmeer
11225,11225_1876,1876,,276,,,,,1880,1399,TRUE,292,276,Landsmeer
11225,11225_1877,1877,,283,,,,,1880,1432,TRUE,297,283,Landsmeer
11225,11225_1878,1878,,289,,,,,1880,1462,TRUE,302,289,Landsmeer
11225,11225_1879,1879,319,308,285,23,3,8,1880,1518,FALSE,308,301,Landsmeer
11225,11225_1880,1880,,311,,,,,1880,1565,TRUE,312,311,Landsmeer
11225,11225_1881,1881,,314,,,,,1880,1578,TRUE,316,314,Landsmeer
11225,11225_1882,1882,,318,,,,,1880,1599,TRUE,320,318,Landsmeer
11225,11225_1883,1883,,322,,,,,1880,1620,TRUE,324,322,Landsmeer
11225,11225_1884,1884,,338,,,,,1880,1697,TRUE,328,338,Landsmeer
11225,11225_1885,1885,,343,,,,,1880,1719,TRUE,332,343,Landsmeer
11225,11225_1886,1886,,343,,,,,1890,1722,TRUE,336,343,Landsmeer
11225,11225_1887,1887,,351,,,,,1890,1759,TRUE,340,351,Landsmeer
11225,11225_1888,1888,,352,,,,,1890,1764,TRUE,344,352,Landsmeer
11225,11225_1889,1889,371,348,311,37,10,12,1890,1769,FALSE,348,353,Landsmeer
11225,11225_1890,1890,,369,,,,,1890,1845,TRUE,354,369,Landsmeer
11225,11225_1891,1891,,375,,,,,1890,1874,TRUE,361,375,Landsmeer
11225,11225_1892,1892,,370,,,,,1890,1852,TRUE,367,370,Landsmeer
11225,11225_1893,1893,,377,,,,,1890,1886,TRUE,374,377,Landsmeer
11225,11225_1894,1894,,382,,,,,1890,1908,TRUE,381,382,Landsmeer
11225,11225_1895,1895,,385,,,,,1900,1921,TRUE,387,385,Landsmeer
11225,11225_1896,1896,,393,,,,,1900,1963,TRUE,394,393,Landsmeer
11225,11225_1897,1897,,392,,,,,1900,1958,TRUE,400,392,Landsmeer
11225,11225_1898,1898,,396,,,,,1900,1975,TRUE,407,396,Landsmeer
11225,11225_1899,1899,445,414,377,37,14,17,1900,2026,FALSE,414,406,Landsmeer
11225,11225_1900,1900,,410,,,,,1900,2044,TRUE,,410,Landsmeer
11225,11225_1901,1901,,422,,,,,1900,2102,TRUE,,422,Landsmeer
11225,11225_1902,1902,,425,,,,,1900,2116,TRUE,,425,Landsmeer
11225,11225_1903,1903,,433,,,,,1900,2157,TRUE,,433,Landsmeer
11225,11225_1904,1904,,439,,,,,1900,2186,TRUE,,439,Landsmeer
11225,11225_1905,1905,,448,,,,,1900,2227,TRUE,,448,Landsmeer
11225,11225_1906,1906,,454,,,,,1910,2256,TRUE,,454,Landsmeer
11225,11225_1907,1907,,455,,,,,1910,2261,TRUE,,455,Landsmeer
11225,11225_1908,1908,,456,,,,,1910,2265,TRUE,,456,Landsmeer
11225,11225_1909,1909,543,459,,,,,1910,2280,TRUE,,459,Landsmeer
11225,11225_1910,1910,,468,,,,,1910,2324,TRUE,,468,Landsmeer
11225,11225_1911,1911,,471,,,,,1910,2339,TRUE,,471,Landsmeer
11225,11225_1912,1912,,473,,,,,1910,2346,TRUE,,473,Landsmeer
11225,11225_1913,1913,,490,,,,,1910,2432,TRUE,,490,Landsmeer
11225,11225_1914,1914,,502,,,,,1910,2488,TRUE,,502,Landsmeer
11225,11225_1915,1915,,509,,,,,1920,2520,TRUE,,509,Landsmeer
11225,11225_1916,1916,,496,,,,,1920,2459,TRUE,,496,Landsmeer
11225,11225_1917,1917,,501,,,,,1920,2481,TRUE,,501,Landsmeer
11225,11225_1918,1918,,505,,,,,1920,2501,TRUE,,505,Landsmeer
11225,11225_1919,1919,,509,,,,,1920,2523,TRUE,,509,Landsmeer
11225,11225_1920,1920,632,529,,,,,1920,2617,TRUE,,529,Landsmeer
11225,11225_1921,1921,,537,,,,,1920,2655,TRUE,,537,Landsmeer
11255,11255_1849,1849,97,103,,,,,1850,,FALSE,103,,Baexem
11255,11255_1850,1850,,,,,,,1850,,TRUE,103,,Baexem
11255,11255_1851,1851,,102,,,,,1850,556,TRUE,104,102,Baexem
11255,11255_1852,1852,,100,,,,,1850,547,TRUE,105,100,Baexem
11255,11255_1853,1853,,103,,,,,1850,564,TRUE,105,103,Baexem
11255,11255_1854,1854,,100,,,,,1850,547,TRUE,106,100,Baexem
11255,11255_1855,1855,,101,,,,,1860,554,TRUE,107,101,Baexem
11255,11255_1856,1856,,101,,,,,1860,551,TRUE,107,101,Baexem
11255,11255_1857,1857,,100,,,,,1860,547,TRUE,108,100,Baexem
11255,11255_1858,1858,,102,,,,,1860,557,TRUE,109,102,Baexem
11255,11255_1859,1859,107,110,,,,,1860,580,FALSE,110,107,Baexem
11255,11255_1860,1860,,109,,,,,1860,592,TRUE,110,109,Baexem
11255,11255_1861,1861,,109,,,,,1860,590,TRUE,111,109,Baexem
11255,11255_1862,1862,,109,,,,,1860,591,TRUE,111,109,Baexem
11255,11255_1863,1863,,108,,,,,1860,585,TRUE,112,108,Baexem
11255,11255_1864,1864,,104,,,,,1860,567,TRUE,112,104,Baexem
11255,11255_1865,1865,,100,,,,,1860,547,TRUE,113,100,Baexem
11255,11255_1866,1866,,103,,,,,1870,563,TRUE,113,103,Baexem
11255,11255_1867,1867,,107,,,,,1870,582,TRUE,114,107,Baexem
11255,11255_1868,1868,,112,,,,,1870,603,TRUE,114,112,Baexem
11255,11255_1869,1869,117,115,,,,,1870,650,FALSE,115,121,Baexem
11255,11255_1870,1870,,123,,,,,1870,656,TRUE,115,123,Baexem
11255,11255_1871,1871,,124,,,,,1870,661,TRUE,115,124,Baexem
11255,11255_1872,1872,,126,,,,,1870,673,TRUE,115,126,Baexem
11255,11255_1873,1873,,121,,,,,1870,649,TRUE,116,121,Baexem
11255,11255_1874,1874,,127,,,,,1870,677,TRUE,116,127,Baexem
11255,11255_1875,1875,,132,,,,,1880,701,TRUE,116,132,Baexem
11255,11255_1876,1876,,134,,,,,1880,710,TRUE,117,134,Baexem
11255,11255_1877,1877,,139,,,,,1880,738,TRUE,117,139,Baexem
11255,11255_1878,1878,,141,,,,,1880,747,TRUE,117,141,Baexem
11255,11255_1879,1879,119,118,103,15,,1,1880,702,FALSE,118,132,Baexem
11255,11255_1880,1880,,133,,,,,1880,708,TRUE,118,133,Baexem
11255,11255_1881,1881,,132,,,,,1880,702,TRUE,118,132,Baexem
11255,11255_1882,1882,,139,,,,,1880,737,TRUE,118,139,Baexem
11255,11255_1883,1883,,135,,,,,1880,718,TRUE,118,135,Baexem
11255,11255_1884,1884,,137,,,,,1880,727,TRUE,118,137,Baexem
11255,11255_1885,1885,,135,,,,,1880,718,TRUE,118,135,Baexem
11255,11255_1886,1886,,137,,,,,1890,726,TRUE,118,137,Baexem
11255,11255_1887,1887,,136,,,,,1890,722,TRUE,118,136,Baexem
11255,11255_1888,1888,,136,,,,,1890,719,TRUE,118,136,Baexem
11255,11255_1889,1889,,123,,,,,1890,660,TRUE,118,123,Baexem
11255,11255_1890,1890,,125,,,,,1890,666,TRUE,118,125,Baexem
11255,11255_1891,1891,,124,,,,,1890,665,TRUE,118,124,Baexem
11255,11255_1892,1892,,125,,,,,1890,669,TRUE,118,125,Baexem
11255,11255_1893,1893,,132,,,,,1890,700,TRUE,118,132,Baexem
11255,11255_1894,1894,,134,,,,,1890,710,TRUE,118,134,Baexem
11255,11255_1895,1895,,134,,,,,1900,712,TRUE,118,134,Baexem
11255,11255_1896,1896,,134,,,,,1900,713,TRUE,118,134,Baexem
11255,11255_1897,1897,,137,,,,,1900,728,TRUE,118,137,Baexem
11255,11255_1898,1898,,138,,,,,1900,732,TRUE,118,138,Baexem
11255,11255_1899,1899,120,119,98,21,1,2,1900,670,FALSE,119,125,Baexem
11255,11255_1900,1900,,124,,,,,1900,662,TRUE,,124,Baexem
11255,11255_1901,1901,,125,,,,,1900,666,TRUE,,125,Baexem
11255,11255_1902,1902,,125,,,,,1900,670,TRUE,,125,Baexem
11255,11255_1903,1903,,130,,,,,1900,693,TRUE,,130,Baexem
11255,11255_1904,1904,,134,,,,,1900,712,TRUE,,134,Baexem
11255,11255_1905,1905,,134,,,,,1900,712,TRUE,,134,Baexem
11255,11255_1906,1906,,139,,,,,1910,738,TRUE,,139,Baexem
11255,11255_1907,1907,,142,,,,,1910,748,TRUE,,142,Baexem
11255,11255_1908,1908,,144,,,,,1910,761,TRUE,,144,Baexem
11255,11255_1909,1909,129,137,,,,,1910,725,TRUE,,137,Baexem
11255,11255_1910,1910,,143,,,,,1910,755,TRUE,,143,Baexem
11255,11255_1911,1911,,147,,,,,1910,772,TRUE,,147,Baexem
11255,11255_1912,1912,,150,,,,,1910,788,TRUE,,150,Baexem
11255,11255_1913,1913,,149,,,,,1910,786,TRUE,,149,Baexem
11255,11255_1914,1914,,155,,,,,1910,814,TRUE,,155,Baexem
11255,11255_1915,1915,,162,,,,,1920,848,TRUE,,162,Baexem
11255,11255_1916,1916,,170,,,,,1920,885,TRUE,,170,Baexem
11255,11255_1917,1917,,168,,,,,1920,876,TRUE,,168,Baexem
11255,11255_1918,1918,,168,,,,,1920,878,TRUE,,168,Baexem
11255,11255_1919,1919,,173,,,,,1920,898,TRUE,,173,Baexem
11255,11255_1920,1920,149,173,,,,,1920,899,TRUE,,173,Baexem
11255,11255_1921,1921,,172,,,,,1920,893,TRUE,,172,Baexem
11261,11261_1849,1849,250,272,,,,,1850,,FALSE,272,,Maasniel
11261,11261_1850,1850,,,,,,,1850,,TRUE,274,,Maasniel
11261,11261_1851,1851,,267,,,,,1850,1354,TRUE,277,267,Maasniel
11261,11261_1852,1852,,273,,,,,1850,1384,TRUE,280,273,Maasniel
11261,11261_1853,1853,,277,,,,,1850,1402,TRUE,282,277,Maasniel
11261,11261_1854,1854,,277,,,,,1850,1402,TRUE,285,277,Maasniel
11261,11261_1855,1855,,285,,,,,1860,1442,TRUE,288,285,Maasniel
11261,11261_1856,1856,,282,,,,,1860,1425,TRUE,290,282,Maasniel
11261,11261_1857,1857,,289,,,,,1860,1461,TRUE,293,289,Maasniel
11261,11261_1858,1858,,297,,,,,1860,1496,TRUE,296,297,Maasniel
11261,11261_1859,1859,296,299,,,,,1860,1680,FALSE,299,335,Maasniel
11261,11261_1860,1860,,341,,,,,1860,1711,TRUE,301,341,Maasniel
11261,11261_1861,1861,,337,,,,,1860,1689,TRUE,304,337,Maasniel
11261,11261_1862,1862,,339,,,,,1860,1701,TRUE,306,339,Maasniel
11261,11261_1863,1863,,339,,,,,1860,1703,TRUE,309,339,Maasniel
11261,11261_1864,1864,,340,,,,,1860,1708,TRUE,312,340,Maasniel
11261,11261_1865,1865,,343,,,,,1860,1720,TRUE,314,343,Maasniel
11261,11261_1866,1866,,348,,,,,1870,1745,TRUE,317,348,Maasniel
11261,11261_1867,1867,,342,,,,,1870,1714,TRUE,319,342,Maasniel
11261,11261_1868,1868,,345,,,,,1870,1731,TRUE,322,345,Maasniel
11261,11261_1869,1869,329,325,,,,,1870,1827,FALSE,325,365,Maasniel
11261,11261_1870,1870,,366,,,,,1870,1831,TRUE,329,366,Maasniel
11261,11261_1871,1871,,356,,,,,1870,1782,TRUE,334,356,Maasniel
11261,11261_1872,1872,,363,,,,,1870,1816,TRUE,339,363,Maasniel
11261,11261_1873,1873,,370,,,,,1870,1849,TRUE,344,370,Maasniel
11261,11261_1874,1874,,373,,,,,1870,1864,TRUE,349,373,Maasniel
11261,11261_1875,1875,,381,,,,,1880,1906,TRUE,353,381,Maasniel
11261,11261_1876,1876,,382,,,,,1880,1908,TRUE,358,382,Maasniel
11261,11261_1877,1877,,395,,,,,1880,1970,TRUE,363,395,Maasniel
11261,11261_1878,1878,,404,,,,,1880,2014,TRUE,368,404,Maasniel
11261,11261_1879,1879,380,373,327,46,4,4,1880,2116,FALSE,373,425,Maasniel
11261,11261_1880,1880,,418,,,,,1880,2080,TRUE,376,418,Maasniel
11261,11261_1881,1881,,417,,,,,1880,2079,TRUE,379,417,Maasniel
11261,11261_1882,1882,,429,,,,,1880,2134,TRUE,383,429,Maasniel
11261,11261_1883,1883,,434,,,,,1880,2160,TRUE,386,434,Maasniel
11261,11261_1884,1884,,428,,,,,1880,2129,TRUE,389,428,Maasniel
11261,11261_1885,1885,,430,,,,,1880,2142,TRUE,393,430,Maasniel
11261,11261_1886,1886,,444,,,,,1890,2209,TRUE,396,444,Maasniel
11261,11261_1887,1887,,449,,,,,1890,2233,TRUE,399,449,Maasniel
11261,11261_1888,1888,,449,,,,,1890,2232,TRUE,403,449,Maasniel
11261,11261_1889,1889,,441,,,,,1890,2192,TRUE,406,441,Maasniel
11261,11261_1890,1890,,452,,,,,1890,2245,TRUE,409,452,Maasniel
11261,11261_1891,1891,,451,,,,,1890,2240,TRUE,413,451,Maasniel
11261,11261_1892,1892,,459,,,,,1890,2281,TRUE,416,459,Maasniel
11261,11261_1893,1893,,461,,,,,1890,2292,TRUE,419,461,Maasniel
11261,11261_1894,1894,,466,,,,,1890,2315,TRUE,423,466,Maasniel
11261,11261_1895,1895,,481,,,,,1900,2386,TRUE,426,481,Maasniel
11261,11261_1896,1896,,487,,,,,1900,2416,TRUE,429,487,Maasniel
11261,11261_1897,1897,,490,,,,,1900,2432,TRUE,433,490,Maasniel
11261,11261_1898,1898,,510,,,,,1900,2526,TRUE,436,510,Maasniel
11261,11261_1899,1899,474,440,381,59,5,4,1900,2492,FALSE,440,503,Maasniel
11261,11261_1900,1900,,503,,,,,1900,2495,TRUE,,503,Maasniel
11261,11261_1901,1901,,505,,,,,1900,2501,TRUE,,505,Maasniel
11261,11261_1902,1902,,527,,,,,1900,2608,TRUE,,527,Maasniel
11261,11261_1903,1903,,541,,,,,1900,2677,TRUE,,541,Maasniel
11261,11261_1904,1904,,548,,,,,1900,2711,TRUE,,548,Maasniel
11261,11261_1905,1905,,565,,,,,1900,2790,TRUE,,565,Maasniel
11261,11261_1906,1906,,572,,,,,1910,2828,TRUE,,572,Maasniel
11261,11261_1907,1907,,583,,,,,1910,2880,TRUE,,583,Maasniel
11261,11261_1908,1908,,594,,,,,1910,2933,TRUE,,594,Maasniel
11261,11261_1909,1909,509,555,,,,,1910,2743,TRUE,,555,Maasniel
11261,11261_1910,1910,,569,,,,,1910,2812,TRUE,,569,Maasniel
11261,11261_1911,1911,,575,,,,,1910,2842,TRUE,,575,Maasniel
11261,11261_1912,1912,,578,,,,,1910,2854,TRUE,,578,Maasniel
11261,11261_1913,1913,,600,,,,,1910,2961,TRUE,,600,Maasniel
11261,11261_1914,1914,,630,,,,,1910,3104,TRUE,,630,Maasniel
11261,11261_1915,1915,,645,,,,,1920,3177,TRUE,,645,Maasniel
11261,11261_1916,1916,,667,,,,,1920,3286,TRUE,,667,Maasniel
11261,11261_1917,1917,,682,,,,,1920,3355,TRUE,,682,Maasniel
11261,11261_1918,1918,,684,,,,,1920,3366,TRUE,,684,Maasniel
11261,11261_1919,1919,,694,,,,,1920,3413,TRUE,,694,Maasniel
11261,11261_1920,1920,560,680,,,,,1920,3348,TRUE,,680,Maasniel
11261,11261_1921,1921,,706,,,,,1920,3472,TRUE,,706,Maasniel
11263,11263_1849,1849,420,431,,,,,1850,,FALSE,431,,Lochem
11263,11263_1850,1850,,,,,,,1850,,TRUE,436,,Lochem
11263,11263_1851,1851,,441,,,,,1850,2193,TRUE,441,441,Lochem
11263,11263_1852,1852,,445,,,,,1850,2211,TRUE,446,445,Lochem
11263,11263_1853,1853,,443,,,,,1850,2202,TRUE,451,443,Lochem
11263,11263_1854,1854,,450,,,,,1850,2236,TRUE,456,450,Lochem
11263,11263_1855,1855,,459,,,,,1860,2282,TRUE,461,459,Lochem
11263,11263_1856,1856,,454,,,,,1860,2257,TRUE,466,454,Lochem
11263,11263_1857,1857,,456,,,,,1860,2268,TRUE,471,456,Lochem
11263,11263_1858,1858,,462,,,,,1860,2296,TRUE,476,462,Lochem
11263,11263_1859,1859,478,482,,,,,1860,2251,FALSE,482,453,Lochem
11263,11263_1860,1860,,459,,,,,1860,2281,TRUE,492,459,Lochem
11263,11263_1861,1861,,465,,,,,1860,2307,TRUE,503,465,Lochem
11263,11263_1862,1862,,471,,,,,1860,2338,TRUE,514,471,Lochem
11263,11263_1863,1863,,487,,,,,1860,2414,TRUE,525,487,Lochem
11263,11263_1864,1864,,497,,,,,1860,2462,TRUE,536,497,Lochem
11263,11263_1865,1865,,501,,,,,1860,2483,TRUE,547,501,Lochem
11263,11263_1866,1866,,507,,,,,1870,2514,TRUE,558,507,Lochem
11263,11263_1867,1867,,504,,,,,1870,2499,TRUE,569,504,Lochem
11263,11263_1868,1868,,508,,,,,1870,2519,TRUE,580,508,Lochem
11263,11263_1869,1869,1110,591,,,,,1870,2479,FALSE,591,500,Lochem
11263,11263_1870,1870,,507,,,,,1870,2514,TRUE,594,507,Lochem
11263,11263_1871,1871,,517,,,,,1870,2560,TRUE,598,517,Lochem
11263,11263_1872,1872,,524,,,,,1870,2596,TRUE,602,524,Lochem
11263,11263_1873,1873,,538,,,,,1870,2663,TRUE,606,538,Lochem
11263,11263_1874,1874,,539,,,,,1870,2668,TRUE,610,539,Lochem
11263,11263_1875,1875,,542,,,,,1880,2683,TRUE,614,542,Lochem
11263,11263_1876,1876,,550,,,,,1880,2721,TRUE,618,550,Lochem
11263,11263_1877,1877,,563,,,,,1880,2783,TRUE,622,563,Lochem
11263,11263_1878,1878,,580,,,,,1880,2865,TRUE,626,580,Lochem
11263,11263_1879,1879,643,630,538,92,8,23,1880,2906,FALSE,630,589,Lochem
11263,11263_1880,1880,,594,,,,,1880,2932,TRUE,644,594,Lochem
11263,11263_1881,1881,,606,,,,,1880,2989,TRUE,659,606,Lochem
11263,11263_1882,1882,,619,,,,,1880,3052,TRUE,674,619,Lochem
11263,11263_1883,1883,,635,,,,,1880,3131,TRUE,689,635,Lochem
11263,11263_1884,1884,,657,,,,,1880,3235,TRUE,704,657,Lochem
11263,11263_1885,1885,,681,,,,,1880,3353,TRUE,719,681,Lochem
11263,11263_1886,1886,,684,,,,,1890,3366,TRUE,734,684,Lochem
11263,11263_1887,1887,,693,,,,,1890,3412,TRUE,749,693,Lochem
11263,11263_1888,1888,,715,,,,,1890,3518,TRUE,764,715,Lochem
11263,11263_1889,1889,815,779,664,115,20,31,1890,3552,FALSE,779,722,Lochem
11263,11263_1890,1890,,738,,,,,1890,3627,TRUE,788,738,Lochem
11263,11263_1891,1891,,741,,,,,1890,3640,TRUE,798,741,Lochem
11263,11263_1892,1892,,755,,,,,1890,3707,TRUE,808,755,Lochem
11263,11263_1893,1893,,761,,,,,1890,3737,TRUE,818,761,Lochem
11263,11263_1894,1894,,773,,,,,1890,3797,TRUE,828,773,Lochem
11263,11263_1895,1895,,792,,,,,1900,3887,TRUE,838,792,Lochem
11263,11263_1896,1896,,803,,,,,1900,3941,TRUE,848,803,Lochem
11263,11263_1897,1897,,801,,,,,1900,3930,TRUE,858,801,Lochem
11263,11263_1898,1898,,818,,,,,1900,4015,TRUE,868,818,Lochem
11263,11263_1899,1899,910,878,744,134,25,30,1900,4031,FALSE,878,822,Lochem
11263,11263_1900,1900,,832,,,,,1900,4082,TRUE,,832,Lochem
11263,11263_1901,1901,,849,,,,,1900,4163,TRUE,,849,Lochem
11263,11263_1902,1902,,866,,,,,1900,4243,TRUE,,866,Lochem
11263,11263_1903,1903,,874,,,,,1900,4282,TRUE,,874,Lochem
11263,11263_1904,1904,,885,,,,,1900,4336,TRUE,,885,Lochem
11263,11263_1905,1905,,899,,,,,1900,4404,TRUE,,899,Lochem
11263,11263_1906,1906,,911,,,,,1910,4460,TRUE,,911,Lochem
11263,11263_1907,1907,,930,,,,,1910,4552,TRUE,,930,Lochem
11263,11263_1908,1908,,964,,,,,1910,4716,TRUE,,964,Lochem
11263,11263_1909,1909,1081,966,,,,,1910,4730,TRUE,,966,Lochem
11263,11263_1910,1910,,974,,,,,1910,4766,TRUE,,974,Lochem
11263,11263_1911,1911,,991,,,,,1910,4850,TRUE,,991,Lochem
11263,11263_1912,1912,,1009,,,,,1910,4936,TRUE,,1009,Lochem
11263,11263_1913,1913,,1033,,,,,1910,5052,TRUE,,1033,Lochem
11263,11263_1914,1914,,1049,,,,,1910,5129,TRUE,,1049,Lochem
11263,11263_1915,1915,,1058,,,,,1920,5170,TRUE,,1058,Lochem
11263,11263_1916,1916,,1071,,,,,1920,5236,TRUE,,1071,Lochem
11263,11263_1917,1917,,1082,,,,,1920,5287,TRUE,,1082,Lochem
11263,11263_1918,1918,,1097,,,,,1920,5358,TRUE,,1097,Lochem
11263,11263_1919,1919,,1102,,,,,1920,5384,TRUE,,1102,Lochem
11263,11263_1920,1920,1255,1107,,,,,1920,5406,TRUE,,1107,Lochem
11263,11263_1921,1921,,1116,,,,,1920,5450,TRUE,,1116,Lochem
11297,11297_1849,1849,475,499,,,,,1850,,FALSE,499,,Hilvarenbeek
11297,11297_1850,1850,,,,,,,1850,,TRUE,499,,Hilvarenbeek
11297,11297_1851,1851,,494,,,,,1850,2451,TRUE,500,494,Hilvarenbeek
11297,11297_1852,1852,,499,,,,,1850,2474,TRUE,500,499,Hilvarenbeek
11297,11297_1853,1853,,503,,,,,1850,2492,TRUE,501,503,Hilvarenbeek
11297,11297_1854,1854,,503,,,,,1850,2493,TRUE,501,503,Hilvarenbeek
11297,11297_1855,1855,,505,,,,,1860,2501,TRUE,502,505,Hilvarenbeek
11297,11297_1856,1856,,511,,,,,1860,2530,TRUE,502,511,Hilvarenbeek
11297,11297_1857,1857,,511,,,,,1860,2533,TRUE,503,511,Hilvarenbeek
11297,11297_1858,1858,,516,,,,,1860,2556,TRUE,503,516,Hilvarenbeek
11297,11297_1859,1859,498,504,,,,,1860,2525,FALSE,504,510,Hilvarenbeek
11297,11297_1860,1860,,474,,,,,1860,2354,TRUE,504,474,Hilvarenbeek
11297,11297_1861,1861,,472,,,,,1860,2342,TRUE,505,472,Hilvarenbeek
11297,11297_1862,1862,,474,,,,,1860,2353,TRUE,505,474,Hilvarenbeek
11297,11297_1863,1863,,477,,,,,1860,2369,TRUE,506,477,Hilvarenbeek
11297,11297_1864,1864,,478,,,,,1860,2370,TRUE,507,478,Hilvarenbeek
11297,11297_1865,1865,,475,,,,,1860,2359,TRUE,507,475,Hilvarenbeek
11297,11297_1866,1866,,477,,,,,1870,2368,TRUE,508,477,Hilvarenbeek
11297,11297_1867,1867,,475,,,,,1870,2359,TRUE,508,475,Hilvarenbeek
11297,11297_1868,1868,,468,,,,,1870,2325,TRUE,509,468,Hilvarenbeek
11297,11297_1869,1869,498,510,,,,,1870,2248,FALSE,510,452,Hilvarenbeek
11297,11297_1870,1870,,457,,,,,1870,2270,TRUE,503,457,Hilvarenbeek
11297,11297_1871,1871,,455,,,,,1870,2262,TRUE,497,455,Hilvarenbeek
11297,11297_1872,1872,,455,,,,,1870,2262,TRUE,491,455,Hilvarenbeek
11297,11297_1873,1873,,456,,,,,1870,2268,TRUE,485,456,Hilvarenbeek
11297,11297_1874,1874,,460,,,,,1870,2284,TRUE,479,460,Hilvarenbeek
11297,11297_1875,1875,,454,,,,,1880,2258,TRUE,473,454,Hilvarenbeek
11297,11297_1876,1876,,463,,,,,1880,2302,TRUE,467,463,Hilvarenbeek
11297,11297_1877,1877,,464,,,,,1880,2303,TRUE,461,464,Hilvarenbeek
11297,11297_1878,1878,,467,,,,,1880,2320,TRUE,455,467,Hilvarenbeek
11297,11297_1879,1879,481,449,392,57,12,20,1880,2271,FALSE,449,457,Hilvarenbeek
11297,11297_1880,1880,,460,,,,,1880,2284,TRUE,452,460,Hilvarenbeek
11297,11297_1881,1881,,452,,,,,1880,2247,TRUE,456,452,Hilvarenbeek
11297,11297_1882,1882,,457,,,,,1880,2273,TRUE,460,457,Hilvarenbeek
11297,11297_1883,1883,,459,,,,,1880,2282,TRUE,464,459,Hilvarenbeek
11297,11297_1884,1884,,461,,,,,1880,2291,TRUE,468,461,Hilvarenbeek
11297,11297_1885,1885,,468,,,,,1880,2326,TRUE,472,468,Hilvarenbeek
11297,11297_1886,1886,,460,,,,,1890,2287,TRUE,476,460,Hilvarenbeek
11297,11297_1887,1887,,463,,,,,1890,2298,TRUE,480,463,Hilvarenbeek
11297,11297_1888,1888,,469,,,,,1890,2331,TRUE,484,469,Hilvarenbeek
11297,11297_1889,1889,508,488,404,84,9,12,1890,2338,FALSE,488,471,Hilvarenbeek
11297,11297_1890,1890,,481,,,,,1890,2388,TRUE,489,481,Hilvarenbeek
11297,11297_1891,1891,,481,,,,,1890,2388,TRUE,491,481,Hilvarenbeek
11297,11297_1892,1892,,481,,,,,1890,2388,TRUE,493,481,Hilvarenbeek
11297,11297_1893,1893,,484,,,,,1890,2399,TRUE,494,484,Hilvarenbeek
11297,11297_1894,1894,,490,,,,,1890,2430,TRUE,496,490,Hilvarenbeek
11297,11297_1895,1895,,496,,,,,1900,2461,TRUE,498,496,Hilvarenbeek
11297,11297_1896,1896,,496,,,,,1900,2458,TRUE,499,496,Hilvarenbeek
11297,11297_1897,1897,,505,,,,,1900,2501,TRUE,501,505,Hilvarenbeek
11297,11297_1898,1898,,509,,,,,1900,2521,TRUE,503,509,Hilvarenbeek
11297,11297_1899,1899,532,505,440,65,12,16,1900,2461,FALSE,505,496,Hilvarenbeek
11297,11297_1900,1900,,502,,,,,1900,2489,TRUE,,502,Hilvarenbeek
11297,11297_1901,1901,,516,,,,,1900,2557,TRUE,,516,Hilvarenbeek
11297,11297_1902,1902,,524,,,,,1900,2593,TRUE,,524,Hilvarenbeek
11297,11297_1903,1903,,529,,,,,1900,2616,TRUE,,529,Hilvarenbeek
11297,11297_1904,1904,,548,,,,,1900,2712,TRUE,,548,Hilvarenbeek
11297,11297_1905,1905,,553,,,,,1900,2732,TRUE,,553,Hilvarenbeek
11297,11297_1906,1906,,563,,,,,1910,2781,TRUE,,563,Hilvarenbeek
11297,11297_1907,1907,,569,,,,,1910,2810,TRUE,,569,Hilvarenbeek
11297,11297_1908,1908,,572,,,,,1910,2827,TRUE,,572,Hilvarenbeek
11297,11297_1909,1909,560,565,,,,,1910,2790,TRUE,,565,Hilvarenbeek
11297,11297_1910,1910,,584,,,,,1910,2882,TRUE,,584,Hilvarenbeek
11297,11297_1911,1911,,594,,,,,1910,2930,TRUE,,594,Hilvarenbeek
11297,11297_1912,1912,,604,,,,,1910,2982,TRUE,,604,Hilvarenbeek
11297,11297_1913,1913,,616,,,,,1910,3039,TRUE,,616,Hilvarenbeek
11297,11297_1914,1914,,631,,,,,1910,3111,TRUE,,631,Hilvarenbeek
11297,11297_1915,1915,,648,,,,,1920,3195,TRUE,,648,Hilvarenbeek
11297,11297_1916,1916,,650,,,,,1920,3201,TRUE,,650,Hilvarenbeek
11297,11297_1917,1917,,658,,,,,1920,3241,TRUE,,658,Hilvarenbeek
11297,11297_1918,1918,,668,,,,,1920,3287,TRUE,,668,Hilvarenbeek
11297,11297_1919,1919,,667,,,,,1920,3282,TRUE,,667,Hilvarenbeek
11297,11297_1920,1920,634,695,,,,,1920,3419,TRUE,,695,Hilvarenbeek
11297,11297_1921,1921,,699,,,,,1920,3439,TRUE,,699,Hilvarenbeek
11298,11298_1849,1849,588,609,,,,,1850,,FALSE,609,,Eindhoven
11298,11298_1850,1850,,,,,,,1850,,TRUE,616,,Eindhoven
11298,11298_1851,1851,,621,,,,,1850,3061,TRUE,623,621,Eindhoven
11298,11298_1852,1852,,624,,,,,1850,3075,TRUE,630,624,Eindhoven
11298,11298_1853,1853,,632,,,,,1850,3114,TRUE,637,632,Eindhoven
11298,11298_1854,1854,,643,,,,,1850,3167,TRUE,644,643,Eindhoven
11298,11298_1855,1855,,642,,,,,1860,3164,TRUE,651,642,Eindhoven
11298,11298_1856,1856,,648,,,,,1860,3194,TRUE,658,648,Eindhoven
11298,11298_1857,1857,,655,,,,,1860,3226,TRUE,665,655,Eindhoven
11298,11298_1858,1858,,652,,,,,1860,3212,TRUE,672,652,Eindhoven
11298,11298_1859,1859,620,679,,,,,1860,3245,FALSE,679,659,Eindhoven
11298,11298_1860,1860,,660,,,,,1860,3252,TRUE,681,660,Eindhoven
11298,11298_1861,1861,,666,,,,,1860,3280,TRUE,684,666,Eindhoven
11298,11298_1862,1862,,662,,,,,1860,3261,TRUE,687,662,Eindhoven
11298,11298_1863,1863,,671,,,,,1860,3306,TRUE,690,671,Eindhoven
11298,11298_1864,1864,,675,,,,,1860,3325,TRUE,693,675,Eindhoven
11298,11298_1865,1865,,660,,,,,1860,3250,TRUE,695,660,Eindhoven
11298,11298_1866,1866,,669,,,,,1870,3296,TRUE,698,669,Eindhoven
11298,11298_1867,1867,,671,,,,,1870,3303,TRUE,701,671,Eindhoven
11298,11298_1868,1868,,666,,,,,1870,3279,TRUE,704,666,Eindhoven
11298,11298_1869,1869,651,707,,,,,1870,3214,FALSE,707,652,Eindhoven
11298,11298_1870,1870,,647,,,,,1870,3186,TRUE,715,647,Eindhoven
11298,11298_1871,1871,,662,,,,,1870,3260,TRUE,723,662,Eindhoven
11298,11298_1872,1872,,651,,,,,1870,3209,TRUE,731,651,Eindhoven
11298,11298_1873,1873,,663,,,,,1870,3263,TRUE,739,663,Eindhoven
11298,11298_1874,1874,,691,,,,,1870,3401,TRUE,747,691,Eindhoven
11298,11298_1875,1875,,704,,,,,1880,3462,TRUE,755,704,Eindhoven
11298,11298_1876,1876,,725,,,,,1880,3565,TRUE,763,725,Eindhoven
11298,11298_1877,1877,,736,,,,,1880,3619,TRUE,771,736,Eindhoven
11298,11298_1878,1878,,748,,,,,1880,3673,TRUE,779,748,Eindhoven
11298,11298_1879,1879,780,787,644,143,21,37,1880,3784,FALSE,787,771,Eindhoven
11298,11298_1880,1880,,3423,,,,,1880,16587,TRUE,800,3423,Eindhoven
11298,11298_1881,1881,,794,,,,,1880,3896,TRUE,813,794,Eindhoven
11298,11298_1882,1882,,823,,,,,1880,4036,TRUE,826,823,Eindhoven
11298,11298_1883,1883,,852,,,,,1880,4178,TRUE,839,852,Eindhoven
11298,11298_1884,1884,,901,,,,,1880,4412,TRUE,853,901,Eindhoven
11298,11298_1885,1885,,907,,,,,1880,4441,TRUE,866,907,Eindhoven
11298,11298_1886,1886,,887,,,,,1890,4347,TRUE,879,887,Eindhoven
11298,11298_1887,1887,,898,,,,,1890,4399,TRUE,892,898,Eindhoven
11298,11298_1888,1888,,906,,,,,1890,4436,TRUE,905,906,Eindhoven
11298,11298_1889,1889,935,919,740,179,34,37,1890,4565,FALSE,919,932,Eindhoven
11298,11298_1890,1890,,921,,,,,1890,4512,TRUE,923,921,Eindhoven
11298,11298_1891,1891,,920,,,,,1890,4506,TRUE,928,920,Eindhoven
11298,11298_1892,1892,,923,,,,,1890,4520,TRUE,933,923,Eindhoven
11298,11298_1893,1893,,930,,,,,1890,4554,TRUE,938,930,Eindhoven
11298,11298_1894,1894,,929,,,,,1890,4549,TRUE,943,929,Eindhoven
11298,11298_1895,1895,,932,,,,,1900,4565,TRUE,948,932,Eindhoven
11298,11298_1896,1896,,940,,,,,1900,4601,TRUE,953,940,Eindhoven
11298,11298_1897,1897,,954,,,,,1900,4668,TRUE,958,954,Eindhoven
11298,11298_1898,1898,,966,,,,,1900,4730,TRUE,963,966,Eindhoven
11298,11298_1899,1899,925,968,799,169,31,38,1900,4930,FALSE,968,1008,Eindhoven
11298,11298_1900,1900,,1021,,,,,1900,4993,TRUE,1354,1021,Eindhoven
11298,11298_1901,1901,,1000,,,,,1900,4893,TRUE,1740,1000,Eindhoven
11298,11298_1902,1902,,1013,,,,,1900,4955,TRUE,2126,1013,Eindhoven
11298,11298_1903,1903,,1016,,,,,1900,4970,TRUE,2512,1016,Eindhoven
11298,11298_1904,1904,,1041,,,,,1900,5092,TRUE,2898,1041,Eindhoven
11298,11298_1905,1905,,1045,,,,,1900,5111,TRUE,3285,1045,Eindhoven
11298,11298_1906,1906,,1096,,,,,1910,5356,TRUE,3671,1096,Eindhoven
11298,11298_1907,1907,,1113,,,,,1910,5439,TRUE,4057,1113,Eindhoven
11298,11298_1908,1908,,1132,,,,,1910,5531,TRUE,4443,1132,Eindhoven
11298,11298_1909,1909,1043,1160,,,,,1910,5665,TRUE,4829,1160,Eindhoven
11298,11298_1910,1910,,1186,,,,,1910,5792,TRUE,5216,1186,Eindhoven
11298,11298_1911,1911,,1171,,,,,1910,5718,TRUE,5602,1171,Eindhoven
11298,11298_1912,1912,,1198,,,,,1910,5849,TRUE,5988,1198,Eindhoven
11298,11298_1913,1913,,1226,,,,,1910,5985,TRUE,6374,1226,Eindhoven
11298,11298_1914,1914,,1255,,,,,1910,6122,TRUE,6760,1255,Eindhoven
11298,11298_1915,1915,,1265,,,,,1920,6173,TRUE,7147,1265,Eindhoven
11298,11298_1916,1916,,1284,,,,,1920,6264,TRUE,7533,1284,Eindhoven
11298,11298_1917,1917,,1327,,,,,1920,6468,TRUE,7919,1327,Eindhoven
11298,11298_1918,1918,,1322,,,,,1920,6448,TRUE,8305,1322,Eindhoven
11298,11298_1919,1919,,9438,,,,,1920,45624,TRUE,8691,9438,Eindhoven
11298,11298_1920,1920,8089,9078,8231,847,330,497,1920,47946,FALSE,9078,9919,Eindhoven
11298,11298_1921,1921,,10378,,,,,1920,50161,TRUE,,10378,Eindhoven
11307,11307_1849,1849,616,761,,,,,1850,,FALSE,761,,Borculo
11307,11307_1850,1850,,,,,,,1850,,TRUE,759,,Borculo
11307,11307_1851,1851,,821,,,,,1850,4030,TRUE,758,821,Borculo
11307,11307_1852,1852,,825,,,,,1850,4045,TRUE,756,825,Borculo
11307,11307_1853,1853,,824,,,,,1850,4043,TRUE,755,824,Borculo
11307,11307_1854,1854,,831,,,,,1850,4077,TRUE,753,831,Borculo
11307,11307_1855,1855,,830,,,,,1860,4070,TRUE,752,830,Borculo
11307,11307_1856,1856,,830,,,,,1860,4072,TRUE,750,830,Borculo
11307,11307_1857,1857,,835,,,,,1860,4096,TRUE,749,835,Borculo
11307,11307_1858,1858,,835,,,,,1860,4095,TRUE,747,835,Borculo
11307,11307_1859,1859,770,746,,,,,1860,4045,FALSE,746,825,Borculo
11307,11307_1860,1860,,823,,,,,1860,4037,TRUE,754,823,Borculo
11307,11307_1861,1861,,828,,,,,1860,4062,TRUE,762,828,Borculo
11307,11307_1862,1862,,839,,,,,1860,4113,TRUE,771,839,Borculo
11307,11307_1863,1863,,844,,,,,1860,4138,TRUE,779,844,Borculo
11307,11307_1864,1864,,837,,,,,1860,4107,TRUE,788,837,Borculo
11307,11307_1865,1865,,835,,,,,1860,4096,TRUE,796,835,Borculo
11307,11307_1866,1866,,840,,,,,1870,4118,TRUE,804,840,Borculo
11307,11307_1867,1867,,837,,,,,1870,4106,TRUE,813,837,Borculo
11307,11307_1868,1868,,839,,,,,1870,4116,TRUE,821,839,Borculo
11307,11307_1869,1869,831,830,,,,,1870,4107,FALSE,830,837,Borculo
11307,11307_1870,1870,,847,,,,,1870,4155,TRUE,828,847,Borculo
11307,11307_1871,1871,,839,,,,,1870,4115,TRUE,827,839,Borculo
11307,11307_1872,1872,,820,,,,,1870,4025,TRUE,825,820,Borculo
11307,11307_1873,1873,,833,,,,,1870,4085,TRUE,824,833,Borculo
11307,11307_1874,1874,,834,,,,,1870,4092,TRUE,822,834,Borculo
11307,11307_1875,1875,,823,,,,,1880,4038,TRUE,821,823,Borculo
11307,11307_1876,1876,,818,,,,,1880,4013,TRUE,819,818,Borculo
11307,11307_1877,1877,,821,,,,,1880,4027,TRUE,818,821,Borculo
11307,11307_1878,1878,,819,,,,,1880,4019,TRUE,816,819,Borculo
11307,11307_1879,1879,855,815,718,97,12,28,1880,4005,FALSE,815,816,Borculo
11307,11307_1880,1880,,810,,,,,1880,3974,TRUE,817,810,Borculo
11307,11307_1881,1881,,808,,,,,1880,3967,TRUE,820,808,Borculo
11307,11307_1882,1882,,806,,,,,1880,3953,TRUE,822,806,Borculo
11307,11307_1883,1883,,811,,,,,1880,3981,TRUE,825,811,Borculo
11307,11307_1884,1884,,819,,,,,1880,4017,TRUE,827,819,Borculo
11307,11307_1885,1885,,832,,,,,1880,4079,TRUE,830,832,Borculo
11307,11307_1886,1886,,821,,,,,1890,4029,TRUE,832,821,Borculo
11307,11307_1887,1887,,826,,,,,1890,4052,TRUE,835,826,Borculo
11307,11307_1888,1888,,833,,,,,1890,4088,TRUE,837,833,Borculo
11307,11307_1889,1889,880,840,723,117,19,23,1890,4074,FALSE,840,831,Borculo
11307,11307_1890,1890,,823,,,,,1890,4035,TRUE,839,823,Borculo
11307,11307_1891,1891,,825,,,,,1890,4045,TRUE,839,825,Borculo
11307,11307_1892,1892,,821,,,,,1890,4028,TRUE,839,821,Borculo
11307,11307_1893,1893,,821,,,,,1890,4026,TRUE,839,821,Borculo
11307,11307_1894,1894,,821,,,,,1890,4027,TRUE,839,821,Borculo
11307,11307_1895,1895,,826,,,,,1900,4051,TRUE,839,826,Borculo
11307,11307_1896,1896,,825,,,,,1900,4048,TRUE,839,825,Borculo
11307,11307_1897,1897,,825,,,,,1900,4045,TRUE,839,825,Borculo
11307,11307_1898,1898,,844,,,,,1900,4141,TRUE,839,844,Borculo
11307,11307_1899,1899,753,839,731,108,29,26,1900,4160,FALSE,839,848,Borculo
11307,11307_1900,1900,,845,,,,,1900,4146,TRUE,,845,Borculo
11307,11307_1901,1901,,840,,,,,1900,4119,TRUE,,840,Borculo
11307,11307_1902,1902,,850,,,,,1900,4170,TRUE,,850,Borculo
11307,11307_1903,1903,,868,,,,,1900,4257,TRUE,,868,Borculo
11307,11307_1904,1904,,876,,,,,1900,4295,TRUE,,876,Borculo
11307,11307_1905,1905,,881,,,,,1900,4317,TRUE,,881,Borculo
11307,11307_1906,1906,,895,,,,,1910,4383,TRUE,,895,Borculo
11307,11307_1907,1907,,898,,,,,1910,4401,TRUE,,898,Borculo
11307,11307_1908,1908,,906,,,,,1910,4437,TRUE,,906,Borculo
11307,11307_1909,1909,889,910,,,,,1910,4457,TRUE,,910,Borculo
11307,11307_1910,1910,,913,,,,,1910,4472,TRUE,,913,Borculo
11307,11307_1911,1911,,912,,,,,1910,4465,TRUE,,912,Borculo
11307,11307_1912,1912,,923,,,,,1910,4520,TRUE,,923,Borculo
11307,11307_1913,1913,,939,,,,,1910,4599,TRUE,,939,Borculo
11307,11307_1914,1914,,946,,,,,1910,4632,TRUE,,946,Borculo
11307,11307_1915,1915,,964,,,,,1920,4720,TRUE,,964,Borculo
11307,11307_1916,1916,,974,,,,,1920,4765,TRUE,,974,Borculo
11307,11307_1917,1917,,989,,,,,1920,4841,TRUE,,989,Borculo
11307,11307_1918,1918,,994,,,,,1920,4863,TRUE,,994,Borculo
11307,11307_1919,1919,,993,,,,,1920,4860,TRUE,,993,Borculo
11307,11307_1920,1920,1022,1006,,,,,1920,4920,TRUE,,1006,Borculo
11307,11307_1921,1921,,1007,,,,,1920,4927,TRUE,,1007,Borculo
11316,11316_1849,1849,113,122,,,,,1850,,FALSE,122,,Cothen
11316,11316_1850,1850,,,,,,,1850,,TRUE,123,,Cothen
11316,11316_1851,1851,,135,,,,,1850,714,TRUE,124,135,Cothen
11316,11316_1852,1852,,135,,,,,1850,715,TRUE,125,135,Cothen
11316,11316_1853,1853,,137,,,,,1850,728,TRUE,127,137,Cothen
11316,11316_1854,1854,,139,,,,,1850,737,TRUE,128,139,Cothen
11316,11316_1855,1855,,139,,,,,1860,736,TRUE,129,139,Cothen
11316,11316_1856,1856,,138,,,,,1860,732,TRUE,131,138,Cothen
11316,11316_1857,1857,,135,,,,,1860,714,TRUE,132,135,Cothen
11316,11316_1858,1858,,134,,,,,1860,710,TRUE,133,134,Cothen
11316,11316_1859,1859,118,135,,,,,1860,692,FALSE,135,130,Cothen
11316,11316_1860,1860,,136,,,,,1860,719,TRUE,138,136,Cothen
11316,11316_1861,1861,,135,,,,,1860,714,TRUE,141,135,Cothen
11316,11316_1862,1862,,136,,,,,1860,721,TRUE,144,136,Cothen
11316,11316_1863,1863,,137,,,,,1860,726,TRUE,147,137,Cothen
11316,11316_1864,1864,,140,,,,,1860,740,TRUE,151,140,Cothen
11316,11316_1865,1865,,137,,,,,1860,724,TRUE,154,137,Cothen
11316,11316_1866,1866,,140,,,,,1870,739,TRUE,157,140,Cothen
11316,11316_1867,1867,,142,,,,,1870,748,TRUE,160,142,Cothen
11316,11316_1868,1868,,139,,,,,1870,736,TRUE,163,139,Cothen
11316,11316_1869,1869,158,167,,,,,1870,757,FALSE,167,143,Cothen
11316,11316_1870,1870,,149,,,,,1870,784,TRUE,165,149,Cothen
11316,11316_1871,1871,,143,,,,,1870,757,TRUE,164,143,Cothen
11316,11316_1872,1872,,149,,,,,1870,786,TRUE,162,149,Cothen
11316,11316_1873,1873,,147,,,,,1870,773,TRUE,161,147,Cothen
11316,11316_1874,1874,,149,,,,,1870,783,TRUE,160,149,Cothen
11316,11316_1875,1875,,153,,,,,1880,804,TRUE,158,153,Cothen
11316,11316_1876,1876,,153,,,,,1880,803,TRUE,157,153,Cothen
11316,11316_1877,1877,,155,,,,,1880,812,TRUE,155,155,Cothen
11316,11316_1878,1878,,156,,,,,1880,818,TRUE,154,156,Cothen
11316,11316_1879,1879,162,153,126,27,7,2,1880,779,FALSE,153,148,Cothen
11316,11316_1880,1880,,150,,,,,1880,789,TRUE,153,150,Cothen
11316,11316_1881,1881,,155,,,,,1880,814,TRUE,153,155,Cothen
11316,11316_1882,1882,,153,,,,,1880,802,TRUE,153,153,Cothen
11316,11316_1883,1883,,152,,,,,1880,800,TRUE,153,152,Cothen
11316,11316_1884,1884,,152,,,,,1880,798,TRUE,153,152,Cothen
11316,11316_1885,1885,,149,,,,,1880,782,TRUE,153,149,Cothen
11316,11316_1886,1886,,148,,,,,1890,778,TRUE,153,148,Cothen
11316,11316_1887,1887,,149,,,,,1890,783,TRUE,153,149,Cothen
11316,11316_1888,1888,,152,,,,,1890,800,TRUE,153,152,Cothen
11316,11316_1889,1889,163,153,125,28,7,3,1890,773,FALSE,153,147,Cothen
11316,11316_1890,1890,,149,,,,,1890,785,TRUE,154,149,Cothen
11316,11316_1891,1891,,150,,,,,1890,790,TRUE,155,150,Cothen
11316,11316_1892,1892,,147,,,,,1890,772,TRUE,156,147,Cothen
11316,11316_1893,1893,,152,,,,,1890,796,TRUE,157,152,Cothen
11316,11316_1894,1894,,150,,,,,1890,789,TRUE,158,150,Cothen
11316,11316_1895,1895,,152,,,,,1900,797,TRUE,159,152,Cothen
11316,11316_1896,1896,,153,,,,,1900,801,TRUE,160,153,Cothen
11316,11316_1897,1897,,152,,,,,1900,796,TRUE,161,152,Cothen
11316,11316_1898,1898,,150,,,,,1900,789,TRUE,162,150,Cothen
11316,11316_1899,1899,175,163,138,25,6,4,1900,795,FALSE,163,151,Cothen
11316,11316_1900,1900,,151,,,,,1900,793,TRUE,,151,Cothen
11316,11316_1901,1901,,149,,,,,1900,783,TRUE,,149,Cothen
11316,11316_1902,1902,,150,,,,,1900,788,TRUE,,150,Cothen
11316,11316_1903,1903,,150,,,,,1900,789,TRUE,,150,Cothen
11316,11316_1904,1904,,150,,,,,1900,789,TRUE,,150,Cothen
11316,11316_1905,1905,,151,,,,,1900,793,TRUE,,151,Cothen
11316,11316_1906,1906,,148,,,,,1910,781,TRUE,,148,Cothen
11316,11316_1907,1907,,151,,,,,1910,793,TRUE,,151,Cothen
11316,11316_1908,1908,,153,,,,,1910,803,TRUE,,153,Cothen
11316,11316_1909,1909,184,158,,,,,1910,829,TRUE,,158,Cothen
11316,11316_1910,1910,,160,,,,,1910,837,TRUE,,160,Cothen
11316,11316_1911,1911,,164,,,,,1910,854,TRUE,,164,Cothen
11316,11316_1912,1912,,167,,,,,1910,869,TRUE,,167,Cothen
11316,11316_1913,1913,,168,,,,,1910,874,TRUE,,168,Cothen
11316,11316_1914,1914,,171,,,,,1910,890,TRUE,,171,Cothen
11316,11316_1915,1915,,175,,,,,1920,909,TRUE,,175,Cothen
11316,11316_1916,1916,,176,,,,,1920,913,TRUE,,176,Cothen
11316,11316_1917,1917,,182,,,,,1920,945,TRUE,,182,Cothen
11316,11316_1918,1918,,182,,,,,1920,943,TRUE,,182,Cothen
11316,11316_1919,1919,,180,,,,,1920,934,TRUE,,180,Cothen
11316,11316_1920,1920,187,181,,,,,1920,940,TRUE,,181,Cothen
11316,11316_1921,1921,,185,,,,,1920,959,TRUE,,185,Cothen
11359,11359_1849,1849,284,666,,,,,1850,,FALSE,666,,Waalwijk
11359,11359_1850,1850,,,,,,,1850,,TRUE,669,,Waalwijk
11359,11359_1851,1851,,678,,,,,1850,3338,TRUE,672,678,Waalwijk
11359,11359_1852,1852,,665,,,,,1850,3277,TRUE,675,665,Waalwijk
11359,11359_1853,1853,,669,,,,,1850,3293,TRUE,678,669,Waalwijk
11359,11359_1854,1854,,646,,,,,1850,3184,TRUE,682,646,Waalwijk
11359,11359_1855,1855,,639,,,,,1860,3150,TRUE,685,639,Waalwijk
11359,11359_1856,1856,,660,,,,,1860,3251,TRUE,688,660,Waalwijk
11359,11359_1857,1857,,671,,,,,1860,3302,TRUE,691,671,Waalwijk
11359,11359_1858,1858,,660,,,,,1860,3249,TRUE,694,660,Waalwijk
11359,11359_1859,1859,614,698,,,,,1860,3235,FALSE,698,657,Waalwijk
11359,11359_1860,1860,,666,,,,,1860,3279,TRUE,700,666,Waalwijk
11359,11359_1861,1861,,652,,,,,1860,3212,TRUE,703,652,Waalwijk
11359,11359_1862,1862,,646,,,,,1860,3184,TRUE,706,646,Waalwijk
11359,11359_1863,1863,,665,,,,,1860,3276,TRUE,709,665,Waalwijk
11359,11359_1864,1864,,674,,,,,1860,3318,TRUE,712,674,Waalwijk
11359,11359_1865,1865,,670,,,,,1860,3298,TRUE,715,670,Waalwijk
11359,11359_1866,1866,,658,,,,,1870,3240,TRUE,718,658,Waalwijk
11359,11359_1867,1867,,679,,,,,1870,3344,TRUE,721,679,Waalwijk
11359,11359_1868,1868,,671,,,,,1870,3303,TRUE,724,671,Waalwijk
11359,11359_1869,1869,1328,727,,,,,1870,3334,FALSE,727,677,Waalwijk
11359,11359_1870,1870,,670,,,,,1870,3300,TRUE,734,670,Waalwijk
11359,11359_1871,1871,,672,,,,,1870,3309,TRUE,741,672,Waalwijk
11359,11359_1872,1872,,682,,,,,1870,3356,TRUE,748,682,Waalwijk
11359,11359_1873,1873,,698,,,,,1870,3434,TRUE,755,698,Waalwijk
11359,11359_1874,1874,,717,,,,,1870,3524,TRUE,762,717,Waalwijk
11359,11359_1875,1875,,720,,,,,1880,3540,TRUE,769,720,Waalwijk
11359,11359_1876,1876,,759,,,,,1880,3729,TRUE,776,759,Waalwijk
11359,11359_1877,1877,,809,,,,,1880,3972,TRUE,783,809,Waalwijk
11359,11359_1878,1878,,852,,,,,1880,4178,TRUE,790,852,Waalwijk
11359,11359_1879,1879,843,797,693,104,19,26,1880,3998,FALSE,797,815,Waalwijk
11359,11359_1880,1880,,826,,,,,1880,4050,TRUE,806,826,Waalwijk
11359,11359_1881,1881,,841,,,,,1880,4124,TRUE,815,841,Waalwijk
11359,11359_1882,1882,,848,,,,,1880,4158,TRUE,824,848,Waalwijk
11359,11359_1883,1883,,852,,,,,1880,4175,TRUE,833,852,Waalwijk
11359,11359_1884,1884,,864,,,,,1880,4236,TRUE,842,864,Waalwijk
11359,11359_1885,1885,,876,,,,,1880,4295,TRUE,851,876,Waalwijk
11359,11359_1886,1886,,905,,,,,1890,4433,TRUE,860,905,Waalwijk
11359,11359_1887,1887,,921,,,,,1890,4511,TRUE,869,921,Waalwijk
11359,11359_1888,1888,,911,,,,,1890,4460,TRUE,878,911,Waalwijk
11359,11359_1889,1889,923,887,760,127,24,23,1890,4392,FALSE,887,896,Waalwijk
11359,11359_1890,1890,,913,,,,,1890,4471,TRUE,895,913,Waalwijk
11359,11359_1891,1891,,925,,,,,1890,4528,TRUE,903,925,Waalwijk
11359,11359_1892,1892,,942,,,,,1890,4610,TRUE,911,942,Waalwijk
11359,11359_1893,1893,,976,,,,,1890,4774,TRUE,920,976,Waalwijk
11359,11359_1894,1894,,992,,,,,1890,4853,TRUE,928,992,Waalwijk
11359,11359_1895,1895,,1014,,,,,1900,4960,TRUE,936,1014,Waalwijk
11359,11359_1896,1896,,1024,,,,,1900,5008,TRUE,945,1024,Waalwijk
11359,11359_1897,1897,,1046,,,,,1900,5113,TRUE,953,1046,Waalwijk
11359,11359_1898,1898,,1038,,,,,1900,5077,TRUE,961,1038,Waalwijk
11359,11359_1899,1899,1011,970,849,121,35,53,1900,4927,FALSE,970,1007,Waalwijk
11359,11359_1900,1900,,1028,,,,,1900,5029,TRUE,,1028,Waalwijk
11359,11359_1901,1901,,1036,,,,,1900,5068,TRUE,,1036,Waalwijk
11359,11359_1902,1902,,1034,,,,,1900,5054,TRUE,,1034,Waalwijk
11359,11359_1903,1903,,1036,,,,,1900,5068,TRUE,,1036,Waalwijk
11359,11359_1904,1904,,1041,,,,,1900,5090,TRUE,,1041,Waalwijk
11359,11359_1905,1905,,1050,,,,,1900,5132,TRUE,,1050,Waalwijk
11359,11359_1906,1906,,1042,,,,,1910,5093,TRUE,,1042,Waalwijk
11359,11359_1907,1907,,1036,,,,,1910,5065,TRUE,,1036,Waalwijk
11359,11359_1908,1908,,1023,,,,,1910,5003,TRUE,,1023,Waalwijk
11359,11359_1909,1909,992,1024,,,,,1910,5010,TRUE,,1024,Waalwijk
11359,11359_1910,1910,,1028,,,,,1910,5026,TRUE,,1028,Waalwijk
11359,11359_1911,1911,,1010,,,,,1910,4942,TRUE,,1010,Waalwijk
11359,11359_1912,1912,,1001,,,,,1910,4898,TRUE,,1001,Waalwijk
11359,11359_1913,1913,,1002,,,,,1910,4900,TRUE,,1002,Waalwijk
11359,11359_1914,1914,,1015,,,,,1910,4965,TRUE,,1015,Waalwijk
11359,11359_1915,1915,,1027,,,,,1920,5022,TRUE,,1027,Waalwijk
11359,11359_1916,1916,,1039,,,,,1920,5078,TRUE,,1039,Waalwijk
11359,11359_1917,1917,,1052,,,,,1920,5141,TRUE,,1052,Waalwijk
11359,11359_1918,1918,,1071,,,,,1920,5234,TRUE,,1071,Waalwijk
11359,11359_1919,1919,,1105,,,,,1920,5400,TRUE,,1105,Waalwijk
11359,11359_1920,1920,1105,1126,,,,,1920,5498,TRUE,,1126,Waalwijk
11359,11359_1921,1921,,1136,,,,,1920,5549,TRUE,,1136,Waalwijk
11374,11374_1849,1849,504,521,,,,,1850,,FALSE,521,,Beek (L.)
11374,11374_1850,1850,,,,,,,1850,,TRUE,519,,Beek (L.)
11374,11374_1851,1851,,501,,,,,1850,2483,TRUE,517,501,Beek (L.)
11374,11374_1852,1852,,499,,,,,1850,2475,TRUE,515,499,Beek (L.)
11374,11374_1853,1853,,499,,,,,1850,2471,TRUE,514,499,Beek (L.)
11374,11374_1854,1854,,454,,,,,1850,2254,TRUE,512,454,Beek (L.)
11374,11374_1855,1855,,457,,,,,1860,2272,TRUE,510,457,Beek (L.)
11374,11374_1856,1856,,459,,,,,1860,2282,TRUE,509,459,Beek (L.)
11374,11374_1857,1857,,462,,,,,1860,2297,TRUE,507,462,Beek (L.)
11374,11374_1858,1858,,466,,,,,1860,2312,TRUE,505,466,Beek (L.)
11374,11374_1859,1859,520,504,,,,,1860,2572,FALSE,504,519,Beek (L.)
11374,11374_1860,1860,,516,,,,,1860,2556,TRUE,504,516,Beek (L.)
11374,11374_1861,1861,,520,,,,,1860,2576,TRUE,504,520,Beek (L.)
11374,11374_1862,1862,,515,,,,,1860,2553,TRUE,504,515,Beek (L.)
11374,11374_1863,1863,,509,,,,,1860,2523,TRUE,504,509,Beek (L.)
11374,11374_1864,1864,,510,,,,,1860,2526,TRUE,504,510,Beek (L.)
11374,11374_1865,1865,,512,,,,,1860,2538,TRUE,504,512,Beek (L.)
11374,11374_1866,1866,,513,,,,,1870,2539,TRUE,504,513,Beek (L.)
11374,11374_1867,1867,,520,,,,,1870,2574,TRUE,504,520,Beek (L.)
11374,11374_1868,1868,,522,,,,,1870,2583,TRUE,504,522,Beek (L.)
11374,11374_1869,1869,532,505,,,,,1870,2506,FALSE,505,506,Beek (L.)
11374,11374_1870,1870,,508,,,,,1870,2515,TRUE,504,508,Beek (L.)
11374,11374_1871,1871,,500,,,,,1870,2479,TRUE,504,500,Beek (L.)
11374,11374_1872,1872,,489,,,,,1870,2426,TRUE,504,489,Beek (L.)
11374,11374_1873,1873,,488,,,,,1870,2420,TRUE,504,488,Beek (L.)
11374,11374_1874,1874,,492,,,,,1870,2440,TRUE,504,492,Beek (L.)
11374,11374_1875,1875,,499,,,,,1880,2471,TRUE,504,499,Beek (L.)
11374,11374_1876,1876,,501,,,,,1880,2481,TRUE,504,501,Beek (L.)
11374,11374_1877,1877,,515,,,,,1880,2549,TRUE,504,515,Beek (L.)
11374,11374_1878,1878,,515,,,,,1880,2553,TRUE,504,515,Beek (L.)
11374,11374_1879,1879,533,504,445,59,15,25,1880,2599,FALSE,504,525,Beek (L.)
11374,11374_1880,1880,,528,,,,,1880,2614,TRUE,506,528,Beek (L.)
11374,11374_1881,1881,,530,,,,,1880,2623,TRUE,508,530,Beek (L.)
11374,11374_1882,1882,,538,,,,,1880,2661,TRUE,511,538,Beek (L.)
11374,11374_1883,1883,,541,,,,,1880,2678,TRUE,513,541,Beek (L.)
11374,11374_1884,1884,,547,,,,,1880,2704,TRUE,516,547,Beek (L.)
11374,11374_1885,1885,,560,,,,,1880,2769,TRUE,518,560,Beek (L.)
11374,11374_1886,1886,,566,,,,,1890,2797,TRUE,520,566,Beek (L.)
11374,11374_1887,1887,,569,,,,,1890,2810,TRUE,523,569,Beek (L.)
11374,11374_1888,1888,,580,,,,,1890,2863,TRUE,525,580,Beek (L.)
11374,11374_1889,1889,,562,,,,,1890,2777,TRUE,528,562,Beek (L.)
11374,11374_1890,1890,,560,,,,,1890,2766,TRUE,530,560,Beek (L.)
11374,11374_1891,1891,,561,,,,,1890,2771,TRUE,532,561,Beek (L.)
11374,11374_1892,1892,,555,,,,,1890,2742,TRUE,535,555,Beek (L.)
11374,11374_1893,1893,,563,,,,,1890,2781,TRUE,537,563,Beek (L.)
11374,11374_1894,1894,,566,,,,,1890,2795,TRUE,540,566,Beek (L.)
11374,11374_1895,1895,,575,,,,,1900,2841,TRUE,542,575,Beek (L.)
11374,11374_1896,1896,,583,,,,,1900,2880,TRUE,544,583,Beek (L.)
11374,11374_1897,1897,,581,,,,,1900,2870,TRUE,547,581,Beek (L.)
11374,11374_1898,1898,,600,,,,,1900,2959,TRUE,549,600,Beek (L.)
11374,11374_1899,1899,595,552,458,94,26,18,1900,2872,FALSE,552,582,Beek (L.)
11374,11374_1900,1900,,597,,,,,1900,2945,TRUE,,597,Beek (L.)
11374,11374_1901,1901,,605,,,,,1900,2984,TRUE,,605,Beek (L.)
11374,11374_1902,1902,,609,,,,,1900,3006,TRUE,,609,Beek (L.)
11374,11374_1903,1903,,615,,,,,1900,3034,TRUE,,615,Beek (L.)
11374,11374_1904,1904,,621,,,,,1900,3060,TRUE,,621,Beek (L.)
11374,11374_1905,1905,,617,,,,,1900,3044,TRUE,,617,Beek (L.)
11374,11374_1906,1906,,629,,,,,1910,3099,TRUE,,629,Beek (L.)
11374,11374_1907,1907,,642,,,,,1910,3163,TRUE,,642,Beek (L.)
11374,11374_1908,1908,,642,,,,,1910,3164,TRUE,,642,Beek (L.)
11374,11374_1909,1909,585,638,,,,,1910,3143,TRUE,,638,Beek (L.)
11374,11374_1910,1910,,645,,,,,1910,3176,TRUE,,645,Beek (L.)
11374,11374_1911,1911,,653,,,,,1910,3217,TRUE,,653,Beek (L.)
11374,11374_1912,1912,,658,,,,,1910,3240,TRUE,,658,Beek (L.)
11374,11374_1913,1913,,677,,,,,1910,3334,TRUE,,677,Beek (L.)
11374,11374_1914,1914,,687,,,,,1910,3379,TRUE,,687,Beek (L.)
11374,11374_1915,1915,,692,,,,,1920,3406,TRUE,,692,Beek (L.)
11374,11374_1916,1916,,709,,,,,1920,3488,TRUE,,709,Beek (L.)
11374,11374_1917,1917,,733,,,,,1920,3604,TRUE,,733,Beek (L.)
11374,11374_1918,1918,,739,,,,,1920,3630,TRUE,,739,Beek (L.)
11374,11374_1919,1919,,755,,,,,1920,3710,TRUE,,755,Beek (L.)
11374,11374_1920,1920,729,757,,,,,1920,3721,TRUE,,757,Beek (L.)
11374,11374_1921,1921,,757,,,,,1920,3717,TRUE,,757,Beek (L.)
11379,11379_1849,1849,340,553,,,,,1850,,FALSE,553,,Mijdrecht
11379,11379_1850,1850,,,,,,,1850,,TRUE,555,,Mijdrecht
11379,11379_1851,1851,,503,,,,,1850,2491,TRUE,558,503,Mijdrecht
11379,11379_1852,1852,,517,,,,,1850,2560,TRUE,561,517,Mijdrecht
11379,11379_1853,1853,,533,,,,,1850,2637,TRUE,563,533,Mijdrecht
11379,11379_1854,1854,,538,,,,,1850,2663,TRUE,566,538,Mijdrecht
11379,11379_1855,1855,,551,,,,,1860,2724,TRUE,569,551,Mijdrecht
11379,11379_1856,1856,,565,,,,,1860,2793,TRUE,571,565,Mijdrecht
11379,11379_1857,1857,,557,,,,,1860,2752,TRUE,574,557,Mijdrecht
11379,11379_1858,1858,,548,,,,,1860,2709,TRUE,577,548,Mijdrecht
11379,11379_1859,1859,373,580,,,,,1860,2663,FALSE,580,538,Mijdrecht
11379,11379_1860,1860,,526,,,,,1860,2605,TRUE,591,526,Mijdrecht
11379,11379_1861,1861,,536,,,,,1860,2651,TRUE,602,536,Mijdrecht
11379,11379_1862,1862,,542,,,,,1860,2682,TRUE,613,542,Mijdrecht
11379,11379_1863,1863,,558,,,,,1860,2757,TRUE,624,558,Mijdrecht
11379,11379_1864,1864,,576,,,,,1860,2847,TRUE,635,576,Mijdrecht
11379,11379_1865,1865,,596,,,,,1860,2944,TRUE,646,596,Mijdrecht
11379,11379_1866,1866,,583,,,,,1870,2881,TRUE,657,583,Mijdrecht
11379,11379_1867,1867,,605,,,,,1870,2987,TRUE,668,605,Mijdrecht
11379,11379_1868,1868,,606,,,,,1870,2992,TRUE,679,606,Mijdrecht
11379,11379_1869,1869,1342,691,,,,,1870,2982,FALSE,691,604,Mijdrecht
11379,11379_1870,1870,,616,,,,,1870,3039,TRUE,701,616,Mijdrecht
11379,11379_1871,1871,,630,,,,,1870,3107,TRUE,712,630,Mijdrecht
11379,11379_1872,1872,,647,,,,,1870,3187,TRUE,723,647,Mijdrecht
11379,11379_1873,1873,,662,,,,,1870,3261,TRUE,734,662,Mijdrecht
11379,11379_1874,1874,,694,,,,,1870,3416,TRUE,745,694,Mijdrecht
11379,11379_1875,1875,,711,,,,,1880,3496,TRUE,755,711,Mijdrecht
11379,11379_1876,1876,,715,,,,,1880,3517,TRUE,766,715,Mijdrecht
11379,11379_1877,1877,,728,,,,,1880,3579,TRUE,777,728,Mijdrecht
11379,11379_1878,1878,,749,,,,,1880,3682,TRUE,788,749,Mijdrecht
11379,11379_1879,1879,814,799,729,70,12,25,1880,3802,FALSE,799,774,Mijdrecht
11379,11379_1880,1880,,773,,,,,1880,3794,TRUE,797,773,Mijdrecht
11379,11379_1881,1881,,776,,,,,1880,3811,TRUE,796,776,Mijdrecht
11379,11379_1882,1882,,790,,,,,1880,3879,TRUE,795,790,Mijdrecht
11379,11379_1883,1883,,796,,,,,1880,3909,TRUE,794,796,Mijdrecht
11379,11379_1884,1884,,789,,,,,1880,3872,TRUE,793,789,Mijdrecht
11379,11379_1885,1885,,797,,,,,1880,3911,TRUE,792,797,Mijdrecht
11379,11379_1886,1886,,803,,,,,1890,3940,TRUE,791,803,Mijdrecht
11379,11379_1887,1887,,802,,,,,1890,3934,TRUE,790,802,Mijdrecht
11379,11379_1888,1888,,805,,,,,1890,3950,TRUE,789,805,Mijdrecht
11379,11379_1889,1889,799,788,693,95,19,37,1890,3776,FALSE,788,769,Mijdrecht
11379,11379_1890,1890,,774,,,,,1890,3800,TRUE,780,774,Mijdrecht
11379,11379_1891,1891,,770,,,,,1890,3783,TRUE,772,770,Mijdrecht
11379,11379_1892,1892,,768,,,,,1890,3774,TRUE,764,768,Mijdrecht
11379,11379_1893,1893,,766,,,,,1890,3763,TRUE,756,766,Mijdrecht
11379,11379_1894,1894,,780,,,,,1890,3830,TRUE,748,780,Mijdrecht
11379,11379_1895,1895,,761,,,,,1900,3738,TRUE,740,761,Mijdrecht
11379,11379_1896,1896,,744,,,,,1900,3655,TRUE,732,744,Mijdrecht
11379,11379_1897,1897,,736,,,,,1900,3616,TRUE,724,736,Mijdrecht
11379,11379_1898,1898,,728,,,,,1900,3581,TRUE,716,728,Mijdrecht
11379,11379_1899,1899,752,708,636,72,27,25,1900,3479,FALSE,708,707,Mijdrecht
11379,11379_1900,1900,,705,,,,,1900,3468,TRUE,,705,Mijdrecht
11379,11379_1901,1901,,705,,,,,1900,3466,TRUE,,705,Mijdrecht
11379,11379_1902,1902,,688,,,,,1900,3384,TRUE,,688,Mijdrecht
11379,11379_1903,1903,,689,,,,,1900,3392,TRUE,,689,Mijdrecht
11379,11379_1904,1904,,702,,,,,1900,3454,TRUE,,702,Mijdrecht
11379,11379_1905,1905,,714,,,,,1900,3511,TRUE,,714,Mijdrecht
11379,11379_1906,1906,,714,,,,,1910,3510,TRUE,,714,Mijdrecht
11379,11379_1907,1907,,729,,,,,1910,3586,TRUE,,729,Mijdrecht
11379,11379_1908,1908,,739,,,,,1910,3633,TRUE,,739,Mijdrecht
11379,11379_1909,1909,782,762,,,,,1910,3744,TRUE,,762,Mijdrecht
11379,11379_1910,1910,,786,,,,,1910,3857,TRUE,,786,Mijdrecht
11379,11379_1911,1911,,791,,,,,1910,3883,TRUE,,791,Mijdrecht
11379,11379_1912,1912,,799,,,,,1910,3921,TRUE,,799,Mijdrecht
11379,11379_1913,1913,,792,,,,,1910,3886,TRUE,,792,Mijdrecht
11379,11379_1914,1914,,814,,,,,1910,3995,TRUE,,814,Mijdrecht
11379,11379_1915,1915,,823,,,,,1920,4037,TRUE,,823,Mijdrecht
11379,11379_1916,1916,,845,,,,,1920,4143,TRUE,,845,Mijdrecht
11379,11379_1917,1917,,842,,,,,1920,4127,TRUE,,842,Mijdrecht
11379,11379_1918,1918,,851,,,,,1920,4174,TRUE,,851,Mijdrecht
11379,11379_1919,1919,,861,,,,,1920,4223,TRUE,,861,Mijdrecht
11379,11379_1920,1920,864,876,,,,,1920,4291,TRUE,,876,Mijdrecht
11379,11379_1921,1921,,888,,,,,1920,4352,TRUE,,888,Mijdrecht
11391,11391_1849,1849,428,602,,,,,1850,,FALSE,602,,Raamsdonk
11391,11391_1850,1850,,,,,,,1850,,TRUE,611,,Raamsdonk
11391,11391_1851,1851,,614,,,,,1850,3029,TRUE,621,614,Raamsdonk
11391,11391_1852,1852,,619,,,,,1850,3053,TRUE,631,619,Raamsdonk
11391,11391_1853,1853,,618,,,,,1850,3048,TRUE,641,618,Raamsdonk
11391,11391_1854,1854,,628,,,,,1850,3094,TRUE,651,628,Raamsdonk
11391,11391_1855,1855,,636,,,,,1860,3134,TRUE,661,636,Raamsdonk
11391,11391_1856,1856,,643,,,,,1860,3169,TRUE,671,643,Raamsdonk
11391,11391_1857,1857,,648,,,,,1860,3193,TRUE,681,648,Raamsdonk
11391,11391_1858,1858,,656,,,,,1860,3233,TRUE,691,656,Raamsdonk
11391,11391_1859,1859,501,701,,,,,1860,3296,FALSE,701,669,Raamsdonk
11391,11391_1860,1860,,693,,,,,1860,3409,TRUE,715,693,Raamsdonk
11391,11391_1861,1861,,704,,,,,1860,3465,TRUE,729,704,Raamsdonk
11391,11391_1862,1862,,723,,,,,1860,3557,TRUE,744,723,Raamsdonk
11391,11391_1863,1863,,737,,,,,1860,3620,TRUE,758,737,Raamsdonk
11391,11391_1864,1864,,748,,,,,1860,3674,TRUE,773,748,Raamsdonk
11391,11391_1865,1865,,746,,,,,1860,3664,TRUE,787,746,Raamsdonk
11391,11391_1866,1866,,748,,,,,1870,3677,TRUE,801,748,Raamsdonk
11391,11391_1867,1867,,760,,,,,1870,3735,TRUE,816,760,Raamsdonk
11391,11391_1868,1868,,777,,,,,1870,3817,TRUE,830,777,Raamsdonk
11391,11391_1869,1869,1206,845,,,,,1870,3889,FALSE,845,792,Raamsdonk
11391,11391_1870,1870,,803,,,,,1870,3941,TRUE,852,803,Raamsdonk
11391,11391_1871,1871,,814,,,,,1870,3996,TRUE,859,814,Raamsdonk
11391,11391_1872,1872,,824,,,,,1870,4043,TRUE,866,824,Raamsdonk
11391,11391_1873,1873,,833,,,,,1870,4088,TRUE,874,833,Raamsdonk
11391,11391_1874,1874,,854,,,,,1870,4188,TRUE,881,854,Raamsdonk
11391,11391_1875,1875,,861,,,,,1880,4222,TRUE,888,861,Raamsdonk
11391,11391_1876,1876,,880,,,,,1880,4313,TRUE,896,880,Raamsdonk
11391,11391_1877,1877,,898,,,,,1880,4400,TRUE,903,898,Raamsdonk
11391,11391_1878,1878,,904,,,,,1880,4430,TRUE,910,904,Raamsdonk
11391,11391_1879,1879,954,918,805,113,19,44,1880,4364,FALSE,918,891,Raamsdonk
11391,11391_1880,1880,,898,,,,,1880,4398,TRUE,929,898,Raamsdonk
11391,11391_1881,1881,,908,,,,,1880,4450,TRUE,941,908,Raamsdonk
11391,11391_1882,1882,,938,,,,,1880,4593,TRUE,952,938,Raamsdonk
11391,11391_1883,1883,,950,,,,,1880,4650,TRUE,964,950,Raamsdonk
11391,11391_1884,1884,,947,,,,,1880,4637,TRUE,976,947,Raamsdonk
11391,11391_1885,1885,,964,,,,,1880,4716,TRUE,987,964,Raamsdonk
11391,11391_1886,1886,,972,,,,,1890,4757,TRUE,999,972,Raamsdonk
11391,11391_1887,1887,,994,,,,,1890,4862,TRUE,1010,994,Raamsdonk
11391,11391_1888,1888,,1022,,,,,1890,4998,TRUE,1022,1022,Raamsdonk
11391,11391_1889,1889,1078,1034,892,142,23,23,1890,4899,FALSE,1034,1001,Raamsdonk
11391,11391_1890,1890,,1033,,,,,1890,5052,TRUE,1043,1033,Raamsdonk
11391,11391_1891,1891,,1051,,,,,1890,5136,TRUE,1052,1051,Raamsdonk
11391,11391_1892,1892,,1068,,,,,1890,5219,TRUE,1061,1068,Raamsdonk
11391,11391_1893,1893,,1078,,,,,1890,5268,TRUE,1071,1078,Raamsdonk
11391,11391_1894,1894,,1098,,,,,1890,5365,TRUE,1080,1098,Raamsdonk
11391,11391_1895,1895,,1113,,,,,1900,5437,TRUE,1089,1113,Raamsdonk
11391,11391_1896,1896,,1126,,,,,1900,5500,TRUE,1099,1126,Raamsdonk
11391,11391_1897,1897,,1130,,,,,1900,5519,TRUE,1108,1130,Raamsdonk
11391,11391_1898,1898,,1123,,,,,1900,5484,TRUE,1117,1123,Raamsdonk
11391,11391_1899,1899,1104,1127,998,129,30,54,1900,5567,FALSE,1127,1140,Raamsdonk
11391,11391_1900,1900,,1162,,,,,1900,5672,TRUE,,1162,Raamsdonk
11391,11391_1901,1901,,1179,,,,,1900,5757,TRUE,,1179,Raamsdonk
11391,11391_1902,1902,,1212,,,,,1900,5913,TRUE,,1212,Raamsdonk
11391,11391_1903,1903,,1221,,,,,1900,5961,TRUE,,1221,Raamsdonk
11391,11391_1904,1904,,1242,,,,,1900,6061,TRUE,,1242,Raamsdonk
11391,11391_1905,1905,,1246,,,,,1900,6078,TRUE,,1246,Raamsdonk
11391,11391_1906,1906,,1257,,,,,1910,6130,TRUE,,1257,Raamsdonk
11391,11391_1907,1907,,1265,,,,,1910,6170,TRUE,,1265,Raamsdonk
11391,11391_1908,1908,,1269,,,,,1910,6192,TRUE,,1269,Raamsdonk
11391,11391_1909,1909,1165,1272,,,,,1910,6204,TRUE,,1272,Raamsdonk
11391,11391_1910,1910,,1288,,,,,1910,6284,TRUE,,1288,Raamsdonk
11391,11391_1911,1911,,1292,,,,,1910,6300,TRUE,,1292,Raamsdonk
11391,11391_1912,1912,,1290,,,,,1910,6293,TRUE,,1290,Raamsdonk
11391,11391_1913,1913,,1285,,,,,1910,6268,TRUE,,1285,Raamsdonk
11391,11391_1914,1914,,1308,,,,,1910,6381,TRUE,,1308,Raamsdonk
11391,11391_1915,1915,,1321,,,,,1920,6440,TRUE,,1321,Raamsdonk
11391,11391_1916,1916,,1341,,,,,1920,6539,TRUE,,1341,Raamsdonk
11391,11391_1917,1917,,1372,,,,,1920,6686,TRUE,,1372,Raamsdonk
11391,11391_1918,1918,,1361,,,,,1920,6634,TRUE,,1361,Raamsdonk
11391,11391_1919,1919,,1363,,,,,1920,6644,TRUE,,1363,Raamsdonk
11391,11391_1920,1920,1247,1388,,,,,1920,6764,TRUE,,1388,Raamsdonk
11391,11391_1921,1921,,1422,,,,,1920,6927,TRUE,,1422,Raamsdonk
11404,11404_1849,1849,296,498,,,,,1850,,FALSE,498,,Zaandijk
11404,11404_1850,1850,,,,,,,1850,,TRUE,496,,Zaandijk
11404,11404_1851,1851,,470,,,,,1850,2334,TRUE,494,470,Zaandijk
11404,11404_1852,1852,,476,,,,,1850,2360,TRUE,492,476,Zaandijk
11404,11404_1853,1853,,476,,,,,1850,2361,TRUE,490,476,Zaandijk
11404,11404_1854,1854,,482,,,,,1850,2392,TRUE,488,482,Zaandijk
11404,11404_1855,1855,,486,,,,,1860,2411,TRUE,486,486,Zaandijk
11404,11404_1856,1856,,486,,,,,1860,2412,TRUE,484,486,Zaandijk
11404,11404_1857,1857,,486,,,,,1860,2411,TRUE,482,486,Zaandijk
11404,11404_1858,1858,,468,,,,,1860,2326,TRUE,480,468,Zaandijk
11404,11404_1859,1859,304,479,,,,,1860,2300,FALSE,479,463,Zaandijk
11404,11404_1860,1860,,465,,,,,1860,2309,TRUE,479,465,Zaandijk
11404,11404_1861,1861,,467,,,,,1860,2318,TRUE,479,467,Zaandijk
11404,11404_1862,1862,,470,,,,,1860,2333,TRUE,479,470,Zaandijk
11404,11404_1863,1863,,474,,,,,1860,2351,TRUE,479,474,Zaandijk
11404,11404_1864,1864,,472,,,,,1860,2343,TRUE,479,472,Zaandijk
11404,11404_1865,1865,,477,,,,,1860,2366,TRUE,479,477,Zaandijk
11404,11404_1866,1866,,477,,,,,1870,2369,TRUE,479,477,Zaandijk
11404,11404_1867,1867,,471,,,,,1870,2338,TRUE,479,471,Zaandijk
11404,11404_1868,1868,,461,,,,,1870,2289,TRUE,479,461,Zaandijk
11404,11404_1869,1869,610,480,,,,,1870,2205,FALSE,480,443,Zaandijk
11404,11404_1870,1870,,443,,,,,1870,2202,TRUE,480,443,Zaandijk
11404,11404_1871,1871,,450,,,,,1870,2235,TRUE,481,450,Zaandijk
11404,11404_1872,1872,,448,,,,,1870,2228,TRUE,482,448,Zaandijk
11404,11404_1873,1873,,448,,,,,1870,2225,TRUE,482,448,Zaandijk
11404,11404_1874,1874,,444,,,,,1870,2210,TRUE,483,444,Zaandijk
11404,11404_1875,1875,,441,,,,,1880,2192,TRUE,484,441,Zaandijk
11404,11404_1876,1876,,442,,,,,1880,2198,TRUE,484,442,Zaandijk
11404,11404_1877,1877,,448,,,,,1880,2229,TRUE,485,448,Zaandijk
11404,11404_1878,1878,,448,,,,,1880,2227,TRUE,486,448,Zaandijk
11404,11404_1879,1879,320,487,415,72,10,36,1880,2201,FALSE,487,443,Zaandijk
11404,11404_1880,1880,,449,,,,,1880,2230,TRUE,490,449,Zaandijk
11404,11404_1881,1881,,450,,,,,1880,2239,TRUE,493,450,Zaandijk
11404,11404_1882,1882,,460,,,,,1880,2285,TRUE,496,460,Zaandijk
11404,11404_1883,1883,,463,,,,,1880,2302,TRUE,500,463,Zaandijk
11404,11404_1884,1884,,465,,,,,1880,2311,TRUE,503,465,Zaandijk
11404,11404_1885,1885,,467,,,,,1880,2320,TRUE,506,467,Zaandijk
11404,11404_1886,1886,,471,,,,,1890,2338,TRUE,510,471,Zaandijk
11404,11404_1887,1887,,469,,,,,1890,2327,TRUE,513,469,Zaandijk
11404,11404_1888,1888,,480,,,,,1890,2381,TRUE,516,480,Zaandijk
11404,11404_1889,1889,574,520,469,51,28,38,1890,2420,FALSE,520,488,Zaandijk
11404,11404_1890,1890,,490,,,,,1890,2431,TRUE,521,490,Zaandijk
11404,11404_1891,1891,,494,,,,,1890,2449,TRUE,523,494,Zaandijk
11404,11404_1892,1892,,492,,,,,1890,2439,TRUE,524,492,Zaandijk
11404,11404_1893,1893,,501,,,,,1890,2485,TRUE,526,501,Zaandijk
11404,11404_1894,1894,,500,,,,,1890,2477,TRUE,527,500,Zaandijk
11404,11404_1895,1895,,503,,,,,1900,2492,TRUE,529,503,Zaandijk
11404,11404_1896,1896,,506,,,,,1900,2509,TRUE,530,506,Zaandijk
11404,11404_1897,1897,,509,,,,,1900,2523,TRUE,532,509,Zaandijk
11404,11404_1898,1898,,502,,,,,1900,2486,TRUE,533,502,Zaandijk
11404,11404_1899,1899,584,535,481,54,18,46,1900,2480,FALSE,535,500,Zaandijk
11404,11404_1900,1900,,495,,,,,1900,2456,TRUE,,495,Zaandijk
11404,11404_1901,1901,,495,,,,,1900,2452,TRUE,,495,Zaandijk
11404,11404_1902,1902,,488,,,,,1900,2421,TRUE,,488,Zaandijk
11404,11404_1903,1903,,489,,,,,1900,2425,TRUE,,489,Zaandijk
11404,11404_1904,1904,,492,,,,,1900,2439,TRUE,,492,Zaandijk
11404,11404_1905,1905,,493,,,,,1900,2443,TRUE,,493,Zaandijk
11404,11404_1906,1906,,497,,,,,1910,2465,TRUE,,497,Zaandijk
11404,11404_1907,1907,,494,,,,,1910,2451,TRUE,,494,Zaandijk
11404,11404_1908,1908,,509,,,,,1910,2521,TRUE,,509,Zaandijk
11404,11404_1909,1909,687,517,,,,,1910,2562,TRUE,,517,Zaandijk
11404,11404_1910,1910,,544,,,,,1910,2689,TRUE,,544,Zaandijk
11404,11404_1911,1911,,571,,,,,1910,2821,TRUE,,571,Zaandijk
11404,11404_1912,1912,,577,,,,,1910,2848,TRUE,,577,Zaandijk
11404,11404_1913,1913,,579,,,,,1910,2859,TRUE,,579,Zaandijk
11404,11404_1914,1914,,578,,,,,1910,2853,TRUE,,578,Zaandijk
11404,11404_1915,1915,,574,,,,,1920,2837,TRUE,,574,Zaandijk
11404,11404_1916,1916,,577,,,,,1920,2851,TRUE,,577,Zaandijk
11404,11404_1917,1917,,575,,,,,1920,2842,TRUE,,575,Zaandijk
11404,11404_1918,1918,,580,,,,,1920,2862,TRUE,,580,Zaandijk
11404,11404_1919,1919,,578,,,,,1920,2857,TRUE,,578,Zaandijk
11404,11404_1920,1920,775,578,,,,,1920,2853,TRUE,,578,Zaandijk
11404,11404_1921,1921,,611,,,,,1920,3012,TRUE,,611,Zaandijk
11408,11408_1849,1849,446,585,,,,,1850,,FALSE,585,,Hulst
11408,11408_1850,1850,,,,,,,1850,,TRUE,575,,Hulst
11408,11408_1851,1851,,470,,,,,1850,2333,TRUE,566,470,Hulst
11408,11408_1852,1852,,479,,,,,1850,2375,TRUE,556,479,Hulst
11408,11408_1853,1853,,479,,,,,1850,2379,TRUE,547,479,Hulst
11408,11408_1854,1854,,485,,,,,1850,2406,TRUE,537,485,Hulst
11408,11408_1855,1855,,481,,,,,1860,2385,TRUE,528,481,Hulst
11408,11408_1856,1856,,480,,,,,1860,2383,TRUE,518,480,Hulst
11408,11408_1857,1857,,474,,,,,1860,2354,TRUE,509,474,Hulst
11408,11408_1858,1858,,467,,,,,1860,2317,TRUE,499,467,Hulst
11408,11408_1859,1859,414,490,,,,,1860,2284,FALSE,490,460,Hulst
11408,11408_1860,1860,,464,,,,,1860,2305,TRUE,488,464,Hulst
11408,11408_1861,1861,,461,,,,,1860,2289,TRUE,486,461,Hulst
11408,11408_1862,1862,,460,,,,,1860,2283,TRUE,484,460,Hulst
11408,11408_1863,1863,,459,,,,,1860,2281,TRUE,482,459,Hulst
11408,11408_1864,1864,,462,,,,,1860,2294,TRUE,481,462,Hulst
11408,11408_1865,1865,,455,,,,,1860,2261,TRUE,479,455,Hulst
11408,11408_1866,1866,,454,,,,,1870,2257,TRUE,477,454,Hulst
11408,11408_1867,1867,,456,,,,,1870,2267,TRUE,475,456,Hulst
11408,11408_1868,1868,,458,,,,,1870,2274,TRUE,473,458,Hulst
11408,11408_1869,1869,460,472,,,,,1870,2264,FALSE,472,456,Hulst
11408,11408_1870,1870,,459,,,,,1870,2282,TRUE,474,459,Hulst
11408,11408_1871,1871,,468,,,,,1870,2324,TRUE,477,468,Hulst
11408,11408_1872,1872,,462,,,,,1870,2296,TRUE,480,462,Hulst
11408,11408_1873,1873,,458,,,,,1870,2277,TRUE,483,458,Hulst
11408,11408_1874,1874,,460,,,,,1870,2285,TRUE,486,460,Hulst
11408,11408_1875,1875,,466,,,,,1880,2312,TRUE,488,466,Hulst
11408,11408_1876,1876,,470,,,,,1880,2334,TRUE,491,470,Hulst
11408,11408_1877,1877,,476,,,,,1880,2361,TRUE,494,476,Hulst
11408,11408_1878,1878,,479,,,,,1880,2377,TRUE,497,479,Hulst
11408,11408_1879,1879,455,500,390,110,36,69,1880,2429,FALSE,500,490,Hulst
11408,11408_1880,1880,,474,,,,,1880,2355,TRUE,501,474,Hulst
11408,11408_1881,1881,,481,,,,,1880,2386,TRUE,502,481,Hulst
11408,11408_1882,1882,,482,,,,,1880,2390,TRUE,503,482,Hulst
11408,11408_1883,1883,,486,,,,,1880,2413,TRUE,505,486,Hulst
11408,11408_1884,1884,,487,,,,,1880,2417,TRUE,506,487,Hulst
11408,11408_1885,1885,,482,,,,,1880,2390,TRUE,507,482,Hulst
11408,11408_1886,1886,,485,,,,,1890,2408,TRUE,509,485,Hulst
11408,11408_1887,1887,,491,,,,,1890,2436,TRUE,510,491,Hulst
11408,11408_1888,1888,,495,,,,,1890,2453,TRUE,511,495,Hulst
11408,11408_1889,1889,,513,413,100,22,27,1890,2415,FALSE,513,487,Hulst
11408,11408_1890,1890,,486,,,,,1890,2411,TRUE,519,486,Hulst
11408,11408_1891,1891,,489,,,,,1890,2424,TRUE,526,489,Hulst
11408,11408_1892,1892,,496,,,,,1890,2458,TRUE,533,496,Hulst
11408,11408_1893,1893,,497,,,,,1890,2463,TRUE,540,497,Hulst
11408,11408_1894,1894,,505,,,,,1890,2504,TRUE,547,505,Hulst
11408,11408_1895,1895,,508,,,,,1900,2516,TRUE,554,508,Hulst
11408,11408_1896,1896,,527,,,,,1900,2610,TRUE,561,527,Hulst
11408,11408_1897,1897,,538,,,,,1900,2664,TRUE,568,538,Hulst
11408,11408_1898,1898,,548,,,,,1900,2709,TRUE,575,548,Hulst
11408,11408_1899,1899,549,582,474,108,27,42,1900,2804,FALSE,582,567,Hulst
11408,11408_1900,1900,,567,,,,,1900,2804,TRUE,,567,Hulst
11408,11408_1901,1901,,585,,,,,1900,2887,TRUE,,585,Hulst
11408,11408_1902,1902,,595,,,,,1900,2938,TRUE,,595,Hulst
11408,11408_1903,1903,,610,,,,,1900,3007,TRUE,,610,Hulst
11408,11408_1904,1904,,627,,,,,1900,3092,TRUE,,627,Hulst
11408,11408_1905,1905,,635,,,,,1900,3132,TRUE,,635,Hulst
11408,11408_1906,1906,,656,,,,,1910,3231,TRUE,,656,Hulst
11408,11408_1907,1907,,660,,,,,1910,3252,TRUE,,660,Hulst
11408,11408_1908,1908,,659,,,,,1910,3245,TRUE,,659,Hulst
11408,11408_1909,1909,649,667,,,,,1910,3286,TRUE,,667,Hulst
11408,11408_1910,1910,,692,,,,,1910,3406,TRUE,,692,Hulst
11408,11408_1911,1911,,683,,,,,1910,3361,TRUE,,683,Hulst
11408,11408_1912,1912,,693,,,,,1910,3409,TRUE,,693,Hulst
11408,11408_1913,1913,,706,,,,,1910,3473,TRUE,,706,Hulst
11408,11408_1914,1914,,721,,,,,1910,3546,TRUE,,721,Hulst
11408,11408_1915,1915,,728,,,,,1920,3579,TRUE,,728,Hulst
11408,11408_1916,1916,,742,,,,,1920,3645,TRUE,,742,Hulst
11408,11408_1917,1917,,762,,,,,1920,3741,TRUE,,762,Hulst
11408,11408_1918,1918,,776,,,,,1920,3809,TRUE,,776,Hulst
11408,11408_1919,1919,,790,,,,,1920,3876,TRUE,,790,Hulst
11408,11408_1920,1920,704,785,,,,,1920,3852,TRUE,,785,Hulst
11408,11408_1921,1921,,785,,,,,1920,3855,TRUE,,785,Hulst
11414,11414_1849,1849,217,233,,,,,1850,,FALSE,233,,"Vessem, Wintelre en Knegsel"
11414,11414_1850,1850,,,,,,,1850,,TRUE,233,,"Vessem, Wintelre en Knegsel"
11414,11414_1851,1851,,251,,,,,1850,1274,TRUE,234,251,"Vessem, Wintelre en Knegsel"
11414,11414_1852,1852,,249,,,,,1850,1268,TRUE,234,249,"Vessem, Wintelre en Knegsel"
11414,11414_1853,1853,,240,,,,,1850,1221,TRUE,235,240,"Vessem, Wintelre en Knegsel"
11414,11414_1854,1854,,233,,,,,1850,1190,TRUE,235,233,"Vessem, Wintelre en Knegsel"
11414,11414_1855,1855,,237,,,,,1860,1210,TRUE,236,237,"Vessem, Wintelre en Knegsel"
11414,11414_1856,1856,,235,,,,,1860,1200,TRUE,236,235,"Vessem, Wintelre en Knegsel"
11414,11414_1857,1857,,233,,,,,1860,1187,TRUE,237,233,"Vessem, Wintelre en Knegsel"
11414,11414_1858,1858,,238,,,,,1860,1212,TRUE,237,238,"Vessem, Wintelre en Knegsel"
11414,11414_1859,1859,225,238,,,,,1860,1180,FALSE,238,231,"Vessem, Wintelre en Knegsel"
11414,11414_1860,1860,,228,,,,,1860,1165,TRUE,239,228,"Vessem, Wintelre en Knegsel"
11414,11414_1861,1861,,231,,,,,1860,1180,TRUE,240,231,"Vessem, Wintelre en Knegsel"
11414,11414_1862,1862,,222,,,,,1860,1134,TRUE,241,222,"Vessem, Wintelre en Knegsel"
11414,11414_1863,1863,,223,,,,,1860,1142,TRUE,243,223,"Vessem, Wintelre en Knegsel"
11414,11414_1864,1864,,220,,,,,1860,1129,TRUE,244,220,"Vessem, Wintelre en Knegsel"
11414,11414_1865,1865,,221,,,,,1860,1133,TRUE,245,221,"Vessem, Wintelre en Knegsel"
11414,11414_1866,1866,,223,,,,,1870,1140,TRUE,247,223,"Vessem, Wintelre en Knegsel"
11414,11414_1867,1867,,225,,,,,1870,1152,TRUE,248,225,"Vessem, Wintelre en Knegsel"
11414,11414_1868,1868,,229,,,,,1870,1170,TRUE,249,229,"Vessem, Wintelre en Knegsel"
11414,11414_1869,1869,251,251,,,,,1870,1164,FALSE,251,228,"Vessem, Wintelre en Knegsel"
11414,11414_1870,1870,,229,,,,,1870,1168,TRUE,248,229,"Vessem, Wintelre en Knegsel"
11414,11414_1871,1871,,226,,,,,1870,1157,TRUE,246,226,"Vessem, Wintelre en Knegsel"
11414,11414_1872,1872,,226,,,,,1870,1157,TRUE,243,226,"Vessem, Wintelre en Knegsel"
11414,11414_1873,1873,,223,,,,,1870,1143,TRUE,241,223,"Vessem, Wintelre en Knegsel"
11414,11414_1874,1874,,223,,,,,1870,1139,TRUE,238,223,"Vessem, Wintelre en Knegsel"
11414,11414_1875,1875,,222,,,,,1880,1137,TRUE,236,222,"Vessem, Wintelre en Knegsel"
11414,11414_1876,1876,,218,,,,,1880,1115,TRUE,233,218,"Vessem, Wintelre en Knegsel"
11414,11414_1877,1877,,220,,,,,1880,1126,TRUE,231,220,"Vessem, Wintelre en Knegsel"
11414,11414_1878,1878,,219,,,,,1880,1121,TRUE,228,219,"Vessem, Wintelre en Knegsel"
11414,11414_1879,1879,242,226,186,40,7,7,1880,1111,FALSE,226,217,"Vessem, Wintelre en Knegsel"
11414,11414_1880,1880,,221,,,,,1880,1132,TRUE,226,221,"Vessem, Wintelre en Knegsel"
11414,11414_1881,1881,,218,,,,,1880,1119,TRUE,226,218,"Vessem, Wintelre en Knegsel"
11414,11414_1882,1882,,218,,,,,1880,1119,TRUE,226,218,"Vessem, Wintelre en Knegsel"
11414,11414_1883,1883,,219,,,,,1880,1123,TRUE,226,219,"Vessem, Wintelre en Knegsel"
11414,11414_1884,1884,,219,,,,,1880,1120,TRUE,226,219,"Vessem, Wintelre en Knegsel"
11414,11414_1885,1885,,213,,,,,1880,1093,TRUE,226,213,"Vessem, Wintelre en Knegsel"
11414,11414_1886,1886,,210,,,,,1890,1080,TRUE,226,210,"Vessem, Wintelre en Knegsel"
11414,11414_1887,1887,,208,,,,,1890,1067,TRUE,226,208,"Vessem, Wintelre en Knegsel"
11414,11414_1888,1888,,210,,,,,1890,1079,TRUE,226,210,"Vessem, Wintelre en Knegsel"
11414,11414_1889,1889,230,226,192,34,5,1,1890,1094,FALSE,226,213,"Vessem, Wintelre en Knegsel"
11414,11414_1890,1890,,214,,,,,1890,1096,TRUE,225,214,"Vessem, Wintelre en Knegsel"
11414,11414_1891,1891,,216,,,,,1890,1109,TRUE,224,216,"Vessem, Wintelre en Knegsel"
11414,11414_1892,1892,,215,,,,,1890,1104,TRUE,223,215,"Vessem, Wintelre en Knegsel"
11414,11414_1893,1893,,219,,,,,1890,1120,TRUE,222,219,"Vessem, Wintelre en Knegsel"
11414,11414_1894,1894,,218,,,,,1890,1115,TRUE,221,218,"Vessem, Wintelre en Knegsel"
11414,11414_1895,1895,,219,,,,,1900,1120,TRUE,220,219,"Vessem, Wintelre en Knegsel"
11414,11414_1896,1896,,223,,,,,1900,1143,TRUE,219,223,"Vessem, Wintelre en Knegsel"
11414,11414_1897,1897,,226,,,,,1900,1158,TRUE,218,226,"Vessem, Wintelre en Knegsel"
11414,11414_1898,1898,,225,,,,,1900,1152,TRUE,217,225,"Vessem, Wintelre en Knegsel"
11414,11414_1899,1899,221,217,191,26,3,1,1900,1119,FALSE,217,218,"Vessem, Wintelre en Knegsel"
11414,11414_1900,1900,,217,,,,,1900,1111,TRUE,,217,"Vessem, Wintelre en Knegsel"
11414,11414_1901,1901,,217,,,,,1900,1113,TRUE,,217,"Vessem, Wintelre en Knegsel"
11414,11414_1902,1902,,219,,,,,1900,1122,TRUE,,219,"Vessem, Wintelre en Knegsel"
11414,11414_1903,1903,,221,,,,,1900,1133,TRUE,,221,"Vessem, Wintelre en Knegsel"
11414,11414_1904,1904,,222,,,,,1900,1135,TRUE,,222,"Vessem, Wintelre en Knegsel"
11414,11414_1905,1905,,219,,,,,1900,1124,TRUE,,219,"Vessem, Wintelre en Knegsel"
11414,11414_1906,1906,,222,,,,,1910,1134,TRUE,,222,"Vessem, Wintelre en Knegsel"
11414,11414_1907,1907,,222,,,,,1910,1134,TRUE,,222,"Vessem, Wintelre en Knegsel"
11414,11414_1908,1908,,224,,,,,1910,1146,TRUE,,224,"Vessem, Wintelre en Knegsel"
11414,11414_1909,1909,224,220,,,,,1910,1128,TRUE,,220,"Vessem, Wintelre en Knegsel"
11414,11414_1910,1910,,218,,,,,1910,1117,TRUE,,218,"Vessem, Wintelre en Knegsel"
11414,11414_1911,1911,,217,,,,,1910,1111,TRUE,,217,"Vessem, Wintelre en Knegsel"
11414,11414_1912,1912,,218,,,,,1910,1116,TRUE,,218,"Vessem, Wintelre en Knegsel"
11414,11414_1913,1913,,222,,,,,1910,1134,TRUE,,222,"Vessem, Wintelre en Knegsel"
11414,11414_1914,1914,,229,,,,,1910,1168,TRUE,,229,"Vessem, Wintelre en Knegsel"
11414,11414_1915,1915,,231,,,,,1920,1180,TRUE,,231,"Vessem, Wintelre en Knegsel"
11414,11414_1916,1916,,231,,,,,1920,1182,TRUE,,231,"Vessem, Wintelre en Knegsel"
11414,11414_1917,1917,,234,,,,,1920,1194,TRUE,,234,"Vessem, Wintelre en Knegsel"
11414,11414_1918,1918,,230,,,,,1920,1175,TRUE,,230,"Vessem, Wintelre en Knegsel"
11414,11414_1919,1919,,233,,,,,1920,1191,TRUE,,233,"Vessem, Wintelre en Knegsel"
11414,11414_1920,1920,230,232,,,,,1920,1186,TRUE,,232,"Vessem, Wintelre en Knegsel"
11414,11414_1921,1921,,236,,,,,1920,1202,TRUE,,236,"Vessem, Wintelre en Knegsel"
11416,11416_1849,1849,243,279,,,,,1850,,FALSE,279,,Meerlo
11416,11416_1850,1850,,,,,,,1850,,TRUE,281,,Meerlo
11416,11416_1851,1851,,266,,,,,1850,1348,TRUE,283,266,Meerlo
11416,11416_1852,1852,,276,,,,,1850,1399,TRUE,285,276,Meerlo
11416,11416_1853,1853,,270,,,,,1850,1367,TRUE,288,270,Meerlo
11416,11416_1854,1854,,269,,,,,1850,1364,TRUE,290,269,Meerlo
11416,11416_1855,1855,,272,,,,,1860,1378,TRUE,292,272,Meerlo
11416,11416_1856,1856,,277,,,,,1860,1403,TRUE,295,277,Meerlo
11416,11416_1857,1857,,282,,,,,1860,1428,TRUE,297,282,Meerlo
11416,11416_1858,1858,,283,,,,,1860,1431,TRUE,299,283,Meerlo
11416,11416_1859,1859,296,302,,,,,1860,1509,FALSE,302,299,Meerlo
11416,11416_1860,1860,,304,,,,,1860,1534,TRUE,303,304,Meerlo
11416,11416_1861,1861,,304,,,,,1860,1530,TRUE,305,304,Meerlo
11416,11416_1862,1862,,308,,,,,1860,1550,TRUE,306,308,Meerlo
11416,11416_1863,1863,,310,,,,,1860,1563,TRUE,308,310,Meerlo
11416,11416_1864,1864,,307,,,,,1860,1549,TRUE,310,307,Meerlo
11416,11416_1865,1865,,307,,,,,1860,1549,TRUE,311,307,Meerlo
11416,11416_1866,1866,,307,,,,,1870,1549,TRUE,313,307,Meerlo
11416,11416_1867,1867,,310,,,,,1870,1562,TRUE,314,310,Meerlo
11416,11416_1868,1868,,312,,,,,1870,1573,TRUE,316,312,Meerlo
11416,11416_1869,1869,317,318,,,,,1870,1537,FALSE,318,305,Meerlo
11416,11416_1870,1870,,304,,,,,1870,1532,TRUE,319,304,Meerlo
11416,11416_1871,1871,,306,,,,,1870,1540,TRUE,321,306,Meerlo
11416,11416_1872,1872,,300,,,,,1870,1513,TRUE,322,300,Meerlo
11416,11416_1873,1873,,296,,,,,1870,1494,TRUE,324,296,Meerlo
11416,11416_1874,1874,,301,,,,,1870,1516,TRUE,326,301,Meerlo
11416,11416_1875,1875,,300,,,,,1880,1515,TRUE,327,300,Meerlo
11416,11416_1876,1876,,306,,,,,1880,1542,TRUE,329,306,Meerlo
11416,11416_1877,1877,,312,,,,,1880,1572,TRUE,330,312,Meerlo
11416,11416_1878,1878,,313,,,,,1880,1575,TRUE,332,313,Meerlo
11416,11416_1879,1879,346,334,296,38,3,9,1880,1576,FALSE,334,313,Meerlo
11416,11416_1880,1880,,311,,,,,1880,1568,TRUE,332,311,Meerlo
11416,11416_1881,1881,,313,,,,,1880,1577,TRUE,331,313,Meerlo
11416,11416_1882,1882,,315,,,,,1880,1587,TRUE,330,315,Meerlo
11416,11416_1883,1883,,316,,,,,1880,1588,TRUE,329,316,Meerlo
11416,11416_1884,1884,,324,,,,,1880,1628,TRUE,328,324,Meerlo
11416,11416_1885,1885,,328,,,,,1880,1649,TRUE,327,328,Meerlo
11416,11416_1886,1886,,336,,,,,1890,1687,TRUE,326,336,Meerlo
11416,11416_1887,1887,,332,,,,,1890,1667,TRUE,325,332,Meerlo
11416,11416_1888,1888,,335,,,,,1890,1680,TRUE,324,335,Meerlo
11416,11416_1889,1889,,314,,,,,1890,1580,TRUE,323,314,Meerlo
11416,11416_1890,1890,,318,,,,,1890,1600,TRUE,321,318,Meerlo
11416,11416_1891,1891,,322,,,,,1890,1620,TRUE,320,322,Meerlo
11416,11416_1892,1892,,326,,,,,1890,1637,TRUE,319,326,Meerlo
11416,11416_1893,1893,,327,,,,,1890,1643,TRUE,318,327,Meerlo
11416,11416_1894,1894,,330,,,,,1890,1658,TRUE,317,330,Meerlo
11416,11416_1895,1895,,330,,,,,1900,1657,TRUE,316,330,Meerlo
11416,11416_1896,1896,,330,,,,,1900,1656,TRUE,315,330,Meerlo
11416,11416_1897,1897,,333,,,,,1900,1670,TRUE,314,333,Meerlo
11416,11416_1898,1898,,336,,,,,1900,1686,TRUE,313,336,Meerlo
11416,11416_1899,1899,324,312,279,33,5,6,1900,1585,FALSE,312,315,Meerlo
11416,11416_1900,1900,,314,,,,,1900,1578,TRUE,,314,Meerlo
11416,11416_1901,1901,,312,,,,,1900,1572,TRUE,,312,Meerlo
11416,11416_1902,1902,,311,,,,,1900,1568,TRUE,,311,Meerlo
11416,11416_1903,1903,,318,,,,,1900,1598,TRUE,,318,Meerlo
11416,11416_1904,1904,,321,,,,,1900,1616,TRUE,,321,Meerlo
11416,11416_1905,1905,,321,,,,,1900,1616,TRUE,,321,Meerlo
11416,11416_1906,1906,,330,,,,,1910,1657,TRUE,,330,Meerlo
11416,11416_1907,1907,,338,,,,,1910,1695,TRUE,,338,Meerlo
11416,11416_1908,1908,,335,,,,,1910,1682,TRUE,,335,Meerlo
11416,11416_1909,1909,330,334,,,,,1910,1676,TRUE,,334,Meerlo
11416,11416_1910,1910,,340,,,,,1910,1705,TRUE,,340,Meerlo
11416,11416_1911,1911,,345,,,,,1910,1730,TRUE,,345,Meerlo
11416,11416_1912,1912,,348,,,,,1910,1745,TRUE,,348,Meerlo
11416,11416_1913,1913,,359,,,,,1910,1796,TRUE,,359,Meerlo
11416,11416_1914,1914,,369,,,,,1910,1846,TRUE,,369,Meerlo
11416,11416_1915,1915,,381,,,,,1920,1902,TRUE,,381,Meerlo
11416,11416_1916,1916,,393,,,,,1920,1960,TRUE,,393,Meerlo
11416,11416_1917,1917,,414,,,,,1920,2062,TRUE,,414,Meerlo
11416,11416_1918,1918,,424,,,,,1920,2109,TRUE,,424,Meerlo
11416,11416_1919,1919,,423,,,,,1920,2105,TRUE,,423,Meerlo
11416,11416_1920,1920,379,414,,,,,1920,2061,TRUE,,414,Meerlo
11416,11416_1921,1921,,416,,,,,1920,2072,TRUE,,416,Meerlo
